INFO 2026-02-07 19:11:32,808 autoreload 25048 20260 Watching for file changes with StatReloader
INFO 2026-02-07 19:11:41,705 autoreload 25048 20260 C:\Users\TJ Rash\Desktop\INFNITE MARKET\E_COMMERCE\api\views.py changed, reloading.
INFO 2026-02-07 19:11:43,744 autoreload 8860 25660 Watching for file changes with StatReloader
INFO 2026-02-07 19:11:58,201 autoreload 8860 25660 C:\Users\TJ Rash\Desktop\INFNITE MARKET\E_COMMERCE\api\urls.py changed, reloading.
INFO 2026-02-07 19:12:00,589 autoreload 25128 21924 Watching for file changes with StatReloader
WARNING 2026-02-07 19:13:17,468 log 25128 23104 Bad Request: /api/cart/checkout/
INFO 2026-02-07 19:14:02,716 views 25128 15716 Payment initiation requested for order 13 by user buyertwo@gmail.com
INFO 2026-02-07 19:14:03,024 views 25128 15716 Order found: 13, total amount: 20.00
INFO 2026-02-07 19:14:03,371 views 25128 15716 Payment data validated: OrderedDict({'payment_type': 'initiate_pay'})
INFO 2026-02-07 19:14:03,371 payment_service 25128 15716 FapshiPaymentService initialized:
INFO 2026-02-07 19:14:03,371 payment_service 25128 15716   Base URL: https://sandbox.fapshi.com
INFO 2026-02-07 19:14:03,372 payment_service 25128 15716   API User: 25917560-52cc-49f2-9f4e-59661b816b12
INFO 2026-02-07 19:14:03,372 payment_service 25128 15716   API Key set: Yes
INFO 2026-02-07 19:14:03,372 payment_service 25128 15716 Creating payment for order 13
INFO 2026-02-07 19:14:03,372 payment_service 25128 15716 Order total amount: 20.00
INFO 2026-02-07 19:14:03,372 payment_service 25128 15716 Payment type: initiate_pay
INFO 2026-02-07 19:14:03,689 payment_service 25128 15716 User details: buyertwo@gmail.com, ID: 64
INFO 2026-02-07 19:14:04,039 payment_service 25128 15716 Payment record created with ID: 3
INFO 2026-02-07 19:14:04,040 payment_service 25128 15716 Initiating payment link request:
INFO 2026-02-07 19:14:04,040 payment_service 25128 15716   URL: https://sandbox.fapshi.com/initiate-pay
INFO 2026-02-07 19:14:04,040 payment_service 25128 15716   Payload: {
  "amount": 20,
  "email": "buyertwo@gmail.com",
  "userId": "64",
  "externalId": "order_13",
  "message": "Payment for Order #13"
}
INFO 2026-02-07 19:14:04,041 payment_service 25128 15716   Headers: {'Content-Type': 'application/json', 'apikey': 'FAK_TEST_a0fcb2cb788bad459442', 'apiuser': '25917560-52cc-49f2-9f4e-59661b816b12'}
INFO 2026-02-07 19:14:06,151 payment_service 25128 15716 Response status code: 400
INFO 2026-02-07 19:14:06,151 payment_service 25128 15716 Response headers: {'content-type': 'application/json; charset=utf-8', 'access-control-allow-origin': '*', 'content-security-policy': "default-src 'self';base-uri 'self';font-src 'self' https: data:;form-action 'self';frame-ancestors 'self';img-src 'self' data:;object-src 'none';script-src 'self';script-src-attr 'none';style-src 'self' https: 'unsafe-inline';upgrade-insecure-requests", 'cross-origin-opener-policy': 'same-origin', 'cross-origin-resource-policy': 'same-origin', 'origin-agent-cluster': '?1', 'referrer-policy': 'no-referrer', 'strict-transport-security': 'max-age=31536000; includeSubDomains', 'x-content-type-options': 'nosniff', 'x-dns-prefetch-control': 'off', 'x-download-options': 'noopen', 'x-frame-options': 'SAMEORIGIN', 'x-permitted-cross-domain-policies': 'none', 'x-xss-protection': '0', 'access-control-allow-headers': 'Origin, Content-Type, Accept, apiUser, apiKey', 'etag': 'W/"3c-Q9Lr08gTH7RO4vvbgDZqXFENes0"', 'x-cloud-trace-context': '2264d240575f27d6d7b799c0a9e2848d;o=1', 'date': 'Sat, 07 Feb 2026 18:14:07 GMT', 'server': 'Google Frontend', 'Content-Length': '60'}
ERROR 2026-02-07 19:14:06,152 payment_service 25128 15716 HTTP Error: 400
ERROR 2026-02-07 19:14:06,152 payment_service 25128 15716 Response body: {"message":"Transaction amount cannot be less than 100 XAF"}
INFO 2026-02-07 19:14:06,154 payment_service 25128 15716 Payment link initiation result: {'error': 'HTTP 400', 'message': 'HTTP error occurred: 400'}
ERROR 2026-02-07 19:14:06,155 payment_service 25128 15716 Payment link generation failed: {'error': 'HTTP 400', 'message': 'HTTP error occurred: 400'}
INFO 2026-02-07 19:14:06,626 views 25128 15716 Payment creation result: {'success': False, 'message': 'HTTP error occurred: 400', 'error': 'HTTP 400'}
ERROR 2026-02-07 19:14:06,626 views 25128 15716 Payment initiation failed for order 13: {'success': False, 'message': 'HTTP error occurred: 400', 'error': 'HTTP 400'}
WARNING 2026-02-07 19:14:06,627 log 25128 15716 Bad Request: /api/orders/13/pay/
INFO 2026-02-07 19:15:11,531 autoreload 25128 21924 C:\Users\TJ Rash\Desktop\INFNITE MARKET\E_COMMERCE\api\payment_service.py changed, reloading.
INFO 2026-02-07 19:15:14,180 autoreload 6520 22184 Watching for file changes with StatReloader
INFO 2026-02-07 19:15:19,884 autoreload 6520 22184 C:\Users\TJ Rash\Desktop\INFNITE MARKET\E_COMMERCE\api\views.py changed, reloading.
INFO 2026-02-07 19:15:22,177 autoreload 18748 6356 Watching for file changes with StatReloader
INFO 2026-02-07 19:16:54,927 views 18748 23664 Payment initiation requested for order 14 by user buyertwo@gmail.com
INFO 2026-02-07 19:16:55,223 views 18748 23664 Order found: 14, total amount: 7030.00
INFO 2026-02-07 19:16:55,524 views 18748 23664 Payment data validated: OrderedDict({'payment_type': 'initiate_pay'})
INFO 2026-02-07 19:16:55,525 payment_service 18748 23664 FapshiPaymentService initialized:
INFO 2026-02-07 19:16:55,525 payment_service 18748 23664   Base URL: https://sandbox.fapshi.com
INFO 2026-02-07 19:16:55,525 payment_service 18748 23664   API User: 25917560-52cc-49f2-9f4e-59661b816b12
INFO 2026-02-07 19:16:55,525 payment_service 18748 23664   API Key set: Yes
INFO 2026-02-07 19:16:55,527 payment_service 18748 23664 Creating payment for order 14
INFO 2026-02-07 19:16:55,529 payment_service 18748 23664 Order total amount: 7030.00
INFO 2026-02-07 19:16:55,529 payment_service 18748 23664 Payment type: initiate_pay
INFO 2026-02-07 19:16:55,823 payment_service 18748 23664 User details: buyertwo@gmail.com, ID: 64
INFO 2026-02-07 19:16:56,176 payment_service 18748 23664 Payment record created with ID: 4
INFO 2026-02-07 19:16:56,177 payment_service 18748 23664 Initiating payment link request:
INFO 2026-02-07 19:16:56,178 payment_service 18748 23664   URL: https://sandbox.fapshi.com/initiate-pay
INFO 2026-02-07 19:16:56,178 payment_service 18748 23664   Payload: {
  "amount": 7030,
  "email": "buyertwo@gmail.com",
  "userId": "64",
  "externalId": "order_14",
  "message": "Payment for Order #14"
}
INFO 2026-02-07 19:16:56,179 payment_service 18748 23664   Headers: {'Content-Type': 'application/json', 'apikey': 'FAK_TEST_a0fcb2cb788bad459442', 'apiuser': '25917560-52cc-49f2-9f4e-59661b816b12'}
INFO 2026-02-07 19:16:58,567 payment_service 18748 23664 Response status code: 200
INFO 2026-02-07 19:16:58,568 payment_service 18748 23664 Response headers: {'content-type': 'application/json; charset=utf-8', 'vary': 'Accept-Encoding', 'access-control-allow-origin': '*', 'content-security-policy': "default-src 'self';base-uri 'self';font-src 'self' https: data:;form-action 'self';frame-ancestors 'self';img-src 'self' data:;object-src 'none';script-src 'self';script-src-attr 'none';style-src 'self' https: 'unsafe-inline';upgrade-insecure-requests", 'cross-origin-opener-policy': 'same-origin', 'cross-origin-resource-policy': 'same-origin', 'origin-agent-cluster': '?1', 'referrer-policy': 'no-referrer', 'strict-transport-security': 'max-age=31536000; includeSubDomains', 'x-content-type-options': 'nosniff', 'x-dns-prefetch-control': 'off', 'x-download-options': 'noopen', 'x-frame-options': 'SAMEORIGIN', 'x-permitted-cross-domain-policies': 'none', 'x-xss-protection': '0', 'access-control-allow-headers': 'Origin, Content-Type, Accept, apiUser, apiKey', 'etag': 'W/"ad-KSo4Kk7hAYtSpQ7zqcEaDrbqZfI"', 'content-encoding': 'gzip', 'x-cloud-trace-context': '170934446bf364bb7df521dd7ef15eba;o=1', 'date': 'Sat, 07 Feb 2026 18:17:00 GMT', 'server': 'Google Frontend', 'Transfer-Encoding': 'chunked'}
INFO 2026-02-07 19:16:58,568 payment_service 18748 23664 Response data: {
  "message": "Request successful",
  "link": "https://checkout.fapshi.com/test/payment/6987819cc9b265f862b5175f",
  "transId": "LkV2eEPZfn",
  "dateInitiated": "2026-02-07T18:17:00.034Z"
}
INFO 2026-02-07 19:16:58,570 payment_service 18748 23664 Payment link initiation result: {'message': 'Request successful', 'link': 'https://checkout.fapshi.com/test/payment/6987819cc9b265f862b5175f', 'transId': 'LkV2eEPZfn', 'dateInitiated': '2026-02-07T18:17:00.034Z'}
INFO 2026-02-07 19:16:58,571 payment_service 18748 23664 Payment link generated successfully
INFO 2026-02-07 19:16:58,571 payment_service 18748 23664 Payment link set: https://checkout.fapshi.com/test/payment/6987819cc9b265f862b5175f
INFO 2026-02-07 19:16:58,572 payment_service 18748 23664 Payment date initiated: 2026-02-07 18:17:00.034000+00:00
INFO 2026-02-07 19:16:58,864 payment_service 18748 23664 Payment record updated successfully
INFO 2026-02-07 19:16:58,865 views 18748 23664 Payment creation result: {'success': True, 'payment_id': 4, 'trans_id': 'LkV2eEPZfn', 'payment_link': 'https://checkout.fapshi.com/test/payment/6987819cc9b265f862b5175f', 'message': 'Request successful'}
INFO 2026-02-07 19:16:58,865 views 18748 23664 Payment initiated successfully for order 14
INFO 2026-02-07 19:21:41,234 views 18748 13576 Payment initiation requested for order 15 by user buyertwo@gmail.com
INFO 2026-02-07 19:21:41,532 views 18748 13576 Order found: 15, total amount: 6520.00
INFO 2026-02-07 19:21:41,983 views 18748 13576 Payment data validated: OrderedDict({'payment_type': 'initiate_pay'})
INFO 2026-02-07 19:21:41,983 payment_service 18748 13576 FapshiPaymentService initialized:
INFO 2026-02-07 19:21:41,984 payment_service 18748 13576   Base URL: https://sandbox.fapshi.com
INFO 2026-02-07 19:21:41,984 payment_service 18748 13576   API User: 25917560-52cc-49f2-9f4e-59661b816b12
INFO 2026-02-07 19:21:41,984 payment_service 18748 13576   API Key set: Yes
INFO 2026-02-07 19:21:41,984 payment_service 18748 13576 Creating payment for order 15
INFO 2026-02-07 19:21:41,985 payment_service 18748 13576 Order total amount: 6520.00
INFO 2026-02-07 19:21:41,985 payment_service 18748 13576 Payment type: initiate_pay
INFO 2026-02-07 19:21:42,297 payment_service 18748 13576 User details: buyertwo@gmail.com, ID: 64
INFO 2026-02-07 19:21:42,609 payment_service 18748 13576 Payment record created with ID: 5
INFO 2026-02-07 19:21:42,610 payment_service 18748 13576 Initiating payment link request:
INFO 2026-02-07 19:21:42,611 payment_service 18748 13576   URL: https://sandbox.fapshi.com/initiate-pay
INFO 2026-02-07 19:21:42,611 payment_service 18748 13576   Payload: {
  "amount": 6520,
  "email": "buyertwo@gmail.com",
  "userId": "64",
  "externalId": "order_15",
  "message": "Payment for Order #15"
}
INFO 2026-02-07 19:21:42,612 payment_service 18748 13576   Headers: {'Content-Type': 'application/json', 'apikey': 'FAK_TEST_a0fcb2cb788bad459442', 'apiuser': '25917560-52cc-49f2-9f4e-59661b816b12'}
INFO 2026-02-07 19:21:45,190 payment_service 18748 13576 Response status code: 200
INFO 2026-02-07 19:21:45,190 payment_service 18748 13576 Response headers: {'content-type': 'application/json; charset=utf-8', 'vary': 'Accept-Encoding', 'access-control-allow-origin': '*', 'content-security-policy': "default-src 'self';base-uri 'self';font-src 'self' https: data:;form-action 'self';frame-ancestors 'self';img-src 'self' data:;object-src 'none';script-src 'self';script-src-attr 'none';style-src 'self' https: 'unsafe-inline';upgrade-insecure-requests", 'cross-origin-opener-policy': 'same-origin', 'cross-origin-resource-policy': 'same-origin', 'origin-agent-cluster': '?1', 'referrer-policy': 'no-referrer', 'strict-transport-security': 'max-age=31536000; includeSubDomains', 'x-content-type-options': 'nosniff', 'x-dns-prefetch-control': 'off', 'x-download-options': 'noopen', 'x-frame-options': 'SAMEORIGIN', 'x-permitted-cross-domain-policies': 'none', 'x-xss-protection': '0', 'access-control-allow-headers': 'Origin, Content-Type, Accept, apiUser, apiKey', 'etag': 'W/"ad-4Sqsl5wKXYd/xh/TKQvmBRu1a08"', 'content-encoding': 'gzip', 'x-cloud-trace-context': 'a8c554da5cede1b4a3587bd7a37e1560', 'date': 'Sat, 07 Feb 2026 18:21:46 GMT', 'server': 'Google Frontend', 'Transfer-Encoding': 'chunked'}
INFO 2026-02-07 19:21:45,190 payment_service 18748 13576 Response data: {
  "message": "Request successful",
  "link": "https://checkout.fapshi.com/test/payment/698782bac9b265f862b51761",
  "transId": "SjuhRVcJBY",
  "dateInitiated": "2026-02-07T18:21:46.515Z"
}
INFO 2026-02-07 19:21:45,194 payment_service 18748 13576 Payment link initiation result: {'message': 'Request successful', 'link': 'https://checkout.fapshi.com/test/payment/698782bac9b265f862b51761', 'transId': 'SjuhRVcJBY', 'dateInitiated': '2026-02-07T18:21:46.515Z'}
INFO 2026-02-07 19:21:45,195 payment_service 18748 13576 Payment link generated successfully
INFO 2026-02-07 19:21:45,195 payment_service 18748 13576 Payment link set: https://checkout.fapshi.com/test/payment/698782bac9b265f862b51761
INFO 2026-02-07 19:21:45,195 payment_service 18748 13576 Payment date initiated: 2026-02-07 18:21:46.515000+00:00
INFO 2026-02-07 19:21:45,487 payment_service 18748 13576 Payment record updated successfully
INFO 2026-02-07 19:21:45,488 views 18748 13576 Payment creation result: {'success': True, 'payment_id': 5, 'trans_id': 'SjuhRVcJBY', 'payment_link': 'https://checkout.fapshi.com/test/payment/698782bac9b265f862b51761', 'message': 'Request successful'}
INFO 2026-02-07 19:21:45,488 views 18748 13576 Payment initiated successfully for order 15
INFO 2026-02-07 19:24:29,697 views 18748 23824 Payment initiation requested for order 16 by user buyertwo@gmail.com
INFO 2026-02-07 19:24:30,006 views 18748 23824 Order found: 16, total amount: 12000.00
INFO 2026-02-07 19:24:30,308 views 18748 23824 Payment data validated: OrderedDict({'payment_type': 'initiate_pay'})
INFO 2026-02-07 19:24:30,309 payment_service 18748 23824 FapshiPaymentService initialized:
INFO 2026-02-07 19:24:30,309 payment_service 18748 23824   Base URL: https://sandbox.fapshi.com
INFO 2026-02-07 19:24:30,310 payment_service 18748 23824   API User: 25917560-52cc-49f2-9f4e-59661b816b12
INFO 2026-02-07 19:24:30,310 payment_service 18748 23824   API Key set: Yes
INFO 2026-02-07 19:24:30,310 payment_service 18748 23824 Creating payment for order 16
INFO 2026-02-07 19:24:30,310 payment_service 18748 23824 Order total amount: 12000.00
INFO 2026-02-07 19:24:30,311 payment_service 18748 23824 Payment type: initiate_pay
INFO 2026-02-07 19:24:30,618 payment_service 18748 23824 User details: buyertwo@gmail.com, ID: 64
INFO 2026-02-07 19:24:30,935 payment_service 18748 23824 Payment record created with ID: 6
INFO 2026-02-07 19:24:30,935 payment_service 18748 23824 Initiating payment link request:
INFO 2026-02-07 19:24:30,936 payment_service 18748 23824   URL: https://sandbox.fapshi.com/initiate-pay
INFO 2026-02-07 19:24:30,936 payment_service 18748 23824   Payload: {
  "amount": 12000,
  "email": "buyertwo@gmail.com",
  "userId": "64",
  "externalId": "order_16",
  "message": "Payment for Order #16"
}
INFO 2026-02-07 19:24:30,936 payment_service 18748 23824   Headers: {'Content-Type': 'application/json', 'apikey': 'FAK_TEST_a0fcb2cb788bad459442', 'apiuser': '25917560-52cc-49f2-9f4e-59661b816b12'}
INFO 2026-02-07 19:24:33,285 payment_service 18748 23824 Response status code: 200
INFO 2026-02-07 19:24:33,285 payment_service 18748 23824 Response headers: {'content-type': 'application/json; charset=utf-8', 'vary': 'Accept-Encoding', 'access-control-allow-origin': '*', 'content-security-policy': "default-src 'self';base-uri 'self';font-src 'self' https: data:;form-action 'self';frame-ancestors 'self';img-src 'self' data:;object-src 'none';script-src 'self';script-src-attr 'none';style-src 'self' https: 'unsafe-inline';upgrade-insecure-requests", 'cross-origin-opener-policy': 'same-origin', 'cross-origin-resource-policy': 'same-origin', 'origin-agent-cluster': '?1', 'referrer-policy': 'no-referrer', 'strict-transport-security': 'max-age=31536000; includeSubDomains', 'x-content-type-options': 'nosniff', 'x-dns-prefetch-control': 'off', 'x-download-options': 'noopen', 'x-frame-options': 'SAMEORIGIN', 'x-permitted-cross-domain-policies': 'none', 'x-xss-protection': '0', 'access-control-allow-headers': 'Origin, Content-Type, Accept, apiUser, apiKey', 'etag': 'W/"ad-ulgr9hAEGInQsyGVwsPgj3XDUm8"', 'content-encoding': 'gzip', 'x-cloud-trace-context': 'fd79a388253b2568396589a76793f02a;o=1', 'date': 'Sat, 07 Feb 2026 18:24:34 GMT', 'server': 'Google Frontend', 'Transfer-Encoding': 'chunked'}
INFO 2026-02-07 19:24:33,286 payment_service 18748 23824 Response data: {
  "message": "Request successful",
  "link": "https://checkout.fapshi.com/test/payment/69878362c9b265f862b51763",
  "transId": "JJLuEUUN0C",
  "dateInitiated": "2026-02-07T18:24:34.801Z"
}
INFO 2026-02-07 19:24:33,287 payment_service 18748 23824 Payment link initiation result: {'message': 'Request successful', 'link': 'https://checkout.fapshi.com/test/payment/69878362c9b265f862b51763', 'transId': 'JJLuEUUN0C', 'dateInitiated': '2026-02-07T18:24:34.801Z'}
INFO 2026-02-07 19:24:33,288 payment_service 18748 23824 Payment link generated successfully
INFO 2026-02-07 19:24:33,288 payment_service 18748 23824 Payment link set: https://checkout.fapshi.com/test/payment/69878362c9b265f862b51763
INFO 2026-02-07 19:24:33,288 payment_service 18748 23824 Payment date initiated: 2026-02-07 18:24:34.801000+00:00
INFO 2026-02-07 19:24:33,604 payment_service 18748 23824 Payment record updated successfully
INFO 2026-02-07 19:24:33,605 views 18748 23824 Payment creation result: {'success': True, 'payment_id': 6, 'trans_id': 'JJLuEUUN0C', 'payment_link': 'https://checkout.fapshi.com/test/payment/69878362c9b265f862b51763', 'message': 'Request successful'}
INFO 2026-02-07 19:24:33,605 views 18748 23824 Payment initiated successfully for order 16
ERROR 2026-02-07 19:27:43,955 views 18748 23664 Unexpected error in payment initiation: maximum recursion depth exceeded
ERROR 2026-02-07 19:27:43,955 views 18748 23664 Exception type: RecursionError
ERROR 2026-02-07 19:27:43,961 log 18748 23664 Internal Server Error: /api/orders/14/pay/
ERROR 2026-02-07 19:28:47,058 views 18748 23824 Unexpected error in payment initiation: maximum recursion depth exceeded
ERROR 2026-02-07 19:28:47,063 views 18748 23824 Exception type: RecursionError
ERROR 2026-02-07 19:28:47,068 log 18748 23824 Internal Server Error: /api/orders/16/pay/
ERROR 2026-02-07 19:29:08,864 views 18748 13576 Unexpected error in payment initiation: maximum recursion depth exceeded
ERROR 2026-02-07 19:29:08,864 views 18748 13576 Exception type: RecursionError
ERROR 2026-02-07 19:29:08,869 log 18748 13576 Internal Server Error: /api/orders/15/pay/
WARNING 2026-02-07 19:29:50,508 log 18748 23824 Bad Request: /api/cart/checkout/
INFO 2026-02-07 19:30:29,537 views 18748 18724 Payment initiation requested for order 17 by user buyertwo@gmail.com
INFO 2026-02-07 19:30:29,833 views 18748 18724 Order found: 17, total amount: 6500.00
INFO 2026-02-07 19:30:30,211 views 18748 18724 Payment data validated: OrderedDict({'payment_type': 'initiate_pay'})
INFO 2026-02-07 19:30:30,211 payment_service 18748 18724 FapshiPaymentService initialized:
INFO 2026-02-07 19:30:30,212 payment_service 18748 18724   Base URL: https://sandbox.fapshi.com
INFO 2026-02-07 19:30:30,212 payment_service 18748 18724   API User: 25917560-52cc-49f2-9f4e-59661b816b12
INFO 2026-02-07 19:30:30,212 payment_service 18748 18724   API Key set: Yes
INFO 2026-02-07 19:30:30,212 payment_service 18748 18724 Creating payment for order 17
INFO 2026-02-07 19:30:30,213 payment_service 18748 18724 Order total amount: 6500.00
INFO 2026-02-07 19:30:30,213 payment_service 18748 18724 Payment type: initiate_pay
INFO 2026-02-07 19:30:30,518 payment_service 18748 18724 User details: buyertwo@gmail.com, ID: 64
INFO 2026-02-07 19:30:30,843 payment_service 18748 18724 Payment record created with ID: 7
INFO 2026-02-07 19:30:30,843 payment_service 18748 18724 Initiating payment link request:
INFO 2026-02-07 19:30:30,843 payment_service 18748 18724   URL: https://sandbox.fapshi.com/initiate-pay
INFO 2026-02-07 19:30:30,844 payment_service 18748 18724   Payload: {
  "amount": 6500,
  "email": "buyertwo@gmail.com",
  "userId": "64",
  "externalId": "order_17",
  "message": "Payment for Order #17"
}
INFO 2026-02-07 19:30:30,844 payment_service 18748 18724   Headers: {'Content-Type': 'application/json', 'apikey': 'FAK_TEST_a0fcb2cb788bad459442', 'apiuser': '25917560-52cc-49f2-9f4e-59661b816b12'}
INFO 2026-02-07 19:30:33,011 payment_service 18748 18724 Response status code: 200
INFO 2026-02-07 19:30:33,011 payment_service 18748 18724 Response headers: {'content-type': 'application/json; charset=utf-8', 'vary': 'Accept-Encoding', 'access-control-allow-origin': '*', 'content-security-policy': "default-src 'self';base-uri 'self';font-src 'self' https: data:;form-action 'self';frame-ancestors 'self';img-src 'self' data:;object-src 'none';script-src 'self';script-src-attr 'none';style-src 'self' https: 'unsafe-inline';upgrade-insecure-requests", 'cross-origin-opener-policy': 'same-origin', 'cross-origin-resource-policy': 'same-origin', 'origin-agent-cluster': '?1', 'referrer-policy': 'no-referrer', 'strict-transport-security': 'max-age=31536000; includeSubDomains', 'x-content-type-options': 'nosniff', 'x-dns-prefetch-control': 'off', 'x-download-options': 'noopen', 'x-frame-options': 'SAMEORIGIN', 'x-permitted-cross-domain-policies': 'none', 'x-xss-protection': '0', 'access-control-allow-headers': 'Origin, Content-Type, Accept, apiUser, apiKey', 'etag': 'W/"ad-G0phQwey7l4pUXGijpDJunUfOQ8"', 'content-encoding': 'gzip', 'x-cloud-trace-context': 'e6c32dc87487f814afe0ef723eb1c58b;o=1', 'date': 'Sat, 07 Feb 2026 18:30:34 GMT', 'server': 'Google Frontend', 'Transfer-Encoding': 'chunked'}
INFO 2026-02-07 19:30:33,012 payment_service 18748 18724 Response data: {
  "message": "Request successful",
  "link": "https://checkout.fapshi.com/test/payment/698784cac9b265f862b5176f",
  "transId": "JsNDzpzk8H",
  "dateInitiated": "2026-02-07T18:30:34.551Z"
}
INFO 2026-02-07 19:30:33,015 payment_service 18748 18724 Payment link initiation result: {'message': 'Request successful', 'link': 'https://checkout.fapshi.com/test/payment/698784cac9b265f862b5176f', 'transId': 'JsNDzpzk8H', 'dateInitiated': '2026-02-07T18:30:34.551Z'}
INFO 2026-02-07 19:30:33,016 payment_service 18748 18724 Payment link generated successfully
INFO 2026-02-07 19:30:33,016 payment_service 18748 18724 Payment link set: https://checkout.fapshi.com/test/payment/698784cac9b265f862b5176f
INFO 2026-02-07 19:30:33,017 payment_service 18748 18724 Payment date initiated: 2026-02-07 18:30:34.551000+00:00
INFO 2026-02-07 19:30:33,326 payment_service 18748 18724 Payment record updated successfully
INFO 2026-02-07 19:30:33,327 views 18748 18724 Payment creation result: {'success': True, 'payment_id': 7, 'trans_id': 'JsNDzpzk8H', 'payment_link': 'https://checkout.fapshi.com/test/payment/698784cac9b265f862b5176f', 'message': 'Request successful'}
INFO 2026-02-07 19:30:33,327 views 18748 18724 Payment initiated successfully for order 17
INFO 2026-02-07 19:32:34,850 views 18748 19624 Payment initiation requested for order 18 by user buyertwo@gmail.com
INFO 2026-02-07 19:32:35,152 views 18748 19624 Order found: 18, total amount: 12000.00
INFO 2026-02-07 19:32:35,482 views 18748 19624 Payment data validated: OrderedDict({'payment_type': 'initiate_pay'})
INFO 2026-02-07 19:32:35,488 payment_service 18748 19624 FapshiPaymentService initialized:
INFO 2026-02-07 19:32:35,488 payment_service 18748 19624   Base URL: https://sandbox.fapshi.com
INFO 2026-02-07 19:32:35,489 payment_service 18748 19624   API User: 25917560-52cc-49f2-9f4e-59661b816b12
INFO 2026-02-07 19:32:35,492 payment_service 18748 19624   API Key set: Yes
INFO 2026-02-07 19:32:35,492 payment_service 18748 19624 Creating payment for order 18
INFO 2026-02-07 19:32:35,492 payment_service 18748 19624 Order total amount: 12000.00
INFO 2026-02-07 19:32:35,493 payment_service 18748 19624 Payment type: initiate_pay
INFO 2026-02-07 19:32:35,801 payment_service 18748 19624 User details: buyertwo@gmail.com, ID: 64
INFO 2026-02-07 19:32:36,131 payment_service 18748 19624 Payment record created with ID: 8
INFO 2026-02-07 19:32:36,132 payment_service 18748 19624 Initiating payment link request:
INFO 2026-02-07 19:32:36,132 payment_service 18748 19624   URL: https://sandbox.fapshi.com/initiate-pay
INFO 2026-02-07 19:32:36,133 payment_service 18748 19624   Payload: {
  "amount": 12000,
  "email": "buyertwo@gmail.com",
  "userId": "64",
  "externalId": "order_18",
  "message": "Payment for Order #18"
}
INFO 2026-02-07 19:32:36,134 payment_service 18748 19624   Headers: {'Content-Type': 'application/json', 'apikey': 'FAK_TEST_a0fcb2cb788bad459442', 'apiuser': '25917560-52cc-49f2-9f4e-59661b816b12'}
INFO 2026-02-07 19:32:37,689 payment_service 18748 19624 Response status code: 200
INFO 2026-02-07 19:32:37,690 payment_service 18748 19624 Response headers: {'content-type': 'application/json; charset=utf-8', 'vary': 'Accept-Encoding', 'access-control-allow-origin': '*', 'content-security-policy': "default-src 'self';base-uri 'self';font-src 'self' https: data:;form-action 'self';frame-ancestors 'self';img-src 'self' data:;object-src 'none';script-src 'self';script-src-attr 'none';style-src 'self' https: 'unsafe-inline';upgrade-insecure-requests", 'cross-origin-opener-policy': 'same-origin', 'cross-origin-resource-policy': 'same-origin', 'origin-agent-cluster': '?1', 'referrer-policy': 'no-referrer', 'strict-transport-security': 'max-age=31536000; includeSubDomains', 'x-content-type-options': 'nosniff', 'x-dns-prefetch-control': 'off', 'x-download-options': 'noopen', 'x-frame-options': 'SAMEORIGIN', 'x-permitted-cross-domain-policies': 'none', 'x-xss-protection': '0', 'access-control-allow-headers': 'Origin, Content-Type, Accept, apiUser, apiKey', 'etag': 'W/"ad-maxzkVorkwb0yVnrNPJTI10WNMg"', 'content-encoding': 'gzip', 'x-cloud-trace-context': 'ae47e63bdb8b3ede31ddcbce7bbee228;o=1', 'date': 'Sat, 07 Feb 2026 18:32:39 GMT', 'server': 'Google Frontend', 'Transfer-Encoding': 'chunked'}
INFO 2026-02-07 19:32:37,690 payment_service 18748 19624 Response data: {
  "message": "Request successful",
  "link": "https://checkout.fapshi.com/test/payment/69878547c9b265f862b51772",
  "transId": "V7Pi492U7G",
  "dateInitiated": "2026-02-07T18:32:39.237Z"
}
INFO 2026-02-07 19:32:37,692 payment_service 18748 19624 Payment link initiation result: {'message': 'Request successful', 'link': 'https://checkout.fapshi.com/test/payment/69878547c9b265f862b51772', 'transId': 'V7Pi492U7G', 'dateInitiated': '2026-02-07T18:32:39.237Z'}
INFO 2026-02-07 19:32:37,692 payment_service 18748 19624 Payment link generated successfully
INFO 2026-02-07 19:32:37,693 payment_service 18748 19624 Payment link set: https://checkout.fapshi.com/test/payment/69878547c9b265f862b51772
INFO 2026-02-07 19:32:37,693 payment_service 18748 19624 Payment date initiated: 2026-02-07 18:32:39.237000+00:00
INFO 2026-02-07 19:32:38,073 payment_service 18748 19624 Payment record updated successfully
INFO 2026-02-07 19:32:38,074 views 18748 19624 Payment creation result: {'success': True, 'payment_id': 8, 'trans_id': 'V7Pi492U7G', 'payment_link': 'https://checkout.fapshi.com/test/payment/69878547c9b265f862b51772', 'message': 'Request successful'}
INFO 2026-02-07 19:32:38,074 views 18748 19624 Payment initiated successfully for order 18
ERROR 2026-02-07 19:34:44,624 views 18748 18724 Unexpected error in payment initiation: maximum recursion depth exceeded
ERROR 2026-02-07 19:34:44,624 views 18748 18724 Exception type: RecursionError
ERROR 2026-02-07 19:34:44,629 log 18748 18724 Internal Server Error: /api/orders/17/pay/
INFO 2026-02-07 19:36:03,304 views 18748 1572 Payment initiation requested for order 19 by user buyertwo@gmail.com
INFO 2026-02-07 19:36:03,614 views 18748 1572 Order found: 19, total amount: 20000.00
INFO 2026-02-07 19:36:03,924 views 18748 1572 Payment data validated: OrderedDict({'payment_type': 'initiate_pay'})
INFO 2026-02-07 19:36:03,925 payment_service 18748 1572 FapshiPaymentService initialized:
INFO 2026-02-07 19:36:03,925 payment_service 18748 1572   Base URL: https://sandbox.fapshi.com
INFO 2026-02-07 19:36:03,925 payment_service 18748 1572   API User: 25917560-52cc-49f2-9f4e-59661b816b12
INFO 2026-02-07 19:36:03,925 payment_service 18748 1572   API Key set: Yes
INFO 2026-02-07 19:36:03,926 payment_service 18748 1572 Creating payment for order 19
INFO 2026-02-07 19:36:03,926 payment_service 18748 1572 Order total amount: 20000.00
INFO 2026-02-07 19:36:03,926 payment_service 18748 1572 Payment type: initiate_pay
INFO 2026-02-07 19:36:04,256 payment_service 18748 1572 User details: buyertwo@gmail.com, ID: 64
INFO 2026-02-07 19:36:04,566 payment_service 18748 1572 Payment record created with ID: 9
INFO 2026-02-07 19:36:04,567 payment_service 18748 1572 Initiating payment link request:
INFO 2026-02-07 19:36:04,567 payment_service 18748 1572   URL: https://sandbox.fapshi.com/initiate-pay
INFO 2026-02-07 19:36:04,567 payment_service 18748 1572   Payload: {
  "amount": 20000,
  "email": "buyertwo@gmail.com",
  "userId": "64",
  "externalId": "order_19",
  "message": "Payment for Order #19"
}
INFO 2026-02-07 19:36:04,567 payment_service 18748 1572   Headers: {'Content-Type': 'application/json', 'apikey': 'FAK_TEST_a0fcb2cb788bad459442', 'apiuser': '25917560-52cc-49f2-9f4e-59661b816b12'}
INFO 2026-02-07 19:36:07,356 payment_service 18748 1572 Response status code: 200
INFO 2026-02-07 19:36:07,356 payment_service 18748 1572 Response headers: {'content-type': 'application/json; charset=utf-8', 'vary': 'Accept-Encoding', 'access-control-allow-origin': '*', 'content-security-policy': "default-src 'self';base-uri 'self';font-src 'self' https: data:;form-action 'self';frame-ancestors 'self';img-src 'self' data:;object-src 'none';script-src 'self';script-src-attr 'none';style-src 'self' https: 'unsafe-inline';upgrade-insecure-requests", 'cross-origin-opener-policy': 'same-origin', 'cross-origin-resource-policy': 'same-origin', 'origin-agent-cluster': '?1', 'referrer-policy': 'no-referrer', 'strict-transport-security': 'max-age=31536000; includeSubDomains', 'x-content-type-options': 'nosniff', 'x-dns-prefetch-control': 'off', 'x-download-options': 'noopen', 'x-frame-options': 'SAMEORIGIN', 'x-permitted-cross-domain-policies': 'none', 'x-xss-protection': '0', 'access-control-allow-headers': 'Origin, Content-Type, Accept, apiUser, apiKey', 'etag': 'W/"ad-q/kcR0wm+Tez+4schTrBCukNOWM"', 'content-encoding': 'gzip', 'x-cloud-trace-context': '4b29126668fe03dea124fc03c4595c3a;o=1', 'date': 'Sat, 07 Feb 2026 18:36:09 GMT', 'server': 'Google Frontend', 'Transfer-Encoding': 'chunked'}
INFO 2026-02-07 19:36:07,357 payment_service 18748 1572 Response data: {
  "message": "Request successful",
  "link": "https://checkout.fapshi.com/test/payment/69878618c9b265f862b51775",
  "transId": "U91UNXu409",
  "dateInitiated": "2026-02-07T18:36:08.913Z"
}
INFO 2026-02-07 19:36:07,359 payment_service 18748 1572 Payment link initiation result: {'message': 'Request successful', 'link': 'https://checkout.fapshi.com/test/payment/69878618c9b265f862b51775', 'transId': 'U91UNXu409', 'dateInitiated': '2026-02-07T18:36:08.913Z'}
INFO 2026-02-07 19:36:07,360 payment_service 18748 1572 Payment link generated successfully
INFO 2026-02-07 19:36:07,360 payment_service 18748 1572 Payment link set: https://checkout.fapshi.com/test/payment/69878618c9b265f862b51775
INFO 2026-02-07 19:36:07,360 payment_service 18748 1572 Payment date initiated: 2026-02-07 18:36:08.913000+00:00
INFO 2026-02-07 19:36:07,665 payment_service 18748 1572 Payment record updated successfully
INFO 2026-02-07 19:36:07,665 views 18748 1572 Payment creation result: {'success': True, 'payment_id': 9, 'trans_id': 'U91UNXu409', 'payment_link': 'https://checkout.fapshi.com/test/payment/69878618c9b265f862b51775', 'message': 'Request successful'}
INFO 2026-02-07 19:36:07,666 views 18748 1572 Payment initiated successfully for order 19
ERROR 2026-02-07 19:36:48,964 views 18748 19624 Unexpected error in payment initiation: maximum recursion depth exceeded
ERROR 2026-02-07 19:36:48,965 views 18748 19624 Exception type: RecursionError
ERROR 2026-02-07 19:36:48,969 log 18748 19624 Internal Server Error: /api/orders/18/pay/
WARNING 2026-02-07 19:39:34,109 log 18748 21236 Bad Request: /api/cart/checkout/
INFO 2026-02-07 19:40:10,345 views 18748 21236 Payment initiation requested for order 20 by user buyertwo@gmail.com
INFO 2026-02-07 19:40:10,681 views 18748 21236 Order found: 20, total amount: 55000.00
INFO 2026-02-07 19:40:10,983 views 18748 21236 Payment data validated: OrderedDict({'payment_type': 'initiate_pay'})
INFO 2026-02-07 19:40:10,983 payment_service 18748 21236 FapshiPaymentService initialized:
INFO 2026-02-07 19:40:10,984 payment_service 18748 21236   Base URL: https://sandbox.fapshi.com
INFO 2026-02-07 19:40:10,984 payment_service 18748 21236   API User: 25917560-52cc-49f2-9f4e-59661b816b12
INFO 2026-02-07 19:40:10,984 payment_service 18748 21236   API Key set: Yes
INFO 2026-02-07 19:40:10,984 payment_service 18748 21236 Creating payment for order 20
INFO 2026-02-07 19:40:10,985 payment_service 18748 21236 Order total amount: 55000.00
INFO 2026-02-07 19:40:10,985 payment_service 18748 21236 Payment type: initiate_pay
INFO 2026-02-07 19:40:11,300 payment_service 18748 21236 User details: buyertwo@gmail.com, ID: 64
INFO 2026-02-07 19:40:11,624 payment_service 18748 21236 Payment record created with ID: 10
INFO 2026-02-07 19:40:11,627 payment_service 18748 21236 Initiating payment link request:
INFO 2026-02-07 19:40:11,627 payment_service 18748 21236   URL: https://sandbox.fapshi.com/initiate-pay
INFO 2026-02-07 19:40:11,628 payment_service 18748 21236   Payload: {
  "amount": 55000,
  "email": "buyertwo@gmail.com",
  "userId": "64",
  "externalId": "order_20",
  "message": "Payment for Order #20"
}
INFO 2026-02-07 19:40:11,628 payment_service 18748 21236   Headers: {'Content-Type': 'application/json', 'apikey': 'FAK_TEST_a0fcb2cb788bad459442', 'apiuser': '25917560-52cc-49f2-9f4e-59661b816b12'}
INFO 2026-02-07 19:40:13,209 payment_service 18748 21236 Response status code: 200
INFO 2026-02-07 19:40:13,209 payment_service 18748 21236 Response headers: {'content-type': 'application/json; charset=utf-8', 'vary': 'Accept-Encoding', 'access-control-allow-origin': '*', 'content-security-policy': "default-src 'self';base-uri 'self';font-src 'self' https: data:;form-action 'self';frame-ancestors 'self';img-src 'self' data:;object-src 'none';script-src 'self';script-src-attr 'none';style-src 'self' https: 'unsafe-inline';upgrade-insecure-requests", 'cross-origin-opener-policy': 'same-origin', 'cross-origin-resource-policy': 'same-origin', 'origin-agent-cluster': '?1', 'referrer-policy': 'no-referrer', 'strict-transport-security': 'max-age=31536000; includeSubDomains', 'x-content-type-options': 'nosniff', 'x-dns-prefetch-control': 'off', 'x-download-options': 'noopen', 'x-frame-options': 'SAMEORIGIN', 'x-permitted-cross-domain-policies': 'none', 'x-xss-protection': '0', 'access-control-allow-headers': 'Origin, Content-Type, Accept, apiUser, apiKey', 'etag': 'W/"ad-QhMFz2xbEwMq9XIXj5LnYRplKSg"', 'content-encoding': 'gzip', 'x-cloud-trace-context': '87e19369030c4698423054b114aa461d;o=1', 'date': 'Sat, 07 Feb 2026 18:40:14 GMT', 'server': 'Google Frontend', 'Transfer-Encoding': 'chunked'}
INFO 2026-02-07 19:40:13,209 payment_service 18748 21236 Response data: {
  "message": "Request successful",
  "link": "https://checkout.fapshi.com/test/payment/6987870ec9b265f862b51777",
  "transId": "ycqnzi5q2i",
  "dateInitiated": "2026-02-07T18:40:14.770Z"
}
INFO 2026-02-07 19:40:13,211 payment_service 18748 21236 Payment link initiation result: {'message': 'Request successful', 'link': 'https://checkout.fapshi.com/test/payment/6987870ec9b265f862b51777', 'transId': 'ycqnzi5q2i', 'dateInitiated': '2026-02-07T18:40:14.770Z'}
INFO 2026-02-07 19:40:13,212 payment_service 18748 21236 Payment link generated successfully
INFO 2026-02-07 19:40:13,212 payment_service 18748 21236 Payment link set: https://checkout.fapshi.com/test/payment/6987870ec9b265f862b51777
INFO 2026-02-07 19:40:13,213 payment_service 18748 21236 Payment date initiated: 2026-02-07 18:40:14.770000+00:00
INFO 2026-02-07 19:40:13,528 payment_service 18748 21236 Payment record updated successfully
INFO 2026-02-07 19:40:13,529 views 18748 21236 Payment creation result: {'success': True, 'payment_id': 10, 'trans_id': 'ycqnzi5q2i', 'payment_link': 'https://checkout.fapshi.com/test/payment/6987870ec9b265f862b51777', 'message': 'Request successful'}
INFO 2026-02-07 19:40:13,529 views 18748 21236 Payment initiated successfully for order 20
WARNING 2026-02-07 19:40:20,353 log 18748 23824 Not Found: /api/orders/20/
WARNING 2026-02-07 19:40:22,377 log 18748 23824 Not Found: /api/orders/20/
WARNING 2026-02-07 19:40:24,402 log 18748 23824 Not Found: /api/orders/20/
WARNING 2026-02-07 19:40:26,424 log 18748 23824 Not Found: /api/orders/20/
ERROR 2026-02-07 19:40:27,906 views 18748 1572 Unexpected error in payment initiation: maximum recursion depth exceeded
ERROR 2026-02-07 19:40:27,907 views 18748 1572 Exception type: RecursionError
ERROR 2026-02-07 19:40:27,911 log 18748 1572 Internal Server Error: /api/orders/19/pay/
WARNING 2026-02-07 19:40:28,453 log 18748 1572 Not Found: /api/orders/20/
INFO 2026-02-07 19:43:24,229 views 18748 1572 Payment initiation requested for order 21 by user buyertwo@gmail.com
INFO 2026-02-07 19:43:24,553 views 18748 1572 Order found: 21, total amount: 34000.00
INFO 2026-02-07 19:43:24,892 views 18748 1572 Payment data validated: OrderedDict({'payment_type': 'initiate_pay'})
INFO 2026-02-07 19:43:24,893 payment_service 18748 1572 FapshiPaymentService initialized:
INFO 2026-02-07 19:43:24,894 payment_service 18748 1572   Base URL: https://sandbox.fapshi.com
INFO 2026-02-07 19:43:24,895 payment_service 18748 1572   API User: 25917560-52cc-49f2-9f4e-59661b816b12
INFO 2026-02-07 19:43:24,896 payment_service 18748 1572   API Key set: Yes
INFO 2026-02-07 19:43:24,896 payment_service 18748 1572 Creating payment for order 21
INFO 2026-02-07 19:43:24,896 payment_service 18748 1572 Order total amount: 34000.00
INFO 2026-02-07 19:43:24,896 payment_service 18748 1572 Payment type: initiate_pay
INFO 2026-02-07 19:43:25,224 payment_service 18748 1572 User details: buyertwo@gmail.com, ID: 64
INFO 2026-02-07 19:43:25,539 payment_service 18748 1572 Payment record created with ID: 11
INFO 2026-02-07 19:43:25,540 payment_service 18748 1572 Initiating payment link request:
INFO 2026-02-07 19:43:25,540 payment_service 18748 1572   URL: https://sandbox.fapshi.com/initiate-pay
INFO 2026-02-07 19:43:25,541 payment_service 18748 1572   Payload: {
  "amount": 34000,
  "email": "buyertwo@gmail.com",
  "userId": "64",
  "externalId": "order_21",
  "message": "Payment for Order #21"
}
INFO 2026-02-07 19:43:25,541 payment_service 18748 1572   Headers: {'Content-Type': 'application/json', 'apikey': 'FAK_TEST_a0fcb2cb788bad459442', 'apiuser': '25917560-52cc-49f2-9f4e-59661b816b12'}
INFO 2026-02-07 19:43:28,043 payment_service 18748 1572 Response status code: 200
INFO 2026-02-07 19:43:28,044 payment_service 18748 1572 Response headers: {'content-type': 'application/json; charset=utf-8', 'vary': 'Accept-Encoding', 'access-control-allow-origin': '*', 'content-security-policy': "default-src 'self';base-uri 'self';font-src 'self' https: data:;form-action 'self';frame-ancestors 'self';img-src 'self' data:;object-src 'none';script-src 'self';script-src-attr 'none';style-src 'self' https: 'unsafe-inline';upgrade-insecure-requests", 'cross-origin-opener-policy': 'same-origin', 'cross-origin-resource-policy': 'same-origin', 'origin-agent-cluster': '?1', 'referrer-policy': 'no-referrer', 'strict-transport-security': 'max-age=31536000; includeSubDomains', 'x-content-type-options': 'nosniff', 'x-dns-prefetch-control': 'off', 'x-download-options': 'noopen', 'x-frame-options': 'SAMEORIGIN', 'x-permitted-cross-domain-policies': 'none', 'x-xss-protection': '0', 'access-control-allow-headers': 'Origin, Content-Type, Accept, apiUser, apiKey', 'etag': 'W/"ad-Ra2jtKCMtaysDbOiP5YtDrlTO90"', 'content-encoding': 'gzip', 'x-cloud-trace-context': 'c92ddb178f33c59b535c91303c601e5d;o=1', 'date': 'Sat, 07 Feb 2026 18:43:29 GMT', 'server': 'Google Frontend', 'Transfer-Encoding': 'chunked'}
INFO 2026-02-07 19:43:28,044 payment_service 18748 1572 Response data: {
  "message": "Request successful",
  "link": "https://checkout.fapshi.com/test/payment/698787d1c9b265f862b5177c",
  "transId": "Py0U7V8vQZ",
  "dateInitiated": "2026-02-07T18:43:29.616Z"
}
INFO 2026-02-07 19:43:28,046 payment_service 18748 1572 Payment link initiation result: {'message': 'Request successful', 'link': 'https://checkout.fapshi.com/test/payment/698787d1c9b265f862b5177c', 'transId': 'Py0U7V8vQZ', 'dateInitiated': '2026-02-07T18:43:29.616Z'}
INFO 2026-02-07 19:43:28,047 payment_service 18748 1572 Payment link generated successfully
INFO 2026-02-07 19:43:28,047 payment_service 18748 1572 Payment link set: https://checkout.fapshi.com/test/payment/698787d1c9b265f862b5177c
INFO 2026-02-07 19:43:28,047 payment_service 18748 1572 Payment date initiated: 2026-02-07 18:43:29.616000+00:00
INFO 2026-02-07 19:43:28,359 payment_service 18748 1572 Payment record updated successfully
INFO 2026-02-07 19:43:28,360 views 18748 1572 Payment creation result: {'success': True, 'payment_id': 11, 'trans_id': 'Py0U7V8vQZ', 'payment_link': 'https://checkout.fapshi.com/test/payment/698787d1c9b265f862b5177c', 'message': 'Request successful'}
INFO 2026-02-07 19:43:28,361 views 18748 1572 Payment initiated successfully for order 21
INFO 2026-02-07 19:43:34,250 views 18748 23824 Payment initiation requested for order 21 by user buyertwo@gmail.com
INFO 2026-02-07 19:43:34,591 views 18748 23824 Order found: 21, total amount: 34000.00
WARNING 2026-02-07 19:43:34,912 views 18748 23824 Payment already exists for order 21
WARNING 2026-02-07 19:43:34,913 log 18748 23824 Bad Request: /api/orders/21/pay/
INFO 2026-02-07 19:43:38,209 views 18748 23824 Payment initiation requested for order 21 by user buyertwo@gmail.com
INFO 2026-02-07 19:43:38,519 views 18748 23824 Order found: 21, total amount: 34000.00
WARNING 2026-02-07 19:43:38,832 views 18748 23824 Payment already exists for order 21
WARNING 2026-02-07 19:43:38,833 log 18748 23824 Bad Request: /api/orders/21/pay/
INFO 2026-02-07 19:43:42,178 views 18748 23824 Payment initiation requested for order 21 by user buyertwo@gmail.com
INFO 2026-02-07 19:43:42,498 views 18748 23824 Order found: 21, total amount: 34000.00
WARNING 2026-02-07 19:43:42,836 views 18748 23824 Payment already exists for order 21
WARNING 2026-02-07 19:43:42,837 log 18748 23824 Bad Request: /api/orders/21/pay/
ERROR 2026-02-07 19:44:30,614 views 18748 21236 Unexpected error in payment initiation: maximum recursion depth exceeded
ERROR 2026-02-07 19:44:30,616 views 18748 21236 Exception type: RecursionError
ERROR 2026-02-07 19:44:30,619 log 18748 21236 Internal Server Error: /api/orders/20/pay/
INFO 2026-02-07 19:45:05,473 autoreload 18748 6356 C:\Users\TJ Rash\Desktop\INFNITE MARKET\E_COMMERCE\api\serializers.py changed, reloading.
INFO 2026-02-07 19:45:08,701 autoreload 17984 26212 Watching for file changes with StatReloader
INFO 2026-02-07 19:45:11,267 autoreload 17984 26212 C:\Users\TJ Rash\Desktop\INFNITE MARKET\E_COMMERCE\api\views.py changed, reloading.
INFO 2026-02-07 19:45:13,206 autoreload 25836 12440 Watching for file changes with StatReloader
INFO 2026-02-07 19:46:19,755 views 25836 15204 Payment initiation requested for order 22 by user buyertwo@gmail.com
INFO 2026-02-07 19:46:20,074 views 25836 15204 Order found: 22, total amount: 12000.00
INFO 2026-02-07 19:46:20,406 views 25836 15204 Payment data validated: OrderedDict({'payment_type': 'initiate_pay'})
INFO 2026-02-07 19:46:20,407 payment_service 25836 15204 FapshiPaymentService initialized:
INFO 2026-02-07 19:46:20,407 payment_service 25836 15204   Base URL: https://sandbox.fapshi.com
INFO 2026-02-07 19:46:20,407 payment_service 25836 15204   API User: 25917560-52cc-49f2-9f4e-59661b816b12
INFO 2026-02-07 19:46:20,408 payment_service 25836 15204   API Key set: Yes
INFO 2026-02-07 19:46:20,408 payment_service 25836 15204 Creating payment for order 22
INFO 2026-02-07 19:46:20,410 payment_service 25836 15204 Order total amount: 12000.00
INFO 2026-02-07 19:46:20,410 payment_service 25836 15204 Payment type: initiate_pay
INFO 2026-02-07 19:46:20,731 payment_service 25836 15204 User details: buyertwo@gmail.com, ID: 64
INFO 2026-02-07 19:46:21,058 payment_service 25836 15204 Payment record created with ID: 12
INFO 2026-02-07 19:46:21,058 payment_service 25836 15204 Initiating payment link request:
INFO 2026-02-07 19:46:21,059 payment_service 25836 15204   URL: https://sandbox.fapshi.com/initiate-pay
INFO 2026-02-07 19:46:21,059 payment_service 25836 15204   Payload: {
  "amount": 12000,
  "email": "buyertwo@gmail.com",
  "userId": "64",
  "externalId": "order_22",
  "message": "Payment for Order #22"
}
INFO 2026-02-07 19:46:21,059 payment_service 25836 15204   Headers: {'Content-Type': 'application/json', 'apikey': 'FAK_TEST_a0fcb2cb788bad459442', 'apiuser': '25917560-52cc-49f2-9f4e-59661b816b12'}
INFO 2026-02-07 19:46:23,414 payment_service 25836 15204 Response status code: 200
INFO 2026-02-07 19:46:23,414 payment_service 25836 15204 Response headers: {'content-type': 'application/json; charset=utf-8', 'vary': 'Accept-Encoding', 'access-control-allow-origin': '*', 'content-security-policy': "default-src 'self';base-uri 'self';font-src 'self' https: data:;form-action 'self';frame-ancestors 'self';img-src 'self' data:;object-src 'none';script-src 'self';script-src-attr 'none';style-src 'self' https: 'unsafe-inline';upgrade-insecure-requests", 'cross-origin-opener-policy': 'same-origin', 'cross-origin-resource-policy': 'same-origin', 'origin-agent-cluster': '?1', 'referrer-policy': 'no-referrer', 'strict-transport-security': 'max-age=31536000; includeSubDomains', 'x-content-type-options': 'nosniff', 'x-dns-prefetch-control': 'off', 'x-download-options': 'noopen', 'x-frame-options': 'SAMEORIGIN', 'x-permitted-cross-domain-policies': 'none', 'x-xss-protection': '0', 'access-control-allow-headers': 'Origin, Content-Type, Accept, apiUser, apiKey', 'etag': 'W/"ad-TKfD1EJNoLyR/O4uVJRYoo3vKDU"', 'content-encoding': 'gzip', 'x-cloud-trace-context': '657583e5e540ac0cedfd653e7f6cdf40;o=1', 'date': 'Sat, 07 Feb 2026 18:46:25 GMT', 'server': 'Google Frontend', 'Transfer-Encoding': 'chunked'}
INFO 2026-02-07 19:46:23,415 payment_service 25836 15204 Response data: {
  "message": "Request successful",
  "link": "https://checkout.fapshi.com/test/payment/69878880c9b265f862b5177e",
  "transId": "VIF2hswa3A",
  "dateInitiated": "2026-02-07T18:46:24.996Z"
}
INFO 2026-02-07 19:46:23,417 payment_service 25836 15204 Payment link initiation result: {'message': 'Request successful', 'link': 'https://checkout.fapshi.com/test/payment/69878880c9b265f862b5177e', 'transId': 'VIF2hswa3A', 'dateInitiated': '2026-02-07T18:46:24.996Z'}
INFO 2026-02-07 19:46:23,418 payment_service 25836 15204 Payment link generated successfully
INFO 2026-02-07 19:46:23,418 payment_service 25836 15204 Payment link set: https://checkout.fapshi.com/test/payment/69878880c9b265f862b5177e
INFO 2026-02-07 19:46:23,418 payment_service 25836 15204 Payment date initiated: 2026-02-07 18:46:24.996000+00:00
INFO 2026-02-07 19:46:23,734 payment_service 25836 15204 Payment record updated successfully
INFO 2026-02-07 19:46:23,734 views 25836 15204 Payment creation result: {'success': True, 'payment_id': 12, 'trans_id': 'VIF2hswa3A', 'payment_link': 'https://checkout.fapshi.com/test/payment/69878880c9b265f862b5177e', 'message': 'Request successful'}
INFO 2026-02-07 19:46:23,735 views 25836 15204 Payment initiated successfully for order 22
INFO 2026-02-07 19:50:29,820 views 25836 20080 Payment initiation requested for order 23 by user buyertwo@gmail.com
INFO 2026-02-07 19:50:30,156 views 25836 20080 Order found: 23, total amount: 34000.00
INFO 2026-02-07 19:50:30,461 views 25836 20080 Payment data validated: OrderedDict({'payment_type': 'initiate_pay'})
INFO 2026-02-07 19:50:30,462 payment_service 25836 20080 FapshiPaymentService initialized:
INFO 2026-02-07 19:50:30,462 payment_service 25836 20080   Base URL: https://sandbox.fapshi.com
INFO 2026-02-07 19:50:30,463 payment_service 25836 20080   API User: 25917560-52cc-49f2-9f4e-59661b816b12
INFO 2026-02-07 19:50:30,463 payment_service 25836 20080   API Key set: Yes
INFO 2026-02-07 19:50:30,463 payment_service 25836 20080 Creating payment for order 23
INFO 2026-02-07 19:50:30,464 payment_service 25836 20080 Order total amount: 34000.00
INFO 2026-02-07 19:50:30,464 payment_service 25836 20080 Payment type: initiate_pay
INFO 2026-02-07 19:50:31,056 payment_service 25836 20080 User details: buyertwo@gmail.com, ID: 64
INFO 2026-02-07 19:50:31,381 payment_service 25836 20080 Payment record created with ID: 13
INFO 2026-02-07 19:50:31,381 payment_service 25836 20080 Initiating payment link request:
INFO 2026-02-07 19:50:31,382 payment_service 25836 20080   URL: https://sandbox.fapshi.com/initiate-pay
INFO 2026-02-07 19:50:31,382 payment_service 25836 20080   Payload: {
  "amount": 34000,
  "email": "buyertwo@gmail.com",
  "userId": "64",
  "externalId": "order_23",
  "message": "Payment for Order #23"
}
INFO 2026-02-07 19:50:31,382 payment_service 25836 20080   Headers: {'Content-Type': 'application/json', 'apikey': 'FAK_TEST_a0fcb2cb788bad459442', 'apiuser': '25917560-52cc-49f2-9f4e-59661b816b12'}
INFO 2026-02-07 19:50:34,037 payment_service 25836 20080 Response status code: 200
INFO 2026-02-07 19:50:34,038 payment_service 25836 20080 Response headers: {'content-type': 'application/json; charset=utf-8', 'vary': 'Accept-Encoding', 'access-control-allow-origin': '*', 'content-security-policy': "default-src 'self';base-uri 'self';font-src 'self' https: data:;form-action 'self';frame-ancestors 'self';img-src 'self' data:;object-src 'none';script-src 'self';script-src-attr 'none';style-src 'self' https: 'unsafe-inline';upgrade-insecure-requests", 'cross-origin-opener-policy': 'same-origin', 'cross-origin-resource-policy': 'same-origin', 'origin-agent-cluster': '?1', 'referrer-policy': 'no-referrer', 'strict-transport-security': 'max-age=31536000; includeSubDomains', 'x-content-type-options': 'nosniff', 'x-dns-prefetch-control': 'off', 'x-download-options': 'noopen', 'x-frame-options': 'SAMEORIGIN', 'x-permitted-cross-domain-policies': 'none', 'x-xss-protection': '0', 'access-control-allow-headers': 'Origin, Content-Type, Accept, apiUser, apiKey', 'etag': 'W/"ad-DfUQxeqT7ahzI1rUWAA0UDs7IMw"', 'content-encoding': 'gzip', 'x-cloud-trace-context': '11ae5de9e1b9c43b1b29e37f916b84e2;o=1', 'date': 'Sat, 07 Feb 2026 18:50:35 GMT', 'server': 'Google Frontend', 'Transfer-Encoding': 'chunked'}
INFO 2026-02-07 19:50:34,038 payment_service 25836 20080 Response data: {
  "message": "Request successful",
  "link": "https://checkout.fapshi.com/test/payment/6987897bc9b265f862b51781",
  "transId": "l4wHRt6eJK",
  "dateInitiated": "2026-02-07T18:50:35.615Z"
}
INFO 2026-02-07 19:50:34,041 payment_service 25836 20080 Payment link initiation result: {'message': 'Request successful', 'link': 'https://checkout.fapshi.com/test/payment/6987897bc9b265f862b51781', 'transId': 'l4wHRt6eJK', 'dateInitiated': '2026-02-07T18:50:35.615Z'}
INFO 2026-02-07 19:50:34,041 payment_service 25836 20080 Payment link generated successfully
INFO 2026-02-07 19:50:34,042 payment_service 25836 20080 Payment link set: https://checkout.fapshi.com/test/payment/6987897bc9b265f862b51781
INFO 2026-02-07 19:50:34,045 payment_service 25836 20080 Payment date initiated: 2026-02-07 18:50:35.615000+00:00
INFO 2026-02-07 19:50:34,342 payment_service 25836 20080 Payment record updated successfully
INFO 2026-02-07 19:50:34,343 views 25836 20080 Payment creation result: {'success': True, 'payment_id': 13, 'trans_id': 'l4wHRt6eJK', 'payment_link': 'https://checkout.fapshi.com/test/payment/6987897bc9b265f862b51781', 'message': 'Request successful'}
INFO 2026-02-07 19:50:34,344 views 25836 20080 Payment initiated successfully for order 23
INFO 2026-02-07 19:52:40,258 views 25836 20080 Payment initiation requested for order 24 by user buyertwo@gmail.com
INFO 2026-02-07 19:52:40,557 views 25836 20080 Order found: 24, total amount: 10000.00
INFO 2026-02-07 19:52:40,873 views 25836 20080 Payment data validated: OrderedDict({'payment_type': 'initiate_pay'})
INFO 2026-02-07 19:52:40,874 payment_service 25836 20080 FapshiPaymentService initialized:
INFO 2026-02-07 19:52:40,874 payment_service 25836 20080   Base URL: https://sandbox.fapshi.com
INFO 2026-02-07 19:52:40,874 payment_service 25836 20080   API User: 25917560-52cc-49f2-9f4e-59661b816b12
INFO 2026-02-07 19:52:40,874 payment_service 25836 20080   API Key set: Yes
INFO 2026-02-07 19:52:40,874 payment_service 25836 20080 Creating payment for order 24
INFO 2026-02-07 19:52:40,875 payment_service 25836 20080 Order total amount: 10000.00
INFO 2026-02-07 19:52:40,875 payment_service 25836 20080 Payment type: initiate_pay
INFO 2026-02-07 19:52:41,198 payment_service 25836 20080 User details: buyertwo@gmail.com, ID: 64
INFO 2026-02-07 19:52:41,497 payment_service 25836 20080 Payment record created with ID: 14
INFO 2026-02-07 19:52:41,498 payment_service 25836 20080 Initiating payment link request:
INFO 2026-02-07 19:52:41,498 payment_service 25836 20080   URL: https://sandbox.fapshi.com/initiate-pay
INFO 2026-02-07 19:52:41,498 payment_service 25836 20080   Payload: {
  "amount": 10000,
  "email": "buyertwo@gmail.com",
  "userId": "64",
  "externalId": "order_24",
  "message": "Payment for Order #24"
}
INFO 2026-02-07 19:52:41,498 payment_service 25836 20080   Headers: {'Content-Type': 'application/json', 'apikey': 'FAK_TEST_a0fcb2cb788bad459442', 'apiuser': '25917560-52cc-49f2-9f4e-59661b816b12'}
INFO 2026-02-07 19:52:43,979 payment_service 25836 20080 Response status code: 200
INFO 2026-02-07 19:52:43,979 payment_service 25836 20080 Response headers: {'content-type': 'application/json; charset=utf-8', 'vary': 'Accept-Encoding', 'access-control-allow-origin': '*', 'content-security-policy': "default-src 'self';base-uri 'self';font-src 'self' https: data:;form-action 'self';frame-ancestors 'self';img-src 'self' data:;object-src 'none';script-src 'self';script-src-attr 'none';style-src 'self' https: 'unsafe-inline';upgrade-insecure-requests", 'cross-origin-opener-policy': 'same-origin', 'cross-origin-resource-policy': 'same-origin', 'origin-agent-cluster': '?1', 'referrer-policy': 'no-referrer', 'strict-transport-security': 'max-age=31536000; includeSubDomains', 'x-content-type-options': 'nosniff', 'x-dns-prefetch-control': 'off', 'x-download-options': 'noopen', 'x-frame-options': 'SAMEORIGIN', 'x-permitted-cross-domain-policies': 'none', 'x-xss-protection': '0', 'access-control-allow-headers': 'Origin, Content-Type, Accept, apiUser, apiKey', 'etag': 'W/"ad-lujbwzD/YscyqvYWlA5vlfL1XU0"', 'content-encoding': 'gzip', 'x-cloud-trace-context': '42cce145a8a3111102d5f176f482f647;o=1', 'date': 'Sat, 07 Feb 2026 18:52:45 GMT', 'server': 'Google Frontend', 'Transfer-Encoding': 'chunked'}
INFO 2026-02-07 19:52:43,980 payment_service 25836 20080 Response data: {
  "message": "Request successful",
  "link": "https://checkout.fapshi.com/test/payment/698789fdc9b265f862b51783",
  "transId": "i8ALTim30u",
  "dateInitiated": "2026-02-07T18:52:45.336Z"
}
INFO 2026-02-07 19:52:43,982 payment_service 25836 20080 Payment link initiation result: {'message': 'Request successful', 'link': 'https://checkout.fapshi.com/test/payment/698789fdc9b265f862b51783', 'transId': 'i8ALTim30u', 'dateInitiated': '2026-02-07T18:52:45.336Z'}
INFO 2026-02-07 19:52:43,983 payment_service 25836 20080 Payment link generated successfully
INFO 2026-02-07 19:52:43,983 payment_service 25836 20080 Payment link set: https://checkout.fapshi.com/test/payment/698789fdc9b265f862b51783
INFO 2026-02-07 19:52:43,983 payment_service 25836 20080 Payment date initiated: 2026-02-07 18:52:45.336000+00:00
INFO 2026-02-07 19:52:44,317 payment_service 25836 20080 Payment record updated successfully
INFO 2026-02-07 19:52:44,318 views 25836 20080 Payment creation result: {'success': True, 'payment_id': 14, 'trans_id': 'i8ALTim30u', 'payment_link': 'https://checkout.fapshi.com/test/payment/698789fdc9b265f862b51783', 'message': 'Request successful'}
INFO 2026-02-07 19:52:44,318 views 25836 20080 Payment initiated successfully for order 24
INFO 2026-02-07 19:54:53,802 views 25836 20080 Payment initiation requested for order 25 by user buyertwo@gmail.com
INFO 2026-02-07 19:54:54,108 views 25836 20080 Order found: 25, total amount: 55000.00
INFO 2026-02-07 19:54:54,401 views 25836 20080 Payment data validated: OrderedDict({'payment_type': 'initiate_pay'})
INFO 2026-02-07 19:54:54,401 payment_service 25836 20080 FapshiPaymentService initialized:
INFO 2026-02-07 19:54:54,401 payment_service 25836 20080   Base URL: https://sandbox.fapshi.com
INFO 2026-02-07 19:54:54,401 payment_service 25836 20080   API User: 25917560-52cc-49f2-9f4e-59661b816b12
INFO 2026-02-07 19:54:54,402 payment_service 25836 20080   API Key set: Yes
INFO 2026-02-07 19:54:54,402 payment_service 25836 20080 Creating payment for order 25
INFO 2026-02-07 19:54:54,402 payment_service 25836 20080 Order total amount: 55000.00
INFO 2026-02-07 19:54:54,403 payment_service 25836 20080 Payment type: initiate_pay
INFO 2026-02-07 19:54:54,702 payment_service 25836 20080 User details: buyertwo@gmail.com, ID: 64
INFO 2026-02-07 19:54:55,038 payment_service 25836 20080 Payment record created with ID: 15
INFO 2026-02-07 19:54:55,038 payment_service 25836 20080 Initiating payment link request:
INFO 2026-02-07 19:54:55,039 payment_service 25836 20080   URL: https://sandbox.fapshi.com/initiate-pay
INFO 2026-02-07 19:54:55,039 payment_service 25836 20080   Payload: {
  "amount": 55000,
  "email": "buyertwo@gmail.com",
  "userId": "64",
  "externalId": "order_25",
  "message": "Payment for Order #25"
}
INFO 2026-02-07 19:54:55,039 payment_service 25836 20080   Headers: {'Content-Type': 'application/json', 'apikey': 'FAK_TEST_a0fcb2cb788bad459442', 'apiuser': '25917560-52cc-49f2-9f4e-59661b816b12'}
INFO 2026-02-07 19:54:56,668 payment_service 25836 20080 Response status code: 200
INFO 2026-02-07 19:54:56,669 payment_service 25836 20080 Response headers: {'content-type': 'application/json; charset=utf-8', 'vary': 'Accept-Encoding', 'access-control-allow-origin': '*', 'content-security-policy': "default-src 'self';base-uri 'self';font-src 'self' https: data:;form-action 'self';frame-ancestors 'self';img-src 'self' data:;object-src 'none';script-src 'self';script-src-attr 'none';style-src 'self' https: 'unsafe-inline';upgrade-insecure-requests", 'cross-origin-opener-policy': 'same-origin', 'cross-origin-resource-policy': 'same-origin', 'origin-agent-cluster': '?1', 'referrer-policy': 'no-referrer', 'strict-transport-security': 'max-age=31536000; includeSubDomains', 'x-content-type-options': 'nosniff', 'x-dns-prefetch-control': 'off', 'x-download-options': 'noopen', 'x-frame-options': 'SAMEORIGIN', 'x-permitted-cross-domain-policies': 'none', 'x-xss-protection': '0', 'access-control-allow-headers': 'Origin, Content-Type, Accept, apiUser, apiKey', 'etag': 'W/"ad-Gy8sYPqbsb99zTHqrDmL5cYT/vE"', 'content-encoding': 'gzip', 'x-cloud-trace-context': '056bcc98cf1c5d7764dff60197bd68b8;o=1', 'date': 'Sat, 07 Feb 2026 18:54:58 GMT', 'server': 'Google Frontend', 'Transfer-Encoding': 'chunked'}
INFO 2026-02-07 19:54:56,669 payment_service 25836 20080 Response data: {
  "message": "Request successful",
  "link": "https://checkout.fapshi.com/test/payment/69878a82c9b265f862b51785",
  "transId": "qNhaNwVsKF",
  "dateInitiated": "2026-02-07T18:54:58.266Z"
}
INFO 2026-02-07 19:54:56,672 payment_service 25836 20080 Payment link initiation result: {'message': 'Request successful', 'link': 'https://checkout.fapshi.com/test/payment/69878a82c9b265f862b51785', 'transId': 'qNhaNwVsKF', 'dateInitiated': '2026-02-07T18:54:58.266Z'}
INFO 2026-02-07 19:54:56,672 payment_service 25836 20080 Payment link generated successfully
INFO 2026-02-07 19:54:56,672 payment_service 25836 20080 Payment link set: https://checkout.fapshi.com/test/payment/69878a82c9b265f862b51785
INFO 2026-02-07 19:54:56,673 payment_service 25836 20080 Payment date initiated: 2026-02-07 18:54:58.266000+00:00
INFO 2026-02-07 19:54:56,986 payment_service 25836 20080 Payment record updated successfully
INFO 2026-02-07 19:54:56,987 views 25836 20080 Payment creation result: {'success': True, 'payment_id': 15, 'trans_id': 'qNhaNwVsKF', 'payment_link': 'https://checkout.fapshi.com/test/payment/69878a82c9b265f862b51785', 'message': 'Request successful'}
INFO 2026-02-07 19:54:56,987 views 25836 20080 Payment initiated successfully for order 25
INFO 2026-02-07 19:56:59,861 views 25836 20080 Payment initiation requested for order 26 by user buyertwo@gmail.com
INFO 2026-02-07 19:57:00,206 views 25836 20080 Order found: 26, total amount: 34000.00
INFO 2026-02-07 19:57:00,533 views 25836 20080 Payment data validated: OrderedDict({'payment_type': 'initiate_pay'})
INFO 2026-02-07 19:57:00,534 payment_service 25836 20080 FapshiPaymentService initialized:
INFO 2026-02-07 19:57:00,534 payment_service 25836 20080   Base URL: https://sandbox.fapshi.com
INFO 2026-02-07 19:57:00,534 payment_service 25836 20080   API User: 25917560-52cc-49f2-9f4e-59661b816b12
INFO 2026-02-07 19:57:00,535 payment_service 25836 20080   API Key set: Yes
INFO 2026-02-07 19:57:00,535 payment_service 25836 20080 Creating payment for order 26
INFO 2026-02-07 19:57:00,535 payment_service 25836 20080 Order total amount: 34000.00
INFO 2026-02-07 19:57:00,535 payment_service 25836 20080 Payment type: initiate_pay
INFO 2026-02-07 19:57:00,854 payment_service 25836 20080 User details: buyertwo@gmail.com, ID: 64
INFO 2026-02-07 19:57:01,171 payment_service 25836 20080 Payment record created with ID: 16
INFO 2026-02-07 19:57:01,171 payment_service 25836 20080 Initiating payment link request:
INFO 2026-02-07 19:57:01,171 payment_service 25836 20080   URL: https://sandbox.fapshi.com/initiate-pay
INFO 2026-02-07 19:57:01,171 payment_service 25836 20080   Payload: {
  "amount": 34000,
  "email": "buyertwo@gmail.com",
  "userId": "64",
  "externalId": "order_26",
  "message": "Payment for Order #26"
}
INFO 2026-02-07 19:57:01,172 payment_service 25836 20080   Headers: {'Content-Type': 'application/json', 'apikey': 'FAK_TEST_a0fcb2cb788bad459442', 'apiuser': '25917560-52cc-49f2-9f4e-59661b816b12'}
INFO 2026-02-07 19:57:03,275 payment_service 25836 20080 Response status code: 200
INFO 2026-02-07 19:57:03,275 payment_service 25836 20080 Response headers: {'content-type': 'application/json; charset=utf-8', 'vary': 'Accept-Encoding', 'access-control-allow-origin': '*', 'content-security-policy': "default-src 'self';base-uri 'self';font-src 'self' https: data:;form-action 'self';frame-ancestors 'self';img-src 'self' data:;object-src 'none';script-src 'self';script-src-attr 'none';style-src 'self' https: 'unsafe-inline';upgrade-insecure-requests", 'cross-origin-opener-policy': 'same-origin', 'cross-origin-resource-policy': 'same-origin', 'origin-agent-cluster': '?1', 'referrer-policy': 'no-referrer', 'strict-transport-security': 'max-age=31536000; includeSubDomains', 'x-content-type-options': 'nosniff', 'x-dns-prefetch-control': 'off', 'x-download-options': 'noopen', 'x-frame-options': 'SAMEORIGIN', 'x-permitted-cross-domain-policies': 'none', 'x-xss-protection': '0', 'access-control-allow-headers': 'Origin, Content-Type, Accept, apiUser, apiKey', 'etag': 'W/"ad-gCm79wBtWQF844igUONHHrjpdk0"', 'content-encoding': 'gzip', 'x-cloud-trace-context': 'c4aad8f994ca08fb3a44513644852fcb;o=1', 'date': 'Sat, 07 Feb 2026 18:57:04 GMT', 'server': 'Google Frontend', 'Transfer-Encoding': 'chunked'}
INFO 2026-02-07 19:57:03,275 payment_service 25836 20080 Response data: {
  "message": "Request successful",
  "link": "https://checkout.fapshi.com/test/payment/69878b00c9b265f862b51788",
  "transId": "BRzQhqF0dq",
  "dateInitiated": "2026-02-07T18:57:04.866Z"
}
INFO 2026-02-07 19:57:03,278 payment_service 25836 20080 Payment link initiation result: {'message': 'Request successful', 'link': 'https://checkout.fapshi.com/test/payment/69878b00c9b265f862b51788', 'transId': 'BRzQhqF0dq', 'dateInitiated': '2026-02-07T18:57:04.866Z'}
INFO 2026-02-07 19:57:03,278 payment_service 25836 20080 Payment link generated successfully
INFO 2026-02-07 19:57:03,278 payment_service 25836 20080 Payment link set: https://checkout.fapshi.com/test/payment/69878b00c9b265f862b51788
INFO 2026-02-07 19:57:03,279 payment_service 25836 20080 Payment date initiated: 2026-02-07 18:57:04.866000+00:00
INFO 2026-02-07 19:57:03,647 payment_service 25836 20080 Payment record updated successfully
INFO 2026-02-07 19:57:03,647 views 25836 20080 Payment creation result: {'success': True, 'payment_id': 16, 'trans_id': 'BRzQhqF0dq', 'payment_link': 'https://checkout.fapshi.com/test/payment/69878b00c9b265f862b51788', 'message': 'Request successful'}
INFO 2026-02-07 19:57:03,649 views 25836 20080 Payment initiated successfully for order 26
INFO 2026-02-07 19:59:23,435 views 25836 20080 Payment initiation requested for order 27 by user buyertwo@gmail.com
INFO 2026-02-07 19:59:23,752 views 25836 20080 Order found: 27, total amount: 10000.00
INFO 2026-02-07 19:59:24,077 views 25836 20080 Payment data validated: OrderedDict({'payment_type': 'initiate_pay'})
INFO 2026-02-07 19:59:24,077 payment_service 25836 20080 FapshiPaymentService initialized:
INFO 2026-02-07 19:59:24,078 payment_service 25836 20080   Base URL: https://sandbox.fapshi.com
INFO 2026-02-07 19:59:24,078 payment_service 25836 20080   API User: 25917560-52cc-49f2-9f4e-59661b816b12
INFO 2026-02-07 19:59:24,078 payment_service 25836 20080   API Key set: Yes
INFO 2026-02-07 19:59:24,078 payment_service 25836 20080 Creating payment for order 27
INFO 2026-02-07 19:59:24,078 payment_service 25836 20080 Order total amount: 10000.00
INFO 2026-02-07 19:59:24,078 payment_service 25836 20080 Payment type: initiate_pay
INFO 2026-02-07 19:59:24,452 payment_service 25836 20080 User details: buyertwo@gmail.com, ID: 64
INFO 2026-02-07 19:59:24,757 payment_service 25836 20080 Payment record created with ID: 17
INFO 2026-02-07 19:59:24,758 payment_service 25836 20080 Initiating payment link request:
INFO 2026-02-07 19:59:24,758 payment_service 25836 20080   URL: https://sandbox.fapshi.com/initiate-pay
INFO 2026-02-07 19:59:24,758 payment_service 25836 20080   Payload: {
  "amount": 10000,
  "email": "buyertwo@gmail.com",
  "userId": "64",
  "externalId": "order_27",
  "message": "Payment for Order #27"
}
INFO 2026-02-07 19:59:24,758 payment_service 25836 20080   Headers: {'Content-Type': 'application/json', 'apikey': 'FAK_TEST_a0fcb2cb788bad459442', 'apiuser': '25917560-52cc-49f2-9f4e-59661b816b12'}
INFO 2026-02-07 19:59:27,036 payment_service 25836 20080 Response status code: 200
INFO 2026-02-07 19:59:27,036 payment_service 25836 20080 Response headers: {'content-type': 'application/json; charset=utf-8', 'vary': 'Accept-Encoding', 'access-control-allow-origin': '*', 'content-security-policy': "default-src 'self';base-uri 'self';font-src 'self' https: data:;form-action 'self';frame-ancestors 'self';img-src 'self' data:;object-src 'none';script-src 'self';script-src-attr 'none';style-src 'self' https: 'unsafe-inline';upgrade-insecure-requests", 'cross-origin-opener-policy': 'same-origin', 'cross-origin-resource-policy': 'same-origin', 'origin-agent-cluster': '?1', 'referrer-policy': 'no-referrer', 'strict-transport-security': 'max-age=31536000; includeSubDomains', 'x-content-type-options': 'nosniff', 'x-dns-prefetch-control': 'off', 'x-download-options': 'noopen', 'x-frame-options': 'SAMEORIGIN', 'x-permitted-cross-domain-policies': 'none', 'x-xss-protection': '0', 'access-control-allow-headers': 'Origin, Content-Type, Accept, apiUser, apiKey', 'etag': 'W/"ad-ostKEl8jlOJhxYHQUD7WD4XIMO4"', 'content-encoding': 'gzip', 'x-cloud-trace-context': 'b553023b0f3df11bbc13e16b3d35e47f;o=1', 'date': 'Sat, 07 Feb 2026 18:59:28 GMT', 'server': 'Google Frontend', 'Transfer-Encoding': 'chunked'}
INFO 2026-02-07 19:59:27,037 payment_service 25836 20080 Response data: {
  "message": "Request successful",
  "link": "https://checkout.fapshi.com/test/payment/69878b90c9b265f862b51792",
  "transId": "MpzWFwyrcL",
  "dateInitiated": "2026-02-07T18:59:28.633Z"
}
INFO 2026-02-07 19:59:27,038 payment_service 25836 20080 Payment link initiation result: {'message': 'Request successful', 'link': 'https://checkout.fapshi.com/test/payment/69878b90c9b265f862b51792', 'transId': 'MpzWFwyrcL', 'dateInitiated': '2026-02-07T18:59:28.633Z'}
INFO 2026-02-07 19:59:27,039 payment_service 25836 20080 Payment link generated successfully
INFO 2026-02-07 19:59:27,039 payment_service 25836 20080 Payment link set: https://checkout.fapshi.com/test/payment/69878b90c9b265f862b51792
INFO 2026-02-07 19:59:27,040 payment_service 25836 20080 Payment date initiated: 2026-02-07 18:59:28.633000+00:00
INFO 2026-02-07 19:59:27,354 payment_service 25836 20080 Payment record updated successfully
INFO 2026-02-07 19:59:27,355 views 25836 20080 Payment creation result: {'success': True, 'payment_id': 17, 'trans_id': 'MpzWFwyrcL', 'payment_link': 'https://checkout.fapshi.com/test/payment/69878b90c9b265f862b51792', 'message': 'Request successful'}
INFO 2026-02-07 19:59:27,355 views 25836 20080 Payment initiated successfully for order 27
INFO 2026-02-07 20:02:22,102 views 25836 20080 Payment initiation requested for order 28 by user buyertwo@gmail.com
INFO 2026-02-07 20:02:22,489 views 25836 20080 Order found: 28, total amount: 34020.00
INFO 2026-02-07 20:02:22,805 views 25836 20080 Payment data validated: OrderedDict({'payment_type': 'initiate_pay'})
INFO 2026-02-07 20:02:22,806 payment_service 25836 20080 FapshiPaymentService initialized:
INFO 2026-02-07 20:02:22,806 payment_service 25836 20080   Base URL: https://sandbox.fapshi.com
INFO 2026-02-07 20:02:22,806 payment_service 25836 20080   API User: 25917560-52cc-49f2-9f4e-59661b816b12
INFO 2026-02-07 20:02:22,806 payment_service 25836 20080   API Key set: Yes
INFO 2026-02-07 20:02:22,806 payment_service 25836 20080 Creating payment for order 28
INFO 2026-02-07 20:02:22,807 payment_service 25836 20080 Order total amount: 34020.00
INFO 2026-02-07 20:02:22,807 payment_service 25836 20080 Payment type: initiate_pay
INFO 2026-02-07 20:02:23,234 payment_service 25836 20080 User details: buyertwo@gmail.com, ID: 64
INFO 2026-02-07 20:02:23,555 payment_service 25836 20080 Payment record created with ID: 18
INFO 2026-02-07 20:02:23,555 payment_service 25836 20080 Initiating payment link request:
INFO 2026-02-07 20:02:23,556 payment_service 25836 20080   URL: https://sandbox.fapshi.com/initiate-pay
INFO 2026-02-07 20:02:23,556 payment_service 25836 20080   Payload: {
  "amount": 34020,
  "email": "buyertwo@gmail.com",
  "userId": "64",
  "externalId": "order_28",
  "message": "Payment for Order #28"
}
INFO 2026-02-07 20:02:23,556 payment_service 25836 20080   Headers: {'Content-Type': 'application/json', 'apikey': 'FAK_TEST_a0fcb2cb788bad459442', 'apiuser': '25917560-52cc-49f2-9f4e-59661b816b12'}
INFO 2026-02-07 20:02:25,515 payment_service 25836 20080 Response status code: 200
INFO 2026-02-07 20:02:25,515 payment_service 25836 20080 Response headers: {'content-type': 'application/json; charset=utf-8', 'vary': 'Accept-Encoding', 'access-control-allow-origin': '*', 'content-security-policy': "default-src 'self';base-uri 'self';font-src 'self' https: data:;form-action 'self';frame-ancestors 'self';img-src 'self' data:;object-src 'none';script-src 'self';script-src-attr 'none';style-src 'self' https: 'unsafe-inline';upgrade-insecure-requests", 'cross-origin-opener-policy': 'same-origin', 'cross-origin-resource-policy': 'same-origin', 'origin-agent-cluster': '?1', 'referrer-policy': 'no-referrer', 'strict-transport-security': 'max-age=31536000; includeSubDomains', 'x-content-type-options': 'nosniff', 'x-dns-prefetch-control': 'off', 'x-download-options': 'noopen', 'x-frame-options': 'SAMEORIGIN', 'x-permitted-cross-domain-policies': 'none', 'x-xss-protection': '0', 'access-control-allow-headers': 'Origin, Content-Type, Accept, apiUser, apiKey', 'etag': 'W/"ad-K7UQzRCxXYzhNF8YcEsnzYhwaDY"', 'content-encoding': 'gzip', 'x-cloud-trace-context': '9919297bc1520d8bd4575ea7f9226600;o=1', 'date': 'Sat, 07 Feb 2026 19:02:27 GMT', 'server': 'Google Frontend', 'Transfer-Encoding': 'chunked'}
INFO 2026-02-07 20:02:25,515 payment_service 25836 20080 Response data: {
  "message": "Request successful",
  "link": "https://checkout.fapshi.com/test/payment/69878c43c9b265f862b51795",
  "transId": "pd7Y2PiRRC",
  "dateInitiated": "2026-02-07T19:02:27.127Z"
}
INFO 2026-02-07 20:02:25,518 payment_service 25836 20080 Payment link initiation result: {'message': 'Request successful', 'link': 'https://checkout.fapshi.com/test/payment/69878c43c9b265f862b51795', 'transId': 'pd7Y2PiRRC', 'dateInitiated': '2026-02-07T19:02:27.127Z'}
INFO 2026-02-07 20:02:25,518 payment_service 25836 20080 Payment link generated successfully
INFO 2026-02-07 20:02:25,518 payment_service 25836 20080 Payment link set: https://checkout.fapshi.com/test/payment/69878c43c9b265f862b51795
INFO 2026-02-07 20:02:25,519 payment_service 25836 20080 Payment date initiated: 2026-02-07 19:02:27.127000+00:00
INFO 2026-02-07 20:02:25,827 payment_service 25836 20080 Payment record updated successfully
INFO 2026-02-07 20:02:25,828 views 25836 20080 Payment creation result: {'success': True, 'payment_id': 18, 'trans_id': 'pd7Y2PiRRC', 'payment_link': 'https://checkout.fapshi.com/test/payment/69878c43c9b265f862b51795', 'message': 'Request successful'}
INFO 2026-02-07 20:02:25,829 views 25836 20080 Payment initiated successfully for order 28
INFO 2026-02-07 20:05:32,643 views 25836 20080 Payment initiation requested for order 29 by user buyertwo@gmail.com
INFO 2026-02-07 20:05:33,030 views 25836 20080 Order found: 29, total amount: 12000.00
INFO 2026-02-07 20:05:33,347 views 25836 20080 Payment data validated: OrderedDict({'payment_type': 'initiate_pay'})
INFO 2026-02-07 20:05:33,347 payment_service 25836 20080 FapshiPaymentService initialized:
INFO 2026-02-07 20:05:33,347 payment_service 25836 20080   Base URL: https://sandbox.fapshi.com
INFO 2026-02-07 20:05:33,347 payment_service 25836 20080   API User: 25917560-52cc-49f2-9f4e-59661b816b12
INFO 2026-02-07 20:05:33,347 payment_service 25836 20080   API Key set: Yes
INFO 2026-02-07 20:05:33,347 payment_service 25836 20080 Creating payment for order 29
INFO 2026-02-07 20:05:33,348 payment_service 25836 20080 Order total amount: 12000.00
INFO 2026-02-07 20:05:33,348 payment_service 25836 20080 Payment type: initiate_pay
INFO 2026-02-07 20:05:33,679 payment_service 25836 20080 User details: buyertwo@gmail.com, ID: 64
INFO 2026-02-07 20:05:33,974 payment_service 25836 20080 Payment record created with ID: 19
INFO 2026-02-07 20:05:33,975 payment_service 25836 20080 Initiating payment link request:
INFO 2026-02-07 20:05:33,975 payment_service 25836 20080   URL: https://sandbox.fapshi.com/initiate-pay
INFO 2026-02-07 20:05:33,975 payment_service 25836 20080   Payload: {
  "amount": 12000,
  "email": "buyertwo@gmail.com",
  "userId": "64",
  "externalId": "order_29",
  "message": "Payment for Order #29"
}
INFO 2026-02-07 20:05:33,975 payment_service 25836 20080   Headers: {'Content-Type': 'application/json', 'apikey': 'FAK_TEST_a0fcb2cb788bad459442', 'apiuser': '25917560-52cc-49f2-9f4e-59661b816b12'}
INFO 2026-02-07 20:05:37,163 payment_service 25836 20080 Response status code: 200
INFO 2026-02-07 20:05:37,164 payment_service 25836 20080 Response headers: {'content-type': 'application/json; charset=utf-8', 'vary': 'Accept-Encoding', 'access-control-allow-origin': '*', 'content-security-policy': "default-src 'self';base-uri 'self';font-src 'self' https: data:;form-action 'self';frame-ancestors 'self';img-src 'self' data:;object-src 'none';script-src 'self';script-src-attr 'none';style-src 'self' https: 'unsafe-inline';upgrade-insecure-requests", 'cross-origin-opener-policy': 'same-origin', 'cross-origin-resource-policy': 'same-origin', 'origin-agent-cluster': '?1', 'referrer-policy': 'no-referrer', 'strict-transport-security': 'max-age=31536000; includeSubDomains', 'x-content-type-options': 'nosniff', 'x-dns-prefetch-control': 'off', 'x-download-options': 'noopen', 'x-frame-options': 'SAMEORIGIN', 'x-permitted-cross-domain-policies': 'none', 'x-xss-protection': '0', 'access-control-allow-headers': 'Origin, Content-Type, Accept, apiUser, apiKey', 'etag': 'W/"ad-p0jVt2MA4TwUiBnWE24Fm0qr/mw"', 'content-encoding': 'gzip', 'x-cloud-trace-context': '0c3668a6e43447aea1915a60ae8b4678;o=1', 'date': 'Sat, 07 Feb 2026 19:05:38 GMT', 'server': 'Google Frontend', 'Transfer-Encoding': 'chunked'}
INFO 2026-02-07 20:05:37,164 payment_service 25836 20080 Response data: {
  "message": "Request successful",
  "link": "https://checkout.fapshi.com/test/payment/69878d02c9b265f862b51798",
  "transId": "wEdxViutta",
  "dateInitiated": "2026-02-07T19:05:38.787Z"
}
INFO 2026-02-07 20:05:37,166 payment_service 25836 20080 Payment link initiation result: {'message': 'Request successful', 'link': 'https://checkout.fapshi.com/test/payment/69878d02c9b265f862b51798', 'transId': 'wEdxViutta', 'dateInitiated': '2026-02-07T19:05:38.787Z'}
INFO 2026-02-07 20:05:37,166 payment_service 25836 20080 Payment link generated successfully
INFO 2026-02-07 20:05:37,167 payment_service 25836 20080 Payment link set: https://checkout.fapshi.com/test/payment/69878d02c9b265f862b51798
INFO 2026-02-07 20:05:37,167 payment_service 25836 20080 Payment date initiated: 2026-02-07 19:05:38.787000+00:00
INFO 2026-02-07 20:05:37,481 payment_service 25836 20080 Payment record updated successfully
INFO 2026-02-07 20:05:37,481 views 25836 20080 Payment creation result: {'success': True, 'payment_id': 19, 'trans_id': 'wEdxViutta', 'payment_link': 'https://checkout.fapshi.com/test/payment/69878d02c9b265f862b51798', 'message': 'Request successful'}
INFO 2026-02-07 20:05:37,481 views 25836 20080 Payment initiated successfully for order 29
ERROR 2026-02-07 20:08:27,332 log 25836 592 Internal Server Error: /api/orders/
Traceback (most recent call last):
  File "C:\Users\TJ Rash\Desktop\INFNITE MARKET\E_COMMERCE\myenv\Lib\site-packages\django\db\models\fields\related_descriptors.py", line 241, in __get__
    rel_obj = self.field.get_cached_value(instance)
  File "C:\Users\TJ Rash\Desktop\INFNITE MARKET\E_COMMERCE\myenv\Lib\site-packages\django\db\models\fields\mixins.py", line 21, in get_cached_value
    return instance._state.fields_cache[self.cache_name]
           ~~~~~~~~~~~~~~~~~~~~~~~~~~~~^^^^^^^^^^^^^^^^^
KeyError: 'seller'

During handling of the above exception, another exception occurred:

Traceback (most recent call last):
  File "C:\Users\TJ Rash\Desktop\INFNITE MARKET\E_COMMERCE\myenv\Lib\site-packages\django\db\backends\utils.py", line 105, in _execute
    return self.cursor.execute(sql, params)
           ~~~~~~~~~~~~~~~~~~~^^^^^^^^^^^^^
psycopg2.OperationalError: server closed the connection unexpectedly
	This probably means the server terminated abnormally
	before or while processing the request.
server closed the connection unexpectedly
	This probably means the server terminated abnormally
	before or while processing the request.


The above exception was the direct cause of the following exception:

Traceback (most recent call last):
  File "C:\Users\TJ Rash\Desktop\INFNITE MARKET\E_COMMERCE\myenv\Lib\site-packages\django\core\handlers\exception.py", line 55, in inner
    response = get_response(request)
  File "C:\Users\TJ Rash\Desktop\INFNITE MARKET\E_COMMERCE\myenv\Lib\site-packages\django\core\handlers\base.py", line 198, in _get_response
    response = wrapped_callback(request, *callback_args, **callback_kwargs)
  File "C:\Users\TJ Rash\Desktop\INFNITE MARKET\E_COMMERCE\myenv\Lib\site-packages\django\views\decorators\csrf.py", line 65, in _view_wrapper
    return view_func(request, *args, **kwargs)
  File "C:\Users\TJ Rash\Desktop\INFNITE MARKET\E_COMMERCE\myenv\Lib\site-packages\django\views\generic\base.py", line 106, in view
    return self.dispatch(request, *args, **kwargs)
           ~~~~~~~~~~~~~^^^^^^^^^^^^^^^^^^^^^^^^^^
  File "C:\Users\TJ Rash\Desktop\INFNITE MARKET\E_COMMERCE\myenv\Lib\site-packages\rest_framework\views.py", line 509, in dispatch
    response = self.handle_exception(exc)
  File "C:\Users\TJ Rash\Desktop\INFNITE MARKET\E_COMMERCE\myenv\Lib\site-packages\rest_framework\views.py", line 469, in handle_exception
    self.raise_uncaught_exception(exc)
    ~~~~~~~~~~~~~~~~~~~~~~~~~~~~~^^^^^
  File "C:\Users\TJ Rash\Desktop\INFNITE MARKET\E_COMMERCE\myenv\Lib\site-packages\rest_framework\views.py", line 480, in raise_uncaught_exception
    raise exc
  File "C:\Users\TJ Rash\Desktop\INFNITE MARKET\E_COMMERCE\myenv\Lib\site-packages\rest_framework\views.py", line 506, in dispatch
    response = handler(request, *args, **kwargs)
  File "C:\Users\TJ Rash\Desktop\INFNITE MARKET\E_COMMERCE\myenv\Lib\site-packages\rest_framework\decorators.py", line 50, in handler
    return func(*args, **kwargs)
  File "C:\Users\TJ Rash\Desktop\INFNITE MARKET\E_COMMERCE\api\views.py", line 902, in my_orders
    'data': serializer.data
            ^^^^^^^^^^^^^^^
  File "C:\Users\TJ Rash\Desktop\INFNITE MARKET\E_COMMERCE\myenv\Lib\site-packages\rest_framework\serializers.py", line 768, in data
    ret = super().data
          ^^^^^^^^^^^^
  File "C:\Users\TJ Rash\Desktop\INFNITE MARKET\E_COMMERCE\myenv\Lib\site-packages\rest_framework\serializers.py", line 253, in data
    self._data = self.to_representation(self.instance)
                 ~~~~~~~~~~~~~~~~~~~~~~^^^^^^^^^^^^^^^
  File "C:\Users\TJ Rash\Desktop\INFNITE MARKET\E_COMMERCE\myenv\Lib\site-packages\rest_framework\serializers.py", line 687, in to_representation
    self.child.to_representation(item) for item in iterable
    ~~~~~~~~~~~~~~~~~~~~~~~~~~~~^^^^^^
  File "C:\Users\TJ Rash\Desktop\INFNITE MARKET\E_COMMERCE\myenv\Lib\site-packages\rest_framework\serializers.py", line 522, in to_representation
    ret[field.field_name] = field.to_representation(attribute)
                            ~~~~~~~~~~~~~~~~~~~~~~~^^^^^^^^^^^
  File "C:\Users\TJ Rash\Desktop\INFNITE MARKET\E_COMMERCE\myenv\Lib\site-packages\rest_framework\serializers.py", line 687, in to_representation
    self.child.to_representation(item) for item in iterable
    ~~~~~~~~~~~~~~~~~~~~~~~~~~~~^^^^^^
  File "C:\Users\TJ Rash\Desktop\INFNITE MARKET\E_COMMERCE\myenv\Lib\site-packages\rest_framework\serializers.py", line 522, in to_representation
    ret[field.field_name] = field.to_representation(attribute)
                            ~~~~~~~~~~~~~~~~~~~~~~~^^^^^^^^^^^
  File "C:\Users\TJ Rash\Desktop\INFNITE MARKET\E_COMMERCE\myenv\Lib\site-packages\rest_framework\serializers.py", line 509, in to_representation
    attribute = field.get_attribute(instance)
  File "C:\Users\TJ Rash\Desktop\INFNITE MARKET\E_COMMERCE\myenv\Lib\site-packages\rest_framework\fields.py", line 446, in get_attribute
    return get_attribute(instance, self.source_attrs)
  File "C:\Users\TJ Rash\Desktop\INFNITE MARKET\E_COMMERCE\myenv\Lib\site-packages\rest_framework\fields.py", line 96, in get_attribute
    instance = getattr(instance, attr)
  File "C:\Users\TJ Rash\Desktop\INFNITE MARKET\E_COMMERCE\myenv\Lib\site-packages\django\db\models\fields\related_descriptors.py", line 257, in __get__
    rel_obj = self.get_object(instance)
  File "C:\Users\TJ Rash\Desktop\INFNITE MARKET\E_COMMERCE\myenv\Lib\site-packages\django\db\models\fields\related_descriptors.py", line 222, in get_object
    return qs.get(self.field.get_reverse_related_filter(instance))
           ~~~~~~^^^^^^^^^^^^^^^^^^^^^^^^^^^^^^^^^^^^^^^^^^^^^^^^^
  File "C:\Users\TJ Rash\Desktop\INFNITE MARKET\E_COMMERCE\myenv\Lib\site-packages\django\db\models\query.py", line 635, in get
    num = len(clone)
  File "C:\Users\TJ Rash\Desktop\INFNITE MARKET\E_COMMERCE\myenv\Lib\site-packages\django\db\models\query.py", line 372, in __len__
    self._fetch_all()
    ~~~~~~~~~~~~~~~^^
  File "C:\Users\TJ Rash\Desktop\INFNITE MARKET\E_COMMERCE\myenv\Lib\site-packages\django\db\models\query.py", line 2000, in _fetch_all
    self._result_cache = list(self._iterable_class(self))
                         ~~~~^^^^^^^^^^^^^^^^^^^^^^^^^^^^
  File "C:\Users\TJ Rash\Desktop\INFNITE MARKET\E_COMMERCE\myenv\Lib\site-packages\django\db\models\query.py", line 95, in __iter__
    results = compiler.execute_sql(
        chunked_fetch=self.chunked_fetch, chunk_size=self.chunk_size
    )
  File "C:\Users\TJ Rash\Desktop\INFNITE MARKET\E_COMMERCE\myenv\Lib\site-packages\django\db\models\sql\compiler.py", line 1624, in execute_sql
    cursor.execute(sql, params)
    ~~~~~~~~~~~~~~^^^^^^^^^^^^^
  File "C:\Users\TJ Rash\Desktop\INFNITE MARKET\E_COMMERCE\myenv\Lib\site-packages\django\db\backends\utils.py", line 122, in execute
    return super().execute(sql, params)
           ~~~~~~~~~~~~~~~^^^^^^^^^^^^^
  File "C:\Users\TJ Rash\Desktop\INFNITE MARKET\E_COMMERCE\myenv\Lib\site-packages\django\db\backends\utils.py", line 79, in execute
    return self._execute_with_wrappers(
           ~~~~~~~~~~~~~~~~~~~~~~~~~~~^
        sql, params, many=False, executor=self._execute
        ^^^^^^^^^^^^^^^^^^^^^^^^^^^^^^^^^^^^^^^^^^^^^^^
    )
    ^
  File "C:\Users\TJ Rash\Desktop\INFNITE MARKET\E_COMMERCE\myenv\Lib\site-packages\django\db\backends\utils.py", line 92, in _execute_with_wrappers
    return executor(sql, params, many, context)
  File "C:\Users\TJ Rash\Desktop\INFNITE MARKET\E_COMMERCE\myenv\Lib\site-packages\django\db\backends\utils.py", line 100, in _execute
    with self.db.wrap_database_errors:
         ^^^^^^^^^^^^^^^^^^^^^^^^^^^^
  File "C:\Users\TJ Rash\Desktop\INFNITE MARKET\E_COMMERCE\myenv\Lib\site-packages\django\db\utils.py", line 94, in __exit__
    raise dj_exc_value.with_traceback(traceback) from exc_value
  File "C:\Users\TJ Rash\Desktop\INFNITE MARKET\E_COMMERCE\myenv\Lib\site-packages\django\db\backends\utils.py", line 105, in _execute
    return self.cursor.execute(sql, params)
           ~~~~~~~~~~~~~~~~~~~^^^^^^^^^^^^^
django.db.utils.OperationalError: server closed the connection unexpectedly
	This probably means the server terminated abnormally
	before or while processing the request.
server closed the connection unexpectedly
	This probably means the server terminated abnormally
	before or while processing the request.

ERROR 2026-02-07 20:08:27,364 log 25836 25888 Internal Server Error: /api/orders/
Traceback (most recent call last):
  File "C:\Users\TJ Rash\Desktop\INFNITE MARKET\E_COMMERCE\myenv\Lib\site-packages\django\db\models\fields\related_descriptors.py", line 241, in __get__
    rel_obj = self.field.get_cached_value(instance)
  File "C:\Users\TJ Rash\Desktop\INFNITE MARKET\E_COMMERCE\myenv\Lib\site-packages\django\db\models\fields\mixins.py", line 21, in get_cached_value
    return instance._state.fields_cache[self.cache_name]
           ~~~~~~~~~~~~~~~~~~~~~~~~~~~~^^^^^^^^^^^^^^^^^
KeyError: 'seller'

During handling of the above exception, another exception occurred:

Traceback (most recent call last):
  File "C:\Users\TJ Rash\Desktop\INFNITE MARKET\E_COMMERCE\myenv\Lib\site-packages\django\db\backends\utils.py", line 105, in _execute
    return self.cursor.execute(sql, params)
           ~~~~~~~~~~~~~~~~~~~^^^^^^^^^^^^^
psycopg2.OperationalError: server closed the connection unexpectedly
	This probably means the server terminated abnormally
	before or while processing the request.
server closed the connection unexpectedly
	This probably means the server terminated abnormally
	before or while processing the request.


The above exception was the direct cause of the following exception:

Traceback (most recent call last):
  File "C:\Users\TJ Rash\Desktop\INFNITE MARKET\E_COMMERCE\myenv\Lib\site-packages\django\core\handlers\exception.py", line 55, in inner
    response = get_response(request)
  File "C:\Users\TJ Rash\Desktop\INFNITE MARKET\E_COMMERCE\myenv\Lib\site-packages\django\core\handlers\base.py", line 198, in _get_response
    response = wrapped_callback(request, *callback_args, **callback_kwargs)
  File "C:\Users\TJ Rash\Desktop\INFNITE MARKET\E_COMMERCE\myenv\Lib\site-packages\django\views\decorators\csrf.py", line 65, in _view_wrapper
    return view_func(request, *args, **kwargs)
  File "C:\Users\TJ Rash\Desktop\INFNITE MARKET\E_COMMERCE\myenv\Lib\site-packages\django\views\generic\base.py", line 106, in view
    return self.dispatch(request, *args, **kwargs)
           ~~~~~~~~~~~~~^^^^^^^^^^^^^^^^^^^^^^^^^^
  File "C:\Users\TJ Rash\Desktop\INFNITE MARKET\E_COMMERCE\myenv\Lib\site-packages\rest_framework\views.py", line 509, in dispatch
    response = self.handle_exception(exc)
  File "C:\Users\TJ Rash\Desktop\INFNITE MARKET\E_COMMERCE\myenv\Lib\site-packages\rest_framework\views.py", line 469, in handle_exception
    self.raise_uncaught_exception(exc)
    ~~~~~~~~~~~~~~~~~~~~~~~~~~~~~^^^^^
  File "C:\Users\TJ Rash\Desktop\INFNITE MARKET\E_COMMERCE\myenv\Lib\site-packages\rest_framework\views.py", line 480, in raise_uncaught_exception
    raise exc
  File "C:\Users\TJ Rash\Desktop\INFNITE MARKET\E_COMMERCE\myenv\Lib\site-packages\rest_framework\views.py", line 506, in dispatch
    response = handler(request, *args, **kwargs)
  File "C:\Users\TJ Rash\Desktop\INFNITE MARKET\E_COMMERCE\myenv\Lib\site-packages\rest_framework\decorators.py", line 50, in handler
    return func(*args, **kwargs)
  File "C:\Users\TJ Rash\Desktop\INFNITE MARKET\E_COMMERCE\api\views.py", line 902, in my_orders
    'data': serializer.data
            ^^^^^^^^^^^^^^^
  File "C:\Users\TJ Rash\Desktop\INFNITE MARKET\E_COMMERCE\myenv\Lib\site-packages\rest_framework\serializers.py", line 768, in data
    ret = super().data
          ^^^^^^^^^^^^
  File "C:\Users\TJ Rash\Desktop\INFNITE MARKET\E_COMMERCE\myenv\Lib\site-packages\rest_framework\serializers.py", line 253, in data
    self._data = self.to_representation(self.instance)
                 ~~~~~~~~~~~~~~~~~~~~~~^^^^^^^^^^^^^^^
  File "C:\Users\TJ Rash\Desktop\INFNITE MARKET\E_COMMERCE\myenv\Lib\site-packages\rest_framework\serializers.py", line 687, in to_representation
    self.child.to_representation(item) for item in iterable
    ~~~~~~~~~~~~~~~~~~~~~~~~~~~~^^^^^^
  File "C:\Users\TJ Rash\Desktop\INFNITE MARKET\E_COMMERCE\myenv\Lib\site-packages\rest_framework\serializers.py", line 522, in to_representation
    ret[field.field_name] = field.to_representation(attribute)
                            ~~~~~~~~~~~~~~~~~~~~~~~^^^^^^^^^^^
  File "C:\Users\TJ Rash\Desktop\INFNITE MARKET\E_COMMERCE\myenv\Lib\site-packages\rest_framework\serializers.py", line 687, in to_representation
    self.child.to_representation(item) for item in iterable
    ~~~~~~~~~~~~~~~~~~~~~~~~~~~~^^^^^^
  File "C:\Users\TJ Rash\Desktop\INFNITE MARKET\E_COMMERCE\myenv\Lib\site-packages\rest_framework\serializers.py", line 522, in to_representation
    ret[field.field_name] = field.to_representation(attribute)
                            ~~~~~~~~~~~~~~~~~~~~~~~^^^^^^^^^^^
  File "C:\Users\TJ Rash\Desktop\INFNITE MARKET\E_COMMERCE\myenv\Lib\site-packages\rest_framework\serializers.py", line 509, in to_representation
    attribute = field.get_attribute(instance)
  File "C:\Users\TJ Rash\Desktop\INFNITE MARKET\E_COMMERCE\myenv\Lib\site-packages\rest_framework\fields.py", line 446, in get_attribute
    return get_attribute(instance, self.source_attrs)
  File "C:\Users\TJ Rash\Desktop\INFNITE MARKET\E_COMMERCE\myenv\Lib\site-packages\rest_framework\fields.py", line 96, in get_attribute
    instance = getattr(instance, attr)
  File "C:\Users\TJ Rash\Desktop\INFNITE MARKET\E_COMMERCE\myenv\Lib\site-packages\django\db\models\fields\related_descriptors.py", line 257, in __get__
    rel_obj = self.get_object(instance)
  File "C:\Users\TJ Rash\Desktop\INFNITE MARKET\E_COMMERCE\myenv\Lib\site-packages\django\db\models\fields\related_descriptors.py", line 222, in get_object
    return qs.get(self.field.get_reverse_related_filter(instance))
           ~~~~~~^^^^^^^^^^^^^^^^^^^^^^^^^^^^^^^^^^^^^^^^^^^^^^^^^
  File "C:\Users\TJ Rash\Desktop\INFNITE MARKET\E_COMMERCE\myenv\Lib\site-packages\django\db\models\query.py", line 635, in get
    num = len(clone)
  File "C:\Users\TJ Rash\Desktop\INFNITE MARKET\E_COMMERCE\myenv\Lib\site-packages\django\db\models\query.py", line 372, in __len__
    self._fetch_all()
    ~~~~~~~~~~~~~~~^^
  File "C:\Users\TJ Rash\Desktop\INFNITE MARKET\E_COMMERCE\myenv\Lib\site-packages\django\db\models\query.py", line 2000, in _fetch_all
    self._result_cache = list(self._iterable_class(self))
                         ~~~~^^^^^^^^^^^^^^^^^^^^^^^^^^^^
  File "C:\Users\TJ Rash\Desktop\INFNITE MARKET\E_COMMERCE\myenv\Lib\site-packages\django\db\models\query.py", line 95, in __iter__
    results = compiler.execute_sql(
        chunked_fetch=self.chunked_fetch, chunk_size=self.chunk_size
    )
  File "C:\Users\TJ Rash\Desktop\INFNITE MARKET\E_COMMERCE\myenv\Lib\site-packages\django\db\models\sql\compiler.py", line 1624, in execute_sql
    cursor.execute(sql, params)
    ~~~~~~~~~~~~~~^^^^^^^^^^^^^
  File "C:\Users\TJ Rash\Desktop\INFNITE MARKET\E_COMMERCE\myenv\Lib\site-packages\django\db\backends\utils.py", line 122, in execute
    return super().execute(sql, params)
           ~~~~~~~~~~~~~~~^^^^^^^^^^^^^
  File "C:\Users\TJ Rash\Desktop\INFNITE MARKET\E_COMMERCE\myenv\Lib\site-packages\django\db\backends\utils.py", line 79, in execute
    return self._execute_with_wrappers(
           ~~~~~~~~~~~~~~~~~~~~~~~~~~~^
        sql, params, many=False, executor=self._execute
        ^^^^^^^^^^^^^^^^^^^^^^^^^^^^^^^^^^^^^^^^^^^^^^^
    )
    ^
  File "C:\Users\TJ Rash\Desktop\INFNITE MARKET\E_COMMERCE\myenv\Lib\site-packages\django\db\backends\utils.py", line 92, in _execute_with_wrappers
    return executor(sql, params, many, context)
  File "C:\Users\TJ Rash\Desktop\INFNITE MARKET\E_COMMERCE\myenv\Lib\site-packages\django\db\backends\utils.py", line 100, in _execute
    with self.db.wrap_database_errors:
         ^^^^^^^^^^^^^^^^^^^^^^^^^^^^
  File "C:\Users\TJ Rash\Desktop\INFNITE MARKET\E_COMMERCE\myenv\Lib\site-packages\django\db\utils.py", line 94, in __exit__
    raise dj_exc_value.with_traceback(traceback) from exc_value
  File "C:\Users\TJ Rash\Desktop\INFNITE MARKET\E_COMMERCE\myenv\Lib\site-packages\django\db\backends\utils.py", line 105, in _execute
    return self.cursor.execute(sql, params)
           ~~~~~~~~~~~~~~~~~~~^^^^^^^^^^^^^
django.db.utils.OperationalError: server closed the connection unexpectedly
	This probably means the server terminated abnormally
	before or while processing the request.
server closed the connection unexpectedly
	This probably means the server terminated abnormally
	before or while processing the request.

ERROR 2026-02-07 20:08:27,387 log 25836 9704 Internal Server Error: /api/orders/
Traceback (most recent call last):
  File "C:\Users\TJ Rash\Desktop\INFNITE MARKET\E_COMMERCE\myenv\Lib\site-packages\django\db\models\fields\related_descriptors.py", line 241, in __get__
    rel_obj = self.field.get_cached_value(instance)
  File "C:\Users\TJ Rash\Desktop\INFNITE MARKET\E_COMMERCE\myenv\Lib\site-packages\django\db\models\fields\mixins.py", line 21, in get_cached_value
    return instance._state.fields_cache[self.cache_name]
           ~~~~~~~~~~~~~~~~~~~~~~~~~~~~^^^^^^^^^^^^^^^^^
KeyError: 'seller'

During handling of the above exception, another exception occurred:

Traceback (most recent call last):
  File "C:\Users\TJ Rash\Desktop\INFNITE MARKET\E_COMMERCE\myenv\Lib\site-packages\django\db\backends\utils.py", line 105, in _execute
    return self.cursor.execute(sql, params)
           ~~~~~~~~~~~~~~~~~~~^^^^^^^^^^^^^
psycopg2.OperationalError: server closed the connection unexpectedly
	This probably means the server terminated abnormally
	before or while processing the request.
server closed the connection unexpectedly
	This probably means the server terminated abnormally
	before or while processing the request.


The above exception was the direct cause of the following exception:

Traceback (most recent call last):
  File "C:\Users\TJ Rash\Desktop\INFNITE MARKET\E_COMMERCE\myenv\Lib\site-packages\django\core\handlers\exception.py", line 55, in inner
    response = get_response(request)
  File "C:\Users\TJ Rash\Desktop\INFNITE MARKET\E_COMMERCE\myenv\Lib\site-packages\django\core\handlers\base.py", line 198, in _get_response
    response = wrapped_callback(request, *callback_args, **callback_kwargs)
  File "C:\Users\TJ Rash\Desktop\INFNITE MARKET\E_COMMERCE\myenv\Lib\site-packages\django\views\decorators\csrf.py", line 65, in _view_wrapper
    return view_func(request, *args, **kwargs)
  File "C:\Users\TJ Rash\Desktop\INFNITE MARKET\E_COMMERCE\myenv\Lib\site-packages\django\views\generic\base.py", line 106, in view
    return self.dispatch(request, *args, **kwargs)
           ~~~~~~~~~~~~~^^^^^^^^^^^^^^^^^^^^^^^^^^
  File "C:\Users\TJ Rash\Desktop\INFNITE MARKET\E_COMMERCE\myenv\Lib\site-packages\rest_framework\views.py", line 509, in dispatch
    response = self.handle_exception(exc)
  File "C:\Users\TJ Rash\Desktop\INFNITE MARKET\E_COMMERCE\myenv\Lib\site-packages\rest_framework\views.py", line 469, in handle_exception
    self.raise_uncaught_exception(exc)
    ~~~~~~~~~~~~~~~~~~~~~~~~~~~~~^^^^^
  File "C:\Users\TJ Rash\Desktop\INFNITE MARKET\E_COMMERCE\myenv\Lib\site-packages\rest_framework\views.py", line 480, in raise_uncaught_exception
    raise exc
  File "C:\Users\TJ Rash\Desktop\INFNITE MARKET\E_COMMERCE\myenv\Lib\site-packages\rest_framework\views.py", line 506, in dispatch
    response = handler(request, *args, **kwargs)
  File "C:\Users\TJ Rash\Desktop\INFNITE MARKET\E_COMMERCE\myenv\Lib\site-packages\rest_framework\decorators.py", line 50, in handler
    return func(*args, **kwargs)
  File "C:\Users\TJ Rash\Desktop\INFNITE MARKET\E_COMMERCE\api\views.py", line 902, in my_orders
    'data': serializer.data
            ^^^^^^^^^^^^^^^
  File "C:\Users\TJ Rash\Desktop\INFNITE MARKET\E_COMMERCE\myenv\Lib\site-packages\rest_framework\serializers.py", line 768, in data
    ret = super().data
          ^^^^^^^^^^^^
  File "C:\Users\TJ Rash\Desktop\INFNITE MARKET\E_COMMERCE\myenv\Lib\site-packages\rest_framework\serializers.py", line 253, in data
    self._data = self.to_representation(self.instance)
                 ~~~~~~~~~~~~~~~~~~~~~~^^^^^^^^^^^^^^^
  File "C:\Users\TJ Rash\Desktop\INFNITE MARKET\E_COMMERCE\myenv\Lib\site-packages\rest_framework\serializers.py", line 687, in to_representation
    self.child.to_representation(item) for item in iterable
    ~~~~~~~~~~~~~~~~~~~~~~~~~~~~^^^^^^
  File "C:\Users\TJ Rash\Desktop\INFNITE MARKET\E_COMMERCE\myenv\Lib\site-packages\rest_framework\serializers.py", line 522, in to_representation
    ret[field.field_name] = field.to_representation(attribute)
                            ~~~~~~~~~~~~~~~~~~~~~~~^^^^^^^^^^^
  File "C:\Users\TJ Rash\Desktop\INFNITE MARKET\E_COMMERCE\myenv\Lib\site-packages\rest_framework\serializers.py", line 687, in to_representation
    self.child.to_representation(item) for item in iterable
    ~~~~~~~~~~~~~~~~~~~~~~~~~~~~^^^^^^
  File "C:\Users\TJ Rash\Desktop\INFNITE MARKET\E_COMMERCE\myenv\Lib\site-packages\rest_framework\serializers.py", line 522, in to_representation
    ret[field.field_name] = field.to_representation(attribute)
                            ~~~~~~~~~~~~~~~~~~~~~~~^^^^^^^^^^^
  File "C:\Users\TJ Rash\Desktop\INFNITE MARKET\E_COMMERCE\myenv\Lib\site-packages\rest_framework\serializers.py", line 509, in to_representation
    attribute = field.get_attribute(instance)
  File "C:\Users\TJ Rash\Desktop\INFNITE MARKET\E_COMMERCE\myenv\Lib\site-packages\rest_framework\fields.py", line 446, in get_attribute
    return get_attribute(instance, self.source_attrs)
  File "C:\Users\TJ Rash\Desktop\INFNITE MARKET\E_COMMERCE\myenv\Lib\site-packages\rest_framework\fields.py", line 96, in get_attribute
    instance = getattr(instance, attr)
  File "C:\Users\TJ Rash\Desktop\INFNITE MARKET\E_COMMERCE\myenv\Lib\site-packages\django\db\models\fields\related_descriptors.py", line 257, in __get__
    rel_obj = self.get_object(instance)
  File "C:\Users\TJ Rash\Desktop\INFNITE MARKET\E_COMMERCE\myenv\Lib\site-packages\django\db\models\fields\related_descriptors.py", line 222, in get_object
    return qs.get(self.field.get_reverse_related_filter(instance))
           ~~~~~~^^^^^^^^^^^^^^^^^^^^^^^^^^^^^^^^^^^^^^^^^^^^^^^^^
  File "C:\Users\TJ Rash\Desktop\INFNITE MARKET\E_COMMERCE\myenv\Lib\site-packages\django\db\models\query.py", line 635, in get
    num = len(clone)
  File "C:\Users\TJ Rash\Desktop\INFNITE MARKET\E_COMMERCE\myenv\Lib\site-packages\django\db\models\query.py", line 372, in __len__
    self._fetch_all()
    ~~~~~~~~~~~~~~~^^
  File "C:\Users\TJ Rash\Desktop\INFNITE MARKET\E_COMMERCE\myenv\Lib\site-packages\django\db\models\query.py", line 2000, in _fetch_all
    self._result_cache = list(self._iterable_class(self))
                         ~~~~^^^^^^^^^^^^^^^^^^^^^^^^^^^^
  File "C:\Users\TJ Rash\Desktop\INFNITE MARKET\E_COMMERCE\myenv\Lib\site-packages\django\db\models\query.py", line 95, in __iter__
    results = compiler.execute_sql(
        chunked_fetch=self.chunked_fetch, chunk_size=self.chunk_size
    )
  File "C:\Users\TJ Rash\Desktop\INFNITE MARKET\E_COMMERCE\myenv\Lib\site-packages\django\db\models\sql\compiler.py", line 1624, in execute_sql
    cursor.execute(sql, params)
    ~~~~~~~~~~~~~~^^^^^^^^^^^^^
  File "C:\Users\TJ Rash\Desktop\INFNITE MARKET\E_COMMERCE\myenv\Lib\site-packages\django\db\backends\utils.py", line 122, in execute
    return super().execute(sql, params)
           ~~~~~~~~~~~~~~~^^^^^^^^^^^^^
  File "C:\Users\TJ Rash\Desktop\INFNITE MARKET\E_COMMERCE\myenv\Lib\site-packages\django\db\backends\utils.py", line 79, in execute
    return self._execute_with_wrappers(
           ~~~~~~~~~~~~~~~~~~~~~~~~~~~^
        sql, params, many=False, executor=self._execute
        ^^^^^^^^^^^^^^^^^^^^^^^^^^^^^^^^^^^^^^^^^^^^^^^
    )
    ^
  File "C:\Users\TJ Rash\Desktop\INFNITE MARKET\E_COMMERCE\myenv\Lib\site-packages\django\db\backends\utils.py", line 92, in _execute_with_wrappers
    return executor(sql, params, many, context)
  File "C:\Users\TJ Rash\Desktop\INFNITE MARKET\E_COMMERCE\myenv\Lib\site-packages\django\db\backends\utils.py", line 100, in _execute
    with self.db.wrap_database_errors:
         ^^^^^^^^^^^^^^^^^^^^^^^^^^^^
  File "C:\Users\TJ Rash\Desktop\INFNITE MARKET\E_COMMERCE\myenv\Lib\site-packages\django\db\utils.py", line 94, in __exit__
    raise dj_exc_value.with_traceback(traceback) from exc_value
  File "C:\Users\TJ Rash\Desktop\INFNITE MARKET\E_COMMERCE\myenv\Lib\site-packages\django\db\backends\utils.py", line 105, in _execute
    return self.cursor.execute(sql, params)
           ~~~~~~~~~~~~~~~~~~~^^^^^^^^^^^^^
django.db.utils.OperationalError: server closed the connection unexpectedly
	This probably means the server terminated abnormally
	before or while processing the request.
server closed the connection unexpectedly
	This probably means the server terminated abnormally
	before or while processing the request.

ERROR 2026-02-07 20:08:31,151 log 25836 20080 Internal Server Error: /api/reports/my/
Traceback (most recent call last):
  File "C:\Users\TJ Rash\Desktop\INFNITE MARKET\E_COMMERCE\myenv\Lib\site-packages\django\db\backends\utils.py", line 105, in _execute
    return self.cursor.execute(sql, params)
           ~~~~~~~~~~~~~~~~~~~^^^^^^^^^^^^^
psycopg2.OperationalError: server closed the connection unexpectedly
	This probably means the server terminated abnormally
	before or while processing the request.
server closed the connection unexpectedly
	This probably means the server terminated abnormally
	before or while processing the request.


The above exception was the direct cause of the following exception:

Traceback (most recent call last):
  File "C:\Users\TJ Rash\Desktop\INFNITE MARKET\E_COMMERCE\myenv\Lib\site-packages\django\core\handlers\exception.py", line 55, in inner
    response = get_response(request)
  File "C:\Users\TJ Rash\Desktop\INFNITE MARKET\E_COMMERCE\myenv\Lib\site-packages\django\core\handlers\base.py", line 198, in _get_response
    response = wrapped_callback(request, *callback_args, **callback_kwargs)
  File "C:\Users\TJ Rash\Desktop\INFNITE MARKET\E_COMMERCE\myenv\Lib\site-packages\django\views\decorators\csrf.py", line 65, in _view_wrapper
    return view_func(request, *args, **kwargs)
  File "C:\Users\TJ Rash\Desktop\INFNITE MARKET\E_COMMERCE\myenv\Lib\site-packages\django\views\generic\base.py", line 106, in view
    return self.dispatch(request, *args, **kwargs)
           ~~~~~~~~~~~~~^^^^^^^^^^^^^^^^^^^^^^^^^^
  File "C:\Users\TJ Rash\Desktop\INFNITE MARKET\E_COMMERCE\myenv\Lib\site-packages\rest_framework\views.py", line 509, in dispatch
    response = self.handle_exception(exc)
  File "C:\Users\TJ Rash\Desktop\INFNITE MARKET\E_COMMERCE\myenv\Lib\site-packages\rest_framework\views.py", line 469, in handle_exception
    self.raise_uncaught_exception(exc)
    ~~~~~~~~~~~~~~~~~~~~~~~~~~~~~^^^^^
  File "C:\Users\TJ Rash\Desktop\INFNITE MARKET\E_COMMERCE\myenv\Lib\site-packages\rest_framework\views.py", line 480, in raise_uncaught_exception
    raise exc
  File "C:\Users\TJ Rash\Desktop\INFNITE MARKET\E_COMMERCE\myenv\Lib\site-packages\rest_framework\views.py", line 497, in dispatch
    self.initial(request, *args, **kwargs)
    ~~~~~~~~~~~~^^^^^^^^^^^^^^^^^^^^^^^^^^
  File "C:\Users\TJ Rash\Desktop\INFNITE MARKET\E_COMMERCE\myenv\Lib\site-packages\rest_framework\views.py", line 414, in initial
    self.perform_authentication(request)
    ~~~~~~~~~~~~~~~~~~~~~~~~~~~^^^^^^^^^
  File "C:\Users\TJ Rash\Desktop\INFNITE MARKET\E_COMMERCE\myenv\Lib\site-packages\rest_framework\views.py", line 324, in perform_authentication
    request.user
  File "C:\Users\TJ Rash\Desktop\INFNITE MARKET\E_COMMERCE\myenv\Lib\site-packages\rest_framework\request.py", line 227, in user
    self._authenticate()
    ~~~~~~~~~~~~~~~~~~^^
  File "C:\Users\TJ Rash\Desktop\INFNITE MARKET\E_COMMERCE\myenv\Lib\site-packages\rest_framework\request.py", line 380, in _authenticate
    user_auth_tuple = authenticator.authenticate(self)
  File "C:\Users\TJ Rash\Desktop\INFNITE MARKET\E_COMMERCE\myenv\Lib\site-packages\rest_framework_simplejwt\authentication.py", line 51, in authenticate
    return self.get_user(validated_token), validated_token
           ~~~~~~~~~~~~~^^^^^^^^^^^^^^^^^
  File "C:\Users\TJ Rash\Desktop\INFNITE MARKET\E_COMMERCE\myenv\Lib\site-packages\rest_framework_simplejwt\authentication.py", line 130, in get_user
    user = self.user_model.objects.get(**{api_settings.USER_ID_FIELD: user_id})
  File "C:\Users\TJ Rash\Desktop\INFNITE MARKET\E_COMMERCE\myenv\Lib\site-packages\django\db\models\manager.py", line 87, in manager_method
    return getattr(self.get_queryset(), name)(*args, **kwargs)
           ~~~~~~~~~~~~~~~~~~~~~~~~~~~~~~~~~~^^^^^^^^^^^^^^^^^
  File "C:\Users\TJ Rash\Desktop\INFNITE MARKET\E_COMMERCE\myenv\Lib\site-packages\django\db\models\query.py", line 635, in get
    num = len(clone)
  File "C:\Users\TJ Rash\Desktop\INFNITE MARKET\E_COMMERCE\myenv\Lib\site-packages\django\db\models\query.py", line 372, in __len__
    self._fetch_all()
    ~~~~~~~~~~~~~~~^^
  File "C:\Users\TJ Rash\Desktop\INFNITE MARKET\E_COMMERCE\myenv\Lib\site-packages\django\db\models\query.py", line 2000, in _fetch_all
    self._result_cache = list(self._iterable_class(self))
                         ~~~~^^^^^^^^^^^^^^^^^^^^^^^^^^^^
  File "C:\Users\TJ Rash\Desktop\INFNITE MARKET\E_COMMERCE\myenv\Lib\site-packages\django\db\models\query.py", line 95, in __iter__
    results = compiler.execute_sql(
        chunked_fetch=self.chunked_fetch, chunk_size=self.chunk_size
    )
  File "C:\Users\TJ Rash\Desktop\INFNITE MARKET\E_COMMERCE\myenv\Lib\site-packages\django\db\models\sql\compiler.py", line 1624, in execute_sql
    cursor.execute(sql, params)
    ~~~~~~~~~~~~~~^^^^^^^^^^^^^
  File "C:\Users\TJ Rash\Desktop\INFNITE MARKET\E_COMMERCE\myenv\Lib\site-packages\django\db\backends\utils.py", line 122, in execute
    return super().execute(sql, params)
           ~~~~~~~~~~~~~~~^^^^^^^^^^^^^
  File "C:\Users\TJ Rash\Desktop\INFNITE MARKET\E_COMMERCE\myenv\Lib\site-packages\django\db\backends\utils.py", line 79, in execute
    return self._execute_with_wrappers(
           ~~~~~~~~~~~~~~~~~~~~~~~~~~~^
        sql, params, many=False, executor=self._execute
        ^^^^^^^^^^^^^^^^^^^^^^^^^^^^^^^^^^^^^^^^^^^^^^^
    )
    ^
  File "C:\Users\TJ Rash\Desktop\INFNITE MARKET\E_COMMERCE\myenv\Lib\site-packages\django\db\backends\utils.py", line 92, in _execute_with_wrappers
    return executor(sql, params, many, context)
  File "C:\Users\TJ Rash\Desktop\INFNITE MARKET\E_COMMERCE\myenv\Lib\site-packages\django\db\backends\utils.py", line 100, in _execute
    with self.db.wrap_database_errors:
         ^^^^^^^^^^^^^^^^^^^^^^^^^^^^
  File "C:\Users\TJ Rash\Desktop\INFNITE MARKET\E_COMMERCE\myenv\Lib\site-packages\django\db\utils.py", line 94, in __exit__
    raise dj_exc_value.with_traceback(traceback) from exc_value
  File "C:\Users\TJ Rash\Desktop\INFNITE MARKET\E_COMMERCE\myenv\Lib\site-packages\django\db\backends\utils.py", line 105, in _execute
    return self.cursor.execute(sql, params)
           ~~~~~~~~~~~~~~~~~~~^^^^^^^^^^^^^
django.db.utils.OperationalError: server closed the connection unexpectedly
	This probably means the server terminated abnormally
	before or while processing the request.
server closed the connection unexpectedly
	This probably means the server terminated abnormally
	before or while processing the request.

INFO 2026-02-07 20:09:06,314 autoreload 7132 14112 Watching for file changes with StatReloader
WARNING 2026-02-07 20:14:42,571 log 7132 11168 Not Found: /api/buyer/orders/
WARNING 2026-02-07 20:14:42,705 log 7132 11168 Not Found: /api/buyer/orders/
WARNING 2026-02-07 20:15:01,611 log 7132 16732 Not Found: /api/buyer/orders/
WARNING 2026-02-07 20:15:01,629 log 7132 11168 Not Found: /api/buyer/orders/
WARNING 2026-02-07 20:15:03,343 log 7132 16732 Not Found: /api/buyer/orders/
WARNING 2026-02-07 20:15:03,364 log 7132 16732 Not Found: /api/buyer/orders/
WARNING 2026-02-07 20:15:06,070 log 7132 16732 Not Found: /api/buyer/orders/
WARNING 2026-02-07 20:15:06,085 log 7132 3028 Not Found: /api/buyer/orders/
WARNING 2026-02-07 20:15:06,878 log 7132 11168 Not Found: /api/buyer/orders/
WARNING 2026-02-07 20:15:06,902 log 7132 11168 Not Found: /api/buyer/orders/
INFO 2026-02-07 20:15:55,594 views 7132 16732 Payment initiation requested for order 30 by user buyertwo@gmail.com
INFO 2026-02-07 20:15:55,924 views 7132 16732 Order found: 30, total amount: 10000.00
INFO 2026-02-07 20:15:56,244 views 7132 16732 Payment data validated: OrderedDict({'payment_type': 'initiate_pay'})
INFO 2026-02-07 20:15:56,245 payment_service 7132 16732 FapshiPaymentService initialized:
INFO 2026-02-07 20:15:56,245 payment_service 7132 16732   Base URL: https://sandbox.fapshi.com
INFO 2026-02-07 20:15:56,245 payment_service 7132 16732   API User: 25917560-52cc-49f2-9f4e-59661b816b12
INFO 2026-02-07 20:15:56,245 payment_service 7132 16732   API Key set: Yes
INFO 2026-02-07 20:15:56,246 payment_service 7132 16732 Creating payment for order 30
INFO 2026-02-07 20:15:56,246 payment_service 7132 16732 Order total amount: 10000.00
INFO 2026-02-07 20:15:56,246 payment_service 7132 16732 Payment type: initiate_pay
INFO 2026-02-07 20:15:56,561 payment_service 7132 16732 User details: buyertwo@gmail.com, ID: 64
INFO 2026-02-07 20:15:57,419 payment_service 7132 16732 Payment record created with ID: 20
INFO 2026-02-07 20:15:57,420 payment_service 7132 16732 Initiating payment link request:
INFO 2026-02-07 20:15:57,421 payment_service 7132 16732   URL: https://sandbox.fapshi.com/initiate-pay
INFO 2026-02-07 20:15:57,422 payment_service 7132 16732   Payload: {
  "amount": 10000,
  "email": "buyertwo@gmail.com",
  "userId": "64",
  "externalId": "order_30",
  "message": "Payment for Order #30"
}
INFO 2026-02-07 20:15:57,423 payment_service 7132 16732   Headers: {'Content-Type': 'application/json', 'apikey': 'FAK_TEST_a0fcb2cb788bad459442', 'apiuser': '25917560-52cc-49f2-9f4e-59661b816b12'}
INFO 2026-02-07 20:16:00,779 payment_service 7132 16732 Response status code: 200
INFO 2026-02-07 20:16:00,780 payment_service 7132 16732 Response headers: {'content-type': 'application/json; charset=utf-8', 'vary': 'Accept-Encoding', 'access-control-allow-origin': '*', 'content-security-policy': "default-src 'self';base-uri 'self';font-src 'self' https: data:;form-action 'self';frame-ancestors 'self';img-src 'self' data:;object-src 'none';script-src 'self';script-src-attr 'none';style-src 'self' https: 'unsafe-inline';upgrade-insecure-requests", 'cross-origin-opener-policy': 'same-origin', 'cross-origin-resource-policy': 'same-origin', 'origin-agent-cluster': '?1', 'referrer-policy': 'no-referrer', 'strict-transport-security': 'max-age=31536000; includeSubDomains', 'x-content-type-options': 'nosniff', 'x-dns-prefetch-control': 'off', 'x-download-options': 'noopen', 'x-frame-options': 'SAMEORIGIN', 'x-permitted-cross-domain-policies': 'none', 'x-xss-protection': '0', 'access-control-allow-headers': 'Origin, Content-Type, Accept, apiUser, apiKey', 'etag': 'W/"ad-Ws12BZIFdChGRy0HwTnK1tXVpFY"', 'content-encoding': 'gzip', 'x-cloud-trace-context': 'd99678df801bd991cbd03234a349973a;o=1', 'date': 'Sat, 07 Feb 2026 19:16:02 GMT', 'server': 'Google Frontend', 'Transfer-Encoding': 'chunked'}
INFO 2026-02-07 20:16:00,780 payment_service 7132 16732 Response data: {
  "message": "Request successful",
  "link": "https://checkout.fapshi.com/test/payment/69878f72c9b265f862b517a2",
  "transId": "zWxZZuaXIC",
  "dateInitiated": "2026-02-07T19:16:02.403Z"
}
INFO 2026-02-07 20:16:00,782 payment_service 7132 16732 Payment link initiation result: {'message': 'Request successful', 'link': 'https://checkout.fapshi.com/test/payment/69878f72c9b265f862b517a2', 'transId': 'zWxZZuaXIC', 'dateInitiated': '2026-02-07T19:16:02.403Z'}
INFO 2026-02-07 20:16:00,783 payment_service 7132 16732 Payment link generated successfully
INFO 2026-02-07 20:16:00,783 payment_service 7132 16732 Payment link set: https://checkout.fapshi.com/test/payment/69878f72c9b265f862b517a2
INFO 2026-02-07 20:16:00,785 payment_service 7132 16732 Payment date initiated: 2026-02-07 19:16:02.403000+00:00
INFO 2026-02-07 20:16:01,120 payment_service 7132 16732 Payment record updated successfully
INFO 2026-02-07 20:16:01,120 views 7132 16732 Payment creation result: {'success': True, 'payment_id': 20, 'trans_id': 'zWxZZuaXIC', 'payment_link': 'https://checkout.fapshi.com/test/payment/69878f72c9b265f862b517a2', 'message': 'Request successful'}
INFO 2026-02-07 20:16:01,120 views 7132 16732 Payment initiated successfully for order 30
INFO 2026-02-07 20:18:24,745 autoreload 7132 14112 C:\Users\TJ Rash\Desktop\INFNITE MARKET\E_COMMERCE\api\views.py changed, reloading.
INFO 2026-02-07 20:18:27,038 autoreload 512 20492 Watching for file changes with StatReloader
INFO 2026-02-07 20:18:32,092 autoreload 512 20492 C:\Users\TJ Rash\Desktop\INFNITE MARKET\E_COMMERCE\api\serializers.py changed, reloading.
INFO 2026-02-07 20:18:34,196 autoreload 24796 25688 Watching for file changes with StatReloader
INFO 2026-02-07 20:18:37,676 autoreload 24796 25688 C:\Users\TJ Rash\Desktop\INFNITE MARKET\E_COMMERCE\api\serializers.py changed, reloading.
INFO 2026-02-07 20:18:39,342 autoreload 9772 22420 Watching for file changes with StatReloader
INFO 2026-02-07 20:23:01,947 views 9772 8712 Payment initiation requested for order 31 by user buyertwo@gmail.com
INFO 2026-02-07 20:23:02,269 views 9772 8712 Order found: 31, total amount: 34000.00
INFO 2026-02-07 20:23:02,610 views 9772 8712 Payment data validated: OrderedDict({'payment_type': 'initiate_pay'})
INFO 2026-02-07 20:23:02,610 payment_service 9772 8712 FapshiPaymentService initialized:
INFO 2026-02-07 20:23:02,611 payment_service 9772 8712   Base URL: https://sandbox.fapshi.com
INFO 2026-02-07 20:23:02,611 payment_service 9772 8712   API User: 25917560-52cc-49f2-9f4e-59661b816b12
INFO 2026-02-07 20:23:02,611 payment_service 9772 8712   API Key set: Yes
INFO 2026-02-07 20:23:02,611 payment_service 9772 8712 Creating payment for order 31
INFO 2026-02-07 20:23:02,611 payment_service 9772 8712 Order total amount: 34000.00
INFO 2026-02-07 20:23:02,611 payment_service 9772 8712 Payment type: initiate_pay
INFO 2026-02-07 20:23:02,944 payment_service 9772 8712 User details: buyertwo@gmail.com, ID: 64
INFO 2026-02-07 20:23:03,275 payment_service 9772 8712 Payment record created with ID: 21
INFO 2026-02-07 20:23:03,276 payment_service 9772 8712 Initiating payment link request:
INFO 2026-02-07 20:23:03,276 payment_service 9772 8712   URL: https://sandbox.fapshi.com/initiate-pay
INFO 2026-02-07 20:23:03,276 payment_service 9772 8712   Payload: {
  "amount": 34000,
  "email": "buyertwo@gmail.com",
  "userId": "64",
  "externalId": "order_31",
  "message": "Payment for Order #31"
}
INFO 2026-02-07 20:23:03,277 payment_service 9772 8712   Headers: {'Content-Type': 'application/json', 'apikey': 'FAK_TEST_a0fcb2cb788bad459442', 'apiuser': '25917560-52cc-49f2-9f4e-59661b816b12'}
INFO 2026-02-07 20:23:07,041 payment_service 9772 8712 Response status code: 200
INFO 2026-02-07 20:23:07,041 payment_service 9772 8712 Response headers: {'content-type': 'application/json; charset=utf-8', 'vary': 'Accept-Encoding', 'access-control-allow-origin': '*', 'content-security-policy': "default-src 'self';base-uri 'self';font-src 'self' https: data:;form-action 'self';frame-ancestors 'self';img-src 'self' data:;object-src 'none';script-src 'self';script-src-attr 'none';style-src 'self' https: 'unsafe-inline';upgrade-insecure-requests", 'cross-origin-opener-policy': 'same-origin', 'cross-origin-resource-policy': 'same-origin', 'origin-agent-cluster': '?1', 'referrer-policy': 'no-referrer', 'strict-transport-security': 'max-age=31536000; includeSubDomains', 'x-content-type-options': 'nosniff', 'x-dns-prefetch-control': 'off', 'x-download-options': 'noopen', 'x-frame-options': 'SAMEORIGIN', 'x-permitted-cross-domain-policies': 'none', 'x-xss-protection': '0', 'access-control-allow-headers': 'Origin, Content-Type, Accept, apiUser, apiKey', 'etag': 'W/"ad-VsN1NdaoY3t1WkYuV8U9SSUtvOs"', 'content-encoding': 'gzip', 'x-cloud-trace-context': '95e8c3f1bd7bd012bfe7a3e053bc1b10;o=1', 'date': 'Sat, 07 Feb 2026 19:23:08 GMT', 'server': 'Google Frontend', 'Transfer-Encoding': 'chunked'}
INFO 2026-02-07 20:23:07,041 payment_service 9772 8712 Response data: {
  "message": "Request successful",
  "link": "https://checkout.fapshi.com/test/payment/6987911bc9b265f862b517aa",
  "transId": "pGjbWsCwIG",
  "dateInitiated": "2026-02-07T19:23:07.984Z"
}
INFO 2026-02-07 20:23:07,043 payment_service 9772 8712 Payment link initiation result: {'message': 'Request successful', 'link': 'https://checkout.fapshi.com/test/payment/6987911bc9b265f862b517aa', 'transId': 'pGjbWsCwIG', 'dateInitiated': '2026-02-07T19:23:07.984Z'}
INFO 2026-02-07 20:23:07,043 payment_service 9772 8712 Payment link generated successfully
INFO 2026-02-07 20:23:07,044 payment_service 9772 8712 Payment link set: https://checkout.fapshi.com/test/payment/6987911bc9b265f862b517aa
INFO 2026-02-07 20:23:07,044 payment_service 9772 8712 Payment date initiated: 2026-02-07 19:23:07.984000+00:00
INFO 2026-02-07 20:23:07,398 payment_service 9772 8712 Payment record updated successfully
INFO 2026-02-07 20:23:07,399 views 9772 8712 Payment creation result: {'success': True, 'payment_id': 21, 'trans_id': 'pGjbWsCwIG', 'payment_link': 'https://checkout.fapshi.com/test/payment/6987911bc9b265f862b517aa', 'message': 'Request successful'}
INFO 2026-02-07 20:23:07,399 views 9772 8712 Payment initiated successfully for order 31
INFO 2026-02-07 20:26:05,095 autoreload 9772 22420 C:\Users\TJ Rash\Desktop\INFNITE MARKET\E_COMMERCE\api\views.py changed, reloading.
INFO 2026-02-07 20:26:07,884 autoreload 4180 3752 Watching for file changes with StatReloader
INFO 2026-02-07 20:26:17,588 autoreload 4180 3752 C:\Users\TJ Rash\Desktop\INFNITE MARKET\E_COMMERCE\api\views.py changed, reloading.
INFO 2026-02-07 20:26:19,141 autoreload 2688 18920 Watching for file changes with StatReloader
INFO 2026-02-07 20:26:26,709 autoreload 2688 18920 C:\Users\TJ Rash\Desktop\INFNITE MARKET\E_COMMERCE\api\models.py changed, reloading.
INFO 2026-02-07 20:26:28,284 autoreload 744 848 Watching for file changes with StatReloader
INFO 2026-02-07 20:26:56,046 autoreload 744 848 C:\Users\TJ Rash\Desktop\INFNITE MARKET\E_COMMERCE\api\views.py changed, reloading.
INFO 2026-02-07 20:26:58,005 autoreload 14004 20152 Watching for file changes with StatReloader
INFO 2026-02-07 20:30:20,113 autoreload 13100 24268 Watching for file changes with StatReloader
INFO 2026-02-07 20:31:29,686 views 13100 17864 Checkout initiated by user buyertwo@gmail.com
WARNING 2026-02-07 20:31:33,290 log 13100 17864 Bad Request: /api/cart/checkout/
INFO 2026-02-07 20:31:53,647 views 13100 17864 Checkout initiated by user buyertwo@gmail.com
WARNING 2026-02-07 20:31:54,290 log 13100 17864 Bad Request: /api/cart/checkout/
INFO 2026-02-07 20:32:09,282 views 13100 17864 Checkout initiated by user buyertwo@gmail.com
WARNING 2026-02-07 20:32:09,911 log 13100 17864 Bad Request: /api/cart/checkout/
INFO 2026-02-07 20:32:40,805 views 13100 17864 Checkout initiated by user buyertwo@gmail.com
WARNING 2026-02-07 20:32:41,431 log 13100 17864 Bad Request: /api/cart/checkout/
INFO 2026-02-07 20:33:46,035 autoreload 13100 24268 C:\Users\TJ Rash\Desktop\INFNITE MARKET\E_COMMERCE\api\views.py changed, reloading.
INFO 2026-02-07 20:33:51,501 autoreload 16896 14916 Watching for file changes with StatReloader
INFO 2026-02-07 20:33:57,735 autoreload 16896 14916 C:\Users\TJ Rash\Desktop\INFNITE MARKET\E_COMMERCE\api\views.py changed, reloading.
INFO 2026-02-07 20:34:02,864 autoreload 14028 21116 Watching for file changes with StatReloader
INFO 2026-02-07 20:34:30,666 views 14028 16552 Checkout initiated by user buyertwo@gmail.com
INFO 2026-02-07 20:34:31,424 views 14028 16552 Received delivery data: {}
INFO 2026-02-07 20:34:31,425 views 14028 16552 Full request data: {'delivery_address': 'bfgbs', 'delivery_city': 'Bamenda', 'delivery_state': 'g45wg45g4w', 'delivery_postal_code': '', 'delivery_phone': '+237651185719', 'delivery_notes': '', 'payment_method': 'fapshi', 'mtn_phone': '651185719'}
INFO 2026-02-07 20:34:31,426 views 14028 16552 Using direct delivery data: {'delivery_address': 'bfgbs', 'delivery_phone': '+237651185719', 'delivery_city': 'Bamenda', 'delivery_state': 'g45wg45g4w', 'delivery_postal_code': '', 'delivery_notes': ''}
INFO 2026-02-07 20:34:32,379 views 14028 16552 Order 32 created with pending_payment status
INFO 2026-02-07 20:34:33,023 payment_service 14028 16552 FapshiPaymentService initialized:
INFO 2026-02-07 20:34:33,026 payment_service 14028 16552   Base URL: https://sandbox.fapshi.com
INFO 2026-02-07 20:34:33,028 payment_service 14028 16552   API User: 25917560-52cc-49f2-9f4e-59661b816b12
INFO 2026-02-07 20:34:33,029 payment_service 14028 16552   API Key set: Yes
INFO 2026-02-07 20:34:33,029 payment_service 14028 16552 Creating payment for order 32
INFO 2026-02-07 20:34:33,030 payment_service 14028 16552 Order total amount: 89898.00
INFO 2026-02-07 20:34:33,030 payment_service 14028 16552 Payment type: initiate_pay
INFO 2026-02-07 20:34:33,030 payment_service 14028 16552 User details: buyertwo@gmail.com, ID: 64
INFO 2026-02-07 20:34:33,376 payment_service 14028 16552 Payment record created with ID: 22
INFO 2026-02-07 20:34:33,377 payment_service 14028 16552 Initiating payment link request:
INFO 2026-02-07 20:34:33,377 payment_service 14028 16552   URL: https://sandbox.fapshi.com/initiate-pay
INFO 2026-02-07 20:34:33,377 payment_service 14028 16552   Payload: {
  "amount": 89898,
  "email": "buyertwo@gmail.com",
  "userId": "64",
  "externalId": "order_32",
  "message": "Payment for Order #32"
}
INFO 2026-02-07 20:34:33,378 payment_service 14028 16552   Headers: {'Content-Type': 'application/json', 'apikey': 'FAK_TEST_a0fcb2cb788bad459442', 'apiuser': '25917560-52cc-49f2-9f4e-59661b816b12'}
INFO 2026-02-07 20:34:36,292 payment_service 14028 16552 Response status code: 200
INFO 2026-02-07 20:34:36,293 payment_service 14028 16552 Response headers: {'content-type': 'application/json; charset=utf-8', 'vary': 'Accept-Encoding', 'access-control-allow-origin': '*', 'content-security-policy': "default-src 'self';base-uri 'self';font-src 'self' https: data:;form-action 'self';frame-ancestors 'self';img-src 'self' data:;object-src 'none';script-src 'self';script-src-attr 'none';style-src 'self' https: 'unsafe-inline';upgrade-insecure-requests", 'cross-origin-opener-policy': 'same-origin', 'cross-origin-resource-policy': 'same-origin', 'origin-agent-cluster': '?1', 'referrer-policy': 'no-referrer', 'strict-transport-security': 'max-age=31536000; includeSubDomains', 'x-content-type-options': 'nosniff', 'x-dns-prefetch-control': 'off', 'x-download-options': 'noopen', 'x-frame-options': 'SAMEORIGIN', 'x-permitted-cross-domain-policies': 'none', 'x-xss-protection': '0', 'access-control-allow-headers': 'Origin, Content-Type, Accept, apiUser, apiKey', 'etag': 'W/"ad-5RT6RILk0+J9MJhAyty5x3lcdHQ"', 'content-encoding': 'gzip', 'x-cloud-trace-context': 'eb66a2539c1dbc3492e9af9af8945a17;o=1', 'date': 'Sat, 07 Feb 2026 19:34:38 GMT', 'server': 'Google Frontend', 'Transfer-Encoding': 'chunked'}
INFO 2026-02-07 20:34:36,294 payment_service 14028 16552 Response data: {
  "message": "Request successful",
  "link": "https://checkout.fapshi.com/test/payment/698793cdc9b265f862b517ae",
  "transId": "0zdXjIEeFW",
  "dateInitiated": "2026-02-07T19:34:37.954Z"
}
INFO 2026-02-07 20:34:36,297 payment_service 14028 16552 Payment link initiation result: {'message': 'Request successful', 'link': 'https://checkout.fapshi.com/test/payment/698793cdc9b265f862b517ae', 'transId': '0zdXjIEeFW', 'dateInitiated': '2026-02-07T19:34:37.954Z'}
INFO 2026-02-07 20:34:36,297 payment_service 14028 16552 Payment link generated successfully
INFO 2026-02-07 20:34:36,298 payment_service 14028 16552 Payment link set: https://checkout.fapshi.com/test/payment/698793cdc9b265f862b517ae
INFO 2026-02-07 20:34:36,298 payment_service 14028 16552 Payment date initiated: 2026-02-07 19:34:37.954000+00:00
INFO 2026-02-07 20:34:36,652 payment_service 14028 16552 Payment record updated successfully
INFO 2026-02-07 20:34:36,653 views 14028 16552 Payment initiated for order 32
ERROR 2026-02-07 20:34:38,445 log 14028 16552 Internal Server Error: /api/cart/checkout/
Traceback (most recent call last):
  File "C:\Users\TJ Rash\Desktop\INFNITE MARKET\E_COMMERCE\myenv\Lib\site-packages\django\core\handlers\exception.py", line 55, in inner
    response = get_response(request)
  File "C:\Users\TJ Rash\Desktop\INFNITE MARKET\E_COMMERCE\myenv\Lib\site-packages\django\utils\deprecation.py", line 311, in __call__
    response = self.process_response(request, response)
  File "C:\Users\TJ Rash\Desktop\INFNITE MARKET\E_COMMERCE\myenv\Lib\site-packages\django\contrib\sessions\middleware.py", line 59, in process_response
    request.session.save()
    ~~~~~~~~~~~~~~~~~~~~^^
  File "C:\Users\TJ Rash\Desktop\INFNITE MARKET\E_COMMERCE\myenv\Lib\site-packages\django\contrib\sessions\backends\db.py", line 121, in save
    return self.create()
           ~~~~~~~~~~~^^
  File "C:\Users\TJ Rash\Desktop\INFNITE MARKET\E_COMMERCE\myenv\Lib\site-packages\django\contrib\sessions\backends\db.py", line 74, in create
    self.save(must_create=True)
    ~~~~~~~~~^^^^^^^^^^^^^^^^^^
  File "C:\Users\TJ Rash\Desktop\INFNITE MARKET\E_COMMERCE\myenv\Lib\site-packages\django\contrib\sessions\backends\db.py", line 123, in save
    obj = self.create_model_instance(data)
  File "C:\Users\TJ Rash\Desktop\INFNITE MARKET\E_COMMERCE\myenv\Lib\site-packages\django\contrib\sessions\backends\db.py", line 102, in create_model_instance
    session_data=self.encode(data),
                 ~~~~~~~~~~~^^^^^^
  File "C:\Users\TJ Rash\Desktop\INFNITE MARKET\E_COMMERCE\myenv\Lib\site-packages\django\contrib\sessions\backends\base.py", line 126, in encode
    return signing.dumps(
           ~~~~~~~~~~~~~^
        session_dict,
        ^^^^^^^^^^^^^
    ...<2 lines>...
        compress=True,
        ^^^^^^^^^^^^^^
    )
    ^
  File "C:\Users\TJ Rash\Desktop\INFNITE MARKET\E_COMMERCE\myenv\Lib\site-packages\django\core\signing.py", line 151, in dumps
    return TimestampSigner(key=key, salt=salt).sign_object(
           ~~~~~~~~~~~~~~~~~~~~~~~~~~~~~~~~~~~~~~~~~~~~~~~^
        obj, serializer=serializer, compress=compress
        ^^^^^^^^^^^^^^^^^^^^^^^^^^^^^^^^^^^^^^^^^^^^^
    )
    ^
  File "C:\Users\TJ Rash\Desktop\INFNITE MARKET\E_COMMERCE\myenv\Lib\site-packages\django\core\signing.py", line 226, in sign_object
    data = serializer().dumps(obj)
  File "C:\Users\TJ Rash\Desktop\INFNITE MARKET\E_COMMERCE\myenv\Lib\site-packages\django\core\signing.py", line 126, in dumps
    return json.dumps(obj, separators=(",", ":")).encode("latin-1")
           ~~~~~~~~~~^^^^^^^^^^^^^^^^^^^^^^^^^^^^
  File "C:\Users\TJ Rash\AppData\Local\Programs\Python\Python313\Lib\json\__init__.py", line 238, in dumps
    **kw).encode(obj)
          ~~~~~~^^^^^
  File "C:\Users\TJ Rash\AppData\Local\Programs\Python\Python313\Lib\json\encoder.py", line 200, in encode
    chunks = self.iterencode(o, _one_shot=True)
  File "C:\Users\TJ Rash\AppData\Local\Programs\Python\Python313\Lib\json\encoder.py", line 261, in iterencode
    return _iterencode(o, 0)
  File "C:\Users\TJ Rash\AppData\Local\Programs\Python\Python313\Lib\json\encoder.py", line 180, in default
    raise TypeError(f'Object of type {o.__class__.__name__} '
                    f'is not JSON serializable')
TypeError: Object of type Decimal is not JSON serializable
INFO 2026-02-07 20:35:40,536 views 14028 3624 Checkout initiated by user buyertwo@gmail.com
WARNING 2026-02-07 20:35:41,196 log 14028 3624 Bad Request: /api/cart/checkout/
INFO 2026-02-07 20:36:30,352 views 14028 25096 Checkout initiated by user buyertwo@gmail.com
INFO 2026-02-07 20:36:31,547 views 14028 25096 Received delivery data: {}
INFO 2026-02-07 20:36:31,552 views 14028 25096 Full request data: {'delivery_address': 'Bamenda', 'delivery_city': 'Bamenda', 'delivery_state': '', 'delivery_postal_code': '', 'delivery_phone': '+237651185719', 'delivery_notes': '', 'payment_method': 'fapshi', 'mtn_phone': '651185719'}
INFO 2026-02-07 20:36:31,553 views 14028 25096 Using direct delivery data: {'delivery_address': 'Bamenda', 'delivery_phone': '+237651185719', 'delivery_city': 'Bamenda', 'delivery_state': '', 'delivery_postal_code': '', 'delivery_notes': ''}
INFO 2026-02-07 20:36:32,553 views 14028 25096 Order 33 created with pending_payment status
INFO 2026-02-07 20:36:33,198 payment_service 14028 25096 FapshiPaymentService initialized:
INFO 2026-02-07 20:36:33,199 payment_service 14028 25096   Base URL: https://sandbox.fapshi.com
INFO 2026-02-07 20:36:33,199 payment_service 14028 25096   API User: 25917560-52cc-49f2-9f4e-59661b816b12
INFO 2026-02-07 20:36:33,199 payment_service 14028 25096   API Key set: Yes
INFO 2026-02-07 20:36:33,200 payment_service 14028 25096 Creating payment for order 33
INFO 2026-02-07 20:36:33,200 payment_service 14028 25096 Order total amount: 7000.00
INFO 2026-02-07 20:36:33,201 payment_service 14028 25096 Payment type: initiate_pay
INFO 2026-02-07 20:36:33,201 payment_service 14028 25096 User details: buyertwo@gmail.com, ID: 64
INFO 2026-02-07 20:36:33,526 payment_service 14028 25096 Payment record created with ID: 23
INFO 2026-02-07 20:36:33,529 payment_service 14028 25096 Initiating payment link request:
INFO 2026-02-07 20:36:33,529 payment_service 14028 25096   URL: https://sandbox.fapshi.com/initiate-pay
INFO 2026-02-07 20:36:33,530 payment_service 14028 25096   Payload: {
  "amount": 7000,
  "email": "buyertwo@gmail.com",
  "userId": "64",
  "externalId": "order_33",
  "message": "Payment for Order #33"
}
INFO 2026-02-07 20:36:33,531 payment_service 14028 25096   Headers: {'Content-Type': 'application/json', 'apikey': 'FAK_TEST_a0fcb2cb788bad459442', 'apiuser': '25917560-52cc-49f2-9f4e-59661b816b12'}
INFO 2026-02-07 20:36:38,218 payment_service 14028 25096 Response status code: 200
INFO 2026-02-07 20:36:38,219 payment_service 14028 25096 Response headers: {'content-type': 'application/json; charset=utf-8', 'vary': 'Accept-Encoding', 'access-control-allow-origin': '*', 'content-security-policy': "default-src 'self';base-uri 'self';font-src 'self' https: data:;form-action 'self';frame-ancestors 'self';img-src 'self' data:;object-src 'none';script-src 'self';script-src-attr 'none';style-src 'self' https: 'unsafe-inline';upgrade-insecure-requests", 'cross-origin-opener-policy': 'same-origin', 'cross-origin-resource-policy': 'same-origin', 'origin-agent-cluster': '?1', 'referrer-policy': 'no-referrer', 'strict-transport-security': 'max-age=31536000; includeSubDomains', 'x-content-type-options': 'nosniff', 'x-dns-prefetch-control': 'off', 'x-download-options': 'noopen', 'x-frame-options': 'SAMEORIGIN', 'x-permitted-cross-domain-policies': 'none', 'x-xss-protection': '0', 'access-control-allow-headers': 'Origin, Content-Type, Accept, apiUser, apiKey', 'etag': 'W/"ad-hk7G48PukBirED8fxAM1MmqFrOk"', 'content-encoding': 'gzip', 'x-cloud-trace-context': '404b752e1a6537d5dc69ccab48423a82;o=1', 'date': 'Sat, 07 Feb 2026 19:36:40 GMT', 'server': 'Google Frontend', 'Transfer-Encoding': 'chunked'}
INFO 2026-02-07 20:36:38,219 payment_service 14028 25096 Response data: {
  "message": "Request successful",
  "link": "https://checkout.fapshi.com/test/payment/69879447c9b265f862b517b0",
  "transId": "ad4YESuZQR",
  "dateInitiated": "2026-02-07T19:36:39.890Z"
}
INFO 2026-02-07 20:36:38,222 payment_service 14028 25096 Payment link initiation result: {'message': 'Request successful', 'link': 'https://checkout.fapshi.com/test/payment/69879447c9b265f862b517b0', 'transId': 'ad4YESuZQR', 'dateInitiated': '2026-02-07T19:36:39.890Z'}
INFO 2026-02-07 20:36:38,222 payment_service 14028 25096 Payment link generated successfully
INFO 2026-02-07 20:36:38,222 payment_service 14028 25096 Payment link set: https://checkout.fapshi.com/test/payment/69879447c9b265f862b517b0
INFO 2026-02-07 20:36:38,223 payment_service 14028 25096 Payment date initiated: 2026-02-07 19:36:39.890000+00:00
INFO 2026-02-07 20:36:38,560 payment_service 14028 25096 Payment record updated successfully
INFO 2026-02-07 20:36:38,562 views 14028 25096 Payment initiated for order 33
ERROR 2026-02-07 20:36:40,078 log 14028 25096 Internal Server Error: /api/cart/checkout/
Traceback (most recent call last):
  File "C:\Users\TJ Rash\Desktop\INFNITE MARKET\E_COMMERCE\myenv\Lib\site-packages\django\core\handlers\exception.py", line 55, in inner
    response = get_response(request)
  File "C:\Users\TJ Rash\Desktop\INFNITE MARKET\E_COMMERCE\myenv\Lib\site-packages\django\utils\deprecation.py", line 311, in __call__
    response = self.process_response(request, response)
  File "C:\Users\TJ Rash\Desktop\INFNITE MARKET\E_COMMERCE\myenv\Lib\site-packages\django\contrib\sessions\middleware.py", line 59, in process_response
    request.session.save()
    ~~~~~~~~~~~~~~~~~~~~^^
  File "C:\Users\TJ Rash\Desktop\INFNITE MARKET\E_COMMERCE\myenv\Lib\site-packages\django\contrib\sessions\backends\db.py", line 121, in save
    return self.create()
           ~~~~~~~~~~~^^
  File "C:\Users\TJ Rash\Desktop\INFNITE MARKET\E_COMMERCE\myenv\Lib\site-packages\django\contrib\sessions\backends\db.py", line 74, in create
    self.save(must_create=True)
    ~~~~~~~~~^^^^^^^^^^^^^^^^^^
  File "C:\Users\TJ Rash\Desktop\INFNITE MARKET\E_COMMERCE\myenv\Lib\site-packages\django\contrib\sessions\backends\db.py", line 123, in save
    obj = self.create_model_instance(data)
  File "C:\Users\TJ Rash\Desktop\INFNITE MARKET\E_COMMERCE\myenv\Lib\site-packages\django\contrib\sessions\backends\db.py", line 102, in create_model_instance
    session_data=self.encode(data),
                 ~~~~~~~~~~~^^^^^^
  File "C:\Users\TJ Rash\Desktop\INFNITE MARKET\E_COMMERCE\myenv\Lib\site-packages\django\contrib\sessions\backends\base.py", line 126, in encode
    return signing.dumps(
           ~~~~~~~~~~~~~^
        session_dict,
        ^^^^^^^^^^^^^
    ...<2 lines>...
        compress=True,
        ^^^^^^^^^^^^^^
    )
    ^
  File "C:\Users\TJ Rash\Desktop\INFNITE MARKET\E_COMMERCE\myenv\Lib\site-packages\django\core\signing.py", line 151, in dumps
    return TimestampSigner(key=key, salt=salt).sign_object(
           ~~~~~~~~~~~~~~~~~~~~~~~~~~~~~~~~~~~~~~~~~~~~~~~^
        obj, serializer=serializer, compress=compress
        ^^^^^^^^^^^^^^^^^^^^^^^^^^^^^^^^^^^^^^^^^^^^^
    )
    ^
  File "C:\Users\TJ Rash\Desktop\INFNITE MARKET\E_COMMERCE\myenv\Lib\site-packages\django\core\signing.py", line 226, in sign_object
    data = serializer().dumps(obj)
  File "C:\Users\TJ Rash\Desktop\INFNITE MARKET\E_COMMERCE\myenv\Lib\site-packages\django\core\signing.py", line 126, in dumps
    return json.dumps(obj, separators=(",", ":")).encode("latin-1")
           ~~~~~~~~~~^^^^^^^^^^^^^^^^^^^^^^^^^^^^
  File "C:\Users\TJ Rash\AppData\Local\Programs\Python\Python313\Lib\json\__init__.py", line 238, in dumps
    **kw).encode(obj)
          ~~~~~~^^^^^
  File "C:\Users\TJ Rash\AppData\Local\Programs\Python\Python313\Lib\json\encoder.py", line 200, in encode
    chunks = self.iterencode(o, _one_shot=True)
  File "C:\Users\TJ Rash\AppData\Local\Programs\Python\Python313\Lib\json\encoder.py", line 261, in iterencode
    return _iterencode(o, 0)
  File "C:\Users\TJ Rash\AppData\Local\Programs\Python\Python313\Lib\json\encoder.py", line 180, in default
    raise TypeError(f'Object of type {o.__class__.__name__} '
                    f'is not JSON serializable')
TypeError: Object of type Decimal is not JSON serializable
INFO 2026-02-07 20:37:23,479 autoreload 14028 21116 C:\Users\TJ Rash\Desktop\INFNITE MARKET\E_COMMERCE\api\views.py changed, reloading.
INFO 2026-02-07 20:37:30,832 autoreload 15352 19920 Watching for file changes with StatReloader
INFO 2026-02-07 20:37:41,572 autoreload 15352 19920 C:\Users\TJ Rash\Desktop\INFNITE MARKET\E_COMMERCE\api\views.py changed, reloading.
INFO 2026-02-07 20:37:59,696 autoreload 2728 25348 Watching for file changes with StatReloader
INFO 2026-02-07 20:38:24,212 views 2728 25204 Checkout initiated by user buyertwo@gmail.com
WARNING 2026-02-07 20:38:24,903 log 2728 25204 Bad Request: /api/cart/checkout/
INFO 2026-02-07 20:39:08,636 views 2728 25212 Checkout initiated by user buyertwo@gmail.com
INFO 2026-02-07 20:39:09,431 views 2728 25212 Received delivery data: {}
INFO 2026-02-07 20:39:09,431 views 2728 25212 Full request data: {'delivery_address': 'Bamenda', 'delivery_city': 'Bamenda', 'delivery_state': '', 'delivery_postal_code': '', 'delivery_phone': '+237651185719', 'delivery_notes': '', 'payment_method': 'fapshi', 'mtn_phone': '651185719'}
INFO 2026-02-07 20:39:09,432 views 2728 25212 Using direct delivery data: {'delivery_address': 'Bamenda', 'delivery_phone': '+237651185719', 'delivery_city': 'Bamenda', 'delivery_state': '', 'delivery_postal_code': '', 'delivery_notes': ''}
INFO 2026-02-07 20:39:10,442 views 2728 25212 Order 34 created with pending_payment status
INFO 2026-02-07 20:39:11,112 payment_service 2728 25212 FapshiPaymentService initialized:
INFO 2026-02-07 20:39:11,113 payment_service 2728 25212   Base URL: https://sandbox.fapshi.com
INFO 2026-02-07 20:39:11,116 payment_service 2728 25212   API User: 25917560-52cc-49f2-9f4e-59661b816b12
INFO 2026-02-07 20:39:11,119 payment_service 2728 25212   API Key set: Yes
INFO 2026-02-07 20:39:11,120 payment_service 2728 25212 Creating payment for order 34
INFO 2026-02-07 20:39:11,122 payment_service 2728 25212 Order total amount: 12000.00
INFO 2026-02-07 20:39:11,128 payment_service 2728 25212 Payment type: initiate_pay
INFO 2026-02-07 20:39:11,128 payment_service 2728 25212 User details: buyertwo@gmail.com, ID: 64
INFO 2026-02-07 20:39:11,460 payment_service 2728 25212 Payment record created with ID: 24
INFO 2026-02-07 20:39:11,461 payment_service 2728 25212 Initiating payment link request:
INFO 2026-02-07 20:39:11,461 payment_service 2728 25212   URL: https://sandbox.fapshi.com/initiate-pay
INFO 2026-02-07 20:39:11,461 payment_service 2728 25212   Payload: {
  "amount": 12000,
  "email": "buyertwo@gmail.com",
  "userId": "64",
  "externalId": "order_34",
  "message": "Payment for Order #34"
}
INFO 2026-02-07 20:39:11,462 payment_service 2728 25212   Headers: {'Content-Type': 'application/json', 'apikey': 'FAK_TEST_a0fcb2cb788bad459442', 'apiuser': '25917560-52cc-49f2-9f4e-59661b816b12'}
INFO 2026-02-07 20:39:17,413 payment_service 2728 25212 Response status code: 200
INFO 2026-02-07 20:39:17,414 payment_service 2728 25212 Response headers: {'content-type': 'application/json; charset=utf-8', 'vary': 'Accept-Encoding', 'access-control-allow-origin': '*', 'content-security-policy': "default-src 'self';base-uri 'self';font-src 'self' https: data:;form-action 'self';frame-ancestors 'self';img-src 'self' data:;object-src 'none';script-src 'self';script-src-attr 'none';style-src 'self' https: 'unsafe-inline';upgrade-insecure-requests", 'cross-origin-opener-policy': 'same-origin', 'cross-origin-resource-policy': 'same-origin', 'origin-agent-cluster': '?1', 'referrer-policy': 'no-referrer', 'strict-transport-security': 'max-age=31536000; includeSubDomains', 'x-content-type-options': 'nosniff', 'x-dns-prefetch-control': 'off', 'x-download-options': 'noopen', 'x-frame-options': 'SAMEORIGIN', 'x-permitted-cross-domain-policies': 'none', 'x-xss-protection': '0', 'access-control-allow-headers': 'Origin, Content-Type, Accept, apiUser, apiKey', 'etag': 'W/"ad-uGxugx+dc95cgSztSyjk2UMymW4"', 'content-encoding': 'gzip', 'x-cloud-trace-context': 'd77cab0a26b4905569b51be675078236;o=1', 'date': 'Sat, 07 Feb 2026 19:39:19 GMT', 'server': 'Google Frontend', 'Transfer-Encoding': 'chunked'}
INFO 2026-02-07 20:39:17,414 payment_service 2728 25212 Response data: {
  "message": "Request successful",
  "link": "https://checkout.fapshi.com/test/payment/698794e7c9b265f862b517b3",
  "transId": "fERlL8zflv",
  "dateInitiated": "2026-02-07T19:39:19.083Z"
}
INFO 2026-02-07 20:39:17,418 payment_service 2728 25212 Payment link initiation result: {'message': 'Request successful', 'link': 'https://checkout.fapshi.com/test/payment/698794e7c9b265f862b517b3', 'transId': 'fERlL8zflv', 'dateInitiated': '2026-02-07T19:39:19.083Z'}
INFO 2026-02-07 20:39:17,418 payment_service 2728 25212 Payment link generated successfully
INFO 2026-02-07 20:39:17,419 payment_service 2728 25212 Payment link set: https://checkout.fapshi.com/test/payment/698794e7c9b265f862b517b3
INFO 2026-02-07 20:39:17,419 payment_service 2728 25212 Payment date initiated: 2026-02-07 19:39:19.083000+00:00
INFO 2026-02-07 20:39:18,141 payment_service 2728 25212 Payment record updated successfully
INFO 2026-02-07 20:39:18,143 views 2728 25212 Payment initiated for order 34
WARNING 2026-02-07 20:39:20,502 log 2728 25212 Not Found: /api/orders/undefined/pay/
INFO 2026-02-07 20:39:29,556 views 2728 25212 Checkout initiated by user buyertwo@gmail.com
WARNING 2026-02-07 20:39:30,312 log 2728 25212 Bad Request: /api/cart/checkout/
INFO 2026-02-07 20:40:40,611 views 2728 15160 Checkout initiated by user buyertwo@gmail.com
INFO 2026-02-07 20:40:41,268 views 2728 15160 Received delivery data: {}
INFO 2026-02-07 20:40:41,268 views 2728 15160 Full request data: {'delivery_address': 'Bamenda', 'delivery_city': 'Bamenda', 'delivery_state': '', 'delivery_postal_code': '', 'delivery_phone': '+237651185719', 'delivery_notes': '', 'payment_method': 'fapshi', 'mtn_phone': '651185719'}
INFO 2026-02-07 20:40:41,268 views 2728 15160 Using direct delivery data: {'delivery_address': 'Bamenda', 'delivery_phone': '+237651185719', 'delivery_city': 'Bamenda', 'delivery_state': '', 'delivery_postal_code': '', 'delivery_notes': ''}
INFO 2026-02-07 20:40:42,293 views 2728 15160 Order 35 created with pending_payment status
INFO 2026-02-07 20:40:42,947 payment_service 2728 15160 FapshiPaymentService initialized:
INFO 2026-02-07 20:40:42,948 payment_service 2728 15160   Base URL: https://sandbox.fapshi.com
INFO 2026-02-07 20:40:42,968 payment_service 2728 15160   API User: 25917560-52cc-49f2-9f4e-59661b816b12
INFO 2026-02-07 20:40:42,969 payment_service 2728 15160   API Key set: Yes
INFO 2026-02-07 20:40:42,970 payment_service 2728 15160 Creating payment for order 35
INFO 2026-02-07 20:40:42,970 payment_service 2728 15160 Order total amount: 7000.00
INFO 2026-02-07 20:40:42,971 payment_service 2728 15160 Payment type: initiate_pay
INFO 2026-02-07 20:40:42,971 payment_service 2728 15160 User details: buyertwo@gmail.com, ID: 64
INFO 2026-02-07 20:40:43,294 payment_service 2728 15160 Payment record created with ID: 25
INFO 2026-02-07 20:40:43,294 payment_service 2728 15160 Initiating payment link request:
INFO 2026-02-07 20:40:43,295 payment_service 2728 15160   URL: https://sandbox.fapshi.com/initiate-pay
INFO 2026-02-07 20:40:43,295 payment_service 2728 15160   Payload: {
  "amount": 7000,
  "email": "buyertwo@gmail.com",
  "userId": "64",
  "externalId": "order_35",
  "message": "Payment for Order #35"
}
INFO 2026-02-07 20:40:43,298 payment_service 2728 15160   Headers: {'Content-Type': 'application/json', 'apikey': 'FAK_TEST_a0fcb2cb788bad459442', 'apiuser': '25917560-52cc-49f2-9f4e-59661b816b12'}
ERROR 2026-02-07 20:40:54,547 payment_service 2728 15160 Request exception occurred: HTTPSConnectionPool(host='sandbox.fapshi.com', port=443): Max retries exceeded with url: /initiate-pay (Caused by NameResolutionError("HTTPSConnection(host='sandbox.fapshi.com', port=443): Failed to resolve 'sandbox.fapshi.com' ([Errno 11001] getaddrinfo failed)"))
ERROR 2026-02-07 20:40:54,548 payment_service 2728 15160 Exception type: ConnectionError
INFO 2026-02-07 20:40:54,549 payment_service 2728 15160 Payment link initiation result: {'error': 'HTTPSConnectionPool(host=\'sandbox.fapshi.com\', port=443): Max retries exceeded with url: /initiate-pay (Caused by NameResolutionError("HTTPSConnection(host=\'sandbox.fapshi.com\', port=443): Failed to resolve \'sandbox.fapshi.com\' ([Errno 11001] getaddrinfo failed)"))', 'message': 'Failed to generate payment link'}
ERROR 2026-02-07 20:40:54,549 payment_service 2728 15160 Payment link generation failed: {'error': 'HTTPSConnectionPool(host=\'sandbox.fapshi.com\', port=443): Max retries exceeded with url: /initiate-pay (Caused by NameResolutionError("HTTPSConnection(host=\'sandbox.fapshi.com\', port=443): Failed to resolve \'sandbox.fapshi.com\' ([Errno 11001] getaddrinfo failed)"))', 'message': 'Failed to generate payment link'}
ERROR 2026-02-07 20:40:57,863 views 2728 15160 Payment initiation failed for order None: {'success': False, 'message': 'Failed to generate payment link', 'error': 'HTTPSConnectionPool(host=\'sandbox.fapshi.com\', port=443): Max retries exceeded with url: /initiate-pay (Caused by NameResolutionError("HTTPSConnection(host=\'sandbox.fapshi.com\', port=443): Failed to resolve \'sandbox.fapshi.com\' ([Errno 11001] getaddrinfo failed)"))'}
WARNING 2026-02-07 20:40:59,451 log 2728 15160 Bad Request: /api/cart/checkout/
INFO 2026-02-07 20:42:39,943 autoreload 2728 25348 C:\Users\TJ Rash\Desktop\INFNITE MARKET\E_COMMERCE\api\views.py changed, reloading.
INFO 2026-02-07 20:42:43,930 autoreload 26228 16088 Watching for file changes with StatReloader
INFO 2026-02-07 20:43:43,953 autoreload 15480 10924 Watching for file changes with StatReloader
INFO 2026-02-07 20:44:16,966 views 15480 1784 Checkout initiated by user buyertwo@gmail.com
INFO 2026-02-07 20:44:17,613 views 15480 1784 Received delivery data: {}
INFO 2026-02-07 20:44:17,614 views 15480 1784 Full request data: {'delivery_address': 'Bamenda', 'delivery_city': 'Bamenda', 'delivery_state': '', 'delivery_postal_code': '', 'delivery_phone': '+237651185719', 'delivery_notes': '', 'payment_method': 'fapshi', 'mtn_phone': '651185719'}
INFO 2026-02-07 20:44:17,614 views 15480 1784 Using direct delivery data: {'delivery_address': 'Bamenda', 'delivery_phone': '+237651185719', 'delivery_city': 'Bamenda', 'delivery_state': '', 'delivery_postal_code': '', 'delivery_notes': ''}
INFO 2026-02-07 20:44:19,496 views 15480 1784 Order 36 created with pending_payment status
INFO 2026-02-07 20:44:20,865 payment_service 15480 1784 FapshiPaymentService initialized:
INFO 2026-02-07 20:44:20,865 payment_service 15480 1784   Base URL: https://sandbox.fapshi.com
INFO 2026-02-07 20:44:20,865 payment_service 15480 1784   API User: 25917560-52cc-49f2-9f4e-59661b816b12
INFO 2026-02-07 20:44:20,866 payment_service 15480 1784   API Key set: Yes
INFO 2026-02-07 20:44:20,868 payment_service 15480 1784 Creating payment for order 36
INFO 2026-02-07 20:44:20,869 payment_service 15480 1784 Order total amount: 19000.00
INFO 2026-02-07 20:44:20,870 payment_service 15480 1784 Payment type: initiate_pay
INFO 2026-02-07 20:44:20,874 payment_service 15480 1784 User details: buyertwo@gmail.com, ID: 64
INFO 2026-02-07 20:44:21,211 payment_service 15480 1784 Payment record created with ID: 26
INFO 2026-02-07 20:44:21,211 payment_service 15480 1784 Initiating payment link request:
INFO 2026-02-07 20:44:21,211 payment_service 15480 1784   URL: https://sandbox.fapshi.com/initiate-pay
INFO 2026-02-07 20:44:21,212 payment_service 15480 1784   Payload: {
  "amount": 19000,
  "email": "buyertwo@gmail.com",
  "userId": "64",
  "externalId": "order_36",
  "message": "Payment for Order #36"
}
INFO 2026-02-07 20:44:21,212 payment_service 15480 1784   Headers: {'Content-Type': 'application/json', 'apikey': 'FAK_TEST_a0fcb2cb788bad459442', 'apiuser': '25917560-52cc-49f2-9f4e-59661b816b12'}
INFO 2026-02-07 20:44:26,431 payment_service 15480 1784 Response status code: 200
INFO 2026-02-07 20:44:26,431 payment_service 15480 1784 Response headers: {'content-type': 'application/json; charset=utf-8', 'vary': 'Accept-Encoding', 'access-control-allow-origin': '*', 'content-security-policy': "default-src 'self';base-uri 'self';font-src 'self' https: data:;form-action 'self';frame-ancestors 'self';img-src 'self' data:;object-src 'none';script-src 'self';script-src-attr 'none';style-src 'self' https: 'unsafe-inline';upgrade-insecure-requests", 'cross-origin-opener-policy': 'same-origin', 'cross-origin-resource-policy': 'same-origin', 'origin-agent-cluster': '?1', 'referrer-policy': 'no-referrer', 'strict-transport-security': 'max-age=31536000; includeSubDomains', 'x-content-type-options': 'nosniff', 'x-dns-prefetch-control': 'off', 'x-download-options': 'noopen', 'x-frame-options': 'SAMEORIGIN', 'x-permitted-cross-domain-policies': 'none', 'x-xss-protection': '0', 'access-control-allow-headers': 'Origin, Content-Type, Accept, apiUser, apiKey', 'etag': 'W/"ad-lvjz0Ma0TPPcOiRaWRvVdPgQAOA"', 'content-encoding': 'gzip', 'x-cloud-trace-context': 'a181370a07795ad4ddb0017006211d8d;o=1', 'date': 'Sat, 07 Feb 2026 19:44:28 GMT', 'server': 'Google Frontend', 'Transfer-Encoding': 'chunked'}
INFO 2026-02-07 20:44:26,432 payment_service 15480 1784 Response data: {
  "message": "Request successful",
  "link": "https://checkout.fapshi.com/test/payment/6987961cc9b265f862b517b6",
  "transId": "FYDibNUCg7",
  "dateInitiated": "2026-02-07T19:44:28.106Z"
}
INFO 2026-02-07 20:44:26,435 payment_service 15480 1784 Payment link initiation result: {'message': 'Request successful', 'link': 'https://checkout.fapshi.com/test/payment/6987961cc9b265f862b517b6', 'transId': 'FYDibNUCg7', 'dateInitiated': '2026-02-07T19:44:28.106Z'}
INFO 2026-02-07 20:44:26,435 payment_service 15480 1784 Payment link generated successfully
INFO 2026-02-07 20:44:26,436 payment_service 15480 1784 Payment link set: https://checkout.fapshi.com/test/payment/6987961cc9b265f862b517b6
INFO 2026-02-07 20:44:26,436 payment_service 15480 1784 Payment date initiated: 2026-02-07 19:44:28.106000+00:00
INFO 2026-02-07 20:44:26,763 payment_service 15480 1784 Payment record updated successfully
INFO 2026-02-07 20:44:26,764 views 15480 1784 Payment initiated for order 36
WARNING 2026-02-07 20:44:29,221 log 15480 1784 Not Found: /api/orders/undefined/pay/
INFO 2026-02-07 20:47:22,754 views 15480 1784 Checkout initiated by user buyertwo@gmail.com
WARNING 2026-02-07 20:47:23,443 log 15480 1784 Bad Request: /api/cart/checkout/
INFO 2026-02-07 20:47:56,990 views 15480 24812 Checkout initiated by user buyertwo@gmail.com
INFO 2026-02-07 20:47:57,673 views 15480 24812 Received delivery data: {}
INFO 2026-02-07 20:47:57,674 views 15480 24812 Full request data: {'delivery_address': 'Bamenda', 'delivery_city': 'Bamenda', 'delivery_state': '', 'delivery_postal_code': '', 'delivery_phone': '+237651185719', 'delivery_notes': '', 'payment_method': 'fapshi', 'mtn_phone': '651185719'}
INFO 2026-02-07 20:47:57,674 views 15480 24812 Using direct delivery data: {'delivery_address': 'Bamenda', 'delivery_phone': '+237651185719', 'delivery_city': 'Bamenda', 'delivery_state': '', 'delivery_postal_code': '', 'delivery_notes': ''}
INFO 2026-02-07 20:47:58,754 views 15480 24812 Order 37 created with pending_payment status
INFO 2026-02-07 20:47:59,581 payment_service 15480 24812 FapshiPaymentService initialized:
INFO 2026-02-07 20:47:59,582 payment_service 15480 24812   Base URL: https://sandbox.fapshi.com
INFO 2026-02-07 20:47:59,582 payment_service 15480 24812   API User: 25917560-52cc-49f2-9f4e-59661b816b12
INFO 2026-02-07 20:47:59,583 payment_service 15480 24812   API Key set: Yes
INFO 2026-02-07 20:47:59,583 payment_service 15480 24812 Creating payment for order 37
INFO 2026-02-07 20:47:59,584 payment_service 15480 24812 Order total amount: 89000.00
INFO 2026-02-07 20:47:59,585 payment_service 15480 24812 Payment type: initiate_pay
INFO 2026-02-07 20:47:59,585 payment_service 15480 24812 User details: buyertwo@gmail.com, ID: 64
INFO 2026-02-07 20:47:59,935 payment_service 15480 24812 Payment record created with ID: 27
INFO 2026-02-07 20:47:59,935 payment_service 15480 24812 Initiating payment link request:
INFO 2026-02-07 20:47:59,936 payment_service 15480 24812   URL: https://sandbox.fapshi.com/initiate-pay
INFO 2026-02-07 20:47:59,936 payment_service 15480 24812   Payload: {
  "amount": 89000,
  "email": "buyertwo@gmail.com",
  "userId": "64",
  "externalId": "order_37",
  "message": "Payment for Order #37"
}
INFO 2026-02-07 20:47:59,937 payment_service 15480 24812   Headers: {'Content-Type': 'application/json', 'apikey': 'FAK_TEST_a0fcb2cb788bad459442', 'apiuser': '25917560-52cc-49f2-9f4e-59661b816b12'}
INFO 2026-02-07 20:48:03,676 payment_service 15480 24812 Response status code: 200
INFO 2026-02-07 20:48:03,676 payment_service 15480 24812 Response headers: {'content-type': 'application/json; charset=utf-8', 'vary': 'Accept-Encoding', 'access-control-allow-origin': '*', 'content-security-policy': "default-src 'self';base-uri 'self';font-src 'self' https: data:;form-action 'self';frame-ancestors 'self';img-src 'self' data:;object-src 'none';script-src 'self';script-src-attr 'none';style-src 'self' https: 'unsafe-inline';upgrade-insecure-requests", 'cross-origin-opener-policy': 'same-origin', 'cross-origin-resource-policy': 'same-origin', 'origin-agent-cluster': '?1', 'referrer-policy': 'no-referrer', 'strict-transport-security': 'max-age=31536000; includeSubDomains', 'x-content-type-options': 'nosniff', 'x-dns-prefetch-control': 'off', 'x-download-options': 'noopen', 'x-frame-options': 'SAMEORIGIN', 'x-permitted-cross-domain-policies': 'none', 'x-xss-protection': '0', 'access-control-allow-headers': 'Origin, Content-Type, Accept, apiUser, apiKey', 'etag': 'W/"ad-JYQgqFNewQ0YSc86aYFBlzz3m3s"', 'content-encoding': 'gzip', 'x-cloud-trace-context': '7ab9e908fd50319ee6f260f20dda3880;o=1', 'date': 'Sat, 07 Feb 2026 19:48:04 GMT', 'server': 'Google Frontend', 'Transfer-Encoding': 'chunked'}
INFO 2026-02-07 20:48:03,677 payment_service 15480 24812 Response data: {
  "message": "Request successful",
  "link": "https://checkout.fapshi.com/test/payment/698796f4c9b265f862b517b8",
  "transId": "fAYceUtynu",
  "dateInitiated": "2026-02-07T19:48:04.565Z"
}
INFO 2026-02-07 20:48:03,684 payment_service 15480 24812 Payment link initiation result: {'message': 'Request successful', 'link': 'https://checkout.fapshi.com/test/payment/698796f4c9b265f862b517b8', 'transId': 'fAYceUtynu', 'dateInitiated': '2026-02-07T19:48:04.565Z'}
INFO 2026-02-07 20:48:03,684 payment_service 15480 24812 Payment link generated successfully
INFO 2026-02-07 20:48:03,684 payment_service 15480 24812 Payment link set: https://checkout.fapshi.com/test/payment/698796f4c9b265f862b517b8
INFO 2026-02-07 20:48:03,685 payment_service 15480 24812 Payment date initiated: 2026-02-07 19:48:04.565000+00:00
INFO 2026-02-07 20:48:04,576 payment_service 15480 24812 Payment record updated successfully
INFO 2026-02-07 20:48:04,577 views 15480 24812 Payment initiated for order 37
WARNING 2026-02-07 20:48:35,848 log 15480 24812 Not Found: /api/buyer/orders/
WARNING 2026-02-07 20:48:35,875 log 15480 24812 Not Found: /api/buyer/orders/
WARNING 2026-02-07 20:48:37,419 log 15480 24812 Not Found: /api/buyer/orders/
WARNING 2026-02-07 20:48:37,455 log 15480 24812 Not Found: /api/buyer/orders/
WARNING 2026-02-07 20:48:42,367 log 15480 24812 Not Found: /api/buyer/orders/
WARNING 2026-02-07 20:48:42,396 log 15480 1784 Not Found: /api/buyer/orders/
WARNING 2026-02-07 20:48:45,145 log 15480 1784 Not Found: /api/buyer/orders/
WARNING 2026-02-07 20:48:45,173 log 15480 1784 Not Found: /api/buyer/orders/
WARNING 2026-02-07 20:48:46,133 log 15480 1784 Not Found: /api/buyer/orders/
WARNING 2026-02-07 20:48:46,158 log 15480 1784 Not Found: /api/buyer/orders/
WARNING 2026-02-07 20:48:49,064 log 15480 24812 Not Found: /api/buyer/orders/
WARNING 2026-02-07 20:48:49,107 log 15480 24812 Not Found: /api/buyer/orders/
WARNING 2026-02-07 20:48:52,178 log 15480 1784 Not Found: /api/buyer/orders/
WARNING 2026-02-07 20:48:52,226 log 15480 16032 Not Found: /api/buyer/orders/
INFO 2026-02-07 20:49:17,991 views 15480 24812 Checkout initiated by user buyertwo@gmail.com
INFO 2026-02-07 20:49:18,655 views 15480 24812 Received delivery data: {}
INFO 2026-02-07 20:49:18,656 views 15480 24812 Full request data: {'delivery_address': 'Bamenda', 'delivery_city': 'Bamenda', 'delivery_state': '', 'delivery_postal_code': '', 'delivery_phone': '+237651185719', 'delivery_notes': '', 'payment_method': 'fapshi', 'mtn_phone': '651185719'}
INFO 2026-02-07 20:49:18,656 views 15480 24812 Using direct delivery data: {'delivery_address': 'Bamenda', 'delivery_phone': '+237651185719', 'delivery_city': 'Bamenda', 'delivery_state': '', 'delivery_postal_code': '', 'delivery_notes': ''}
INFO 2026-02-07 20:49:19,666 views 15480 24812 Order 38 created with pending_payment status
INFO 2026-02-07 20:49:21,433 payment_service 15480 24812 FapshiPaymentService initialized:
INFO 2026-02-07 20:49:21,433 payment_service 15480 24812   Base URL: https://sandbox.fapshi.com
INFO 2026-02-07 20:49:21,434 payment_service 15480 24812   API User: 25917560-52cc-49f2-9f4e-59661b816b12
INFO 2026-02-07 20:49:21,434 payment_service 15480 24812   API Key set: Yes
INFO 2026-02-07 20:49:21,435 payment_service 15480 24812 Creating payment for order 38
INFO 2026-02-07 20:49:21,440 payment_service 15480 24812 Order total amount: 34000.00
INFO 2026-02-07 20:49:21,441 payment_service 15480 24812 Payment type: initiate_pay
INFO 2026-02-07 20:49:21,442 payment_service 15480 24812 User details: buyertwo@gmail.com, ID: 64
INFO 2026-02-07 20:49:21,769 payment_service 15480 24812 Payment record created with ID: 28
INFO 2026-02-07 20:49:21,772 payment_service 15480 24812 Initiating payment link request:
INFO 2026-02-07 20:49:21,772 payment_service 15480 24812   URL: https://sandbox.fapshi.com/initiate-pay
INFO 2026-02-07 20:49:21,773 payment_service 15480 24812   Payload: {
  "amount": 34000,
  "email": "buyertwo@gmail.com",
  "userId": "64",
  "externalId": "order_38",
  "message": "Payment for Order #38"
}
INFO 2026-02-07 20:49:21,773 payment_service 15480 24812   Headers: {'Content-Type': 'application/json', 'apikey': 'FAK_TEST_a0fcb2cb788bad459442', 'apiuser': '25917560-52cc-49f2-9f4e-59661b816b12'}
INFO 2026-02-07 20:49:25,696 payment_service 15480 24812 Response status code: 200
INFO 2026-02-07 20:49:25,696 payment_service 15480 24812 Response headers: {'content-type': 'application/json; charset=utf-8', 'vary': 'Accept-Encoding', 'access-control-allow-origin': '*', 'content-security-policy': "default-src 'self';base-uri 'self';font-src 'self' https: data:;form-action 'self';frame-ancestors 'self';img-src 'self' data:;object-src 'none';script-src 'self';script-src-attr 'none';style-src 'self' https: 'unsafe-inline';upgrade-insecure-requests", 'cross-origin-opener-policy': 'same-origin', 'cross-origin-resource-policy': 'same-origin', 'origin-agent-cluster': '?1', 'referrer-policy': 'no-referrer', 'strict-transport-security': 'max-age=31536000; includeSubDomains', 'x-content-type-options': 'nosniff', 'x-dns-prefetch-control': 'off', 'x-download-options': 'noopen', 'x-frame-options': 'SAMEORIGIN', 'x-permitted-cross-domain-policies': 'none', 'x-xss-protection': '0', 'access-control-allow-headers': 'Origin, Content-Type, Accept, apiUser, apiKey', 'etag': 'W/"ad-srVIdDY9ldOproWXaRoF1aMoMBM"', 'content-encoding': 'gzip', 'x-cloud-trace-context': '9ca32b02ace396ccc2e8df1b4cbbe1c8;o=1', 'date': 'Sat, 07 Feb 2026 19:49:26 GMT', 'server': 'Google Frontend', 'Transfer-Encoding': 'chunked'}
INFO 2026-02-07 20:49:25,697 payment_service 15480 24812 Response data: {
  "message": "Request successful",
  "link": "https://checkout.fapshi.com/test/payment/69879746c9b265f862b517be",
  "transId": "ePjjQCfJ5X",
  "dateInitiated": "2026-02-07T19:49:26.852Z"
}
INFO 2026-02-07 20:49:25,700 payment_service 15480 24812 Payment link initiation result: {'message': 'Request successful', 'link': 'https://checkout.fapshi.com/test/payment/69879746c9b265f862b517be', 'transId': 'ePjjQCfJ5X', 'dateInitiated': '2026-02-07T19:49:26.852Z'}
INFO 2026-02-07 20:49:25,701 payment_service 15480 24812 Payment link generated successfully
INFO 2026-02-07 20:49:25,701 payment_service 15480 24812 Payment link set: https://checkout.fapshi.com/test/payment/69879746c9b265f862b517be
INFO 2026-02-07 20:49:25,701 payment_service 15480 24812 Payment date initiated: 2026-02-07 19:49:26.852000+00:00
INFO 2026-02-07 20:49:26,025 payment_service 15480 24812 Payment record updated successfully
INFO 2026-02-07 20:49:26,025 views 15480 24812 Payment initiated for order 38
WARNING 2026-02-07 20:49:28,575 log 15480 24812 Not Found: /api/orders/undefined/pay/
INFO 2026-02-07 20:49:36,472 views 15480 24812 Checkout initiated by user buyertwo@gmail.com
WARNING 2026-02-07 20:49:37,131 log 15480 24812 Bad Request: /api/cart/checkout/
INFO 2026-02-07 20:50:28,999 views 15480 16032 Checkout initiated by user buyertwo@gmail.com
INFO 2026-02-07 20:50:29,683 views 15480 16032 Received delivery data: {}
INFO 2026-02-07 20:50:29,683 views 15480 16032 Full request data: {'delivery_address': 'Bamenda', 'delivery_city': 'Bamenda', 'delivery_state': '', 'delivery_postal_code': '', 'delivery_phone': '+237651185719', 'delivery_notes': '', 'payment_method': 'fapshi', 'mtn_phone': '651185719'}
INFO 2026-02-07 20:50:29,683 views 15480 16032 Using direct delivery data: {'delivery_address': 'Bamenda', 'delivery_phone': '+237651185719', 'delivery_city': 'Bamenda', 'delivery_state': '', 'delivery_postal_code': '', 'delivery_notes': ''}
INFO 2026-02-07 20:50:31,223 views 15480 16032 Order 39 created with pending_payment status
INFO 2026-02-07 20:50:31,898 payment_service 15480 16032 FapshiPaymentService initialized:
INFO 2026-02-07 20:50:31,898 payment_service 15480 16032   Base URL: https://sandbox.fapshi.com
INFO 2026-02-07 20:50:31,899 payment_service 15480 16032   API User: 25917560-52cc-49f2-9f4e-59661b816b12
INFO 2026-02-07 20:50:31,899 payment_service 15480 16032   API Key set: Yes
INFO 2026-02-07 20:50:31,900 payment_service 15480 16032 Creating payment for order 39
INFO 2026-02-07 20:50:31,900 payment_service 15480 16032 Order total amount: 2000.00
INFO 2026-02-07 20:50:31,900 payment_service 15480 16032 Payment type: initiate_pay
INFO 2026-02-07 20:50:31,900 payment_service 15480 16032 User details: buyertwo@gmail.com, ID: 64
INFO 2026-02-07 20:50:32,257 payment_service 15480 16032 Payment record created with ID: 29
INFO 2026-02-07 20:50:32,258 payment_service 15480 16032 Initiating payment link request:
INFO 2026-02-07 20:50:32,258 payment_service 15480 16032   URL: https://sandbox.fapshi.com/initiate-pay
INFO 2026-02-07 20:50:32,259 payment_service 15480 16032   Payload: {
  "amount": 2000,
  "email": "buyertwo@gmail.com",
  "userId": "64",
  "externalId": "order_39",
  "message": "Payment for Order #39"
}
INFO 2026-02-07 20:50:32,259 payment_service 15480 16032   Headers: {'Content-Type': 'application/json', 'apikey': 'FAK_TEST_a0fcb2cb788bad459442', 'apiuser': '25917560-52cc-49f2-9f4e-59661b816b12'}
INFO 2026-02-07 20:50:39,065 payment_service 15480 16032 Response status code: 200
INFO 2026-02-07 20:50:39,066 payment_service 15480 16032 Response headers: {'content-type': 'application/json; charset=utf-8', 'vary': 'Accept-Encoding', 'access-control-allow-origin': '*', 'content-security-policy': "default-src 'self';base-uri 'self';font-src 'self' https: data:;form-action 'self';frame-ancestors 'self';img-src 'self' data:;object-src 'none';script-src 'self';script-src-attr 'none';style-src 'self' https: 'unsafe-inline';upgrade-insecure-requests", 'cross-origin-opener-policy': 'same-origin', 'cross-origin-resource-policy': 'same-origin', 'origin-agent-cluster': '?1', 'referrer-policy': 'no-referrer', 'strict-transport-security': 'max-age=31536000; includeSubDomains', 'x-content-type-options': 'nosniff', 'x-dns-prefetch-control': 'off', 'x-download-options': 'noopen', 'x-frame-options': 'SAMEORIGIN', 'x-permitted-cross-domain-policies': 'none', 'x-xss-protection': '0', 'access-control-allow-headers': 'Origin, Content-Type, Accept, apiUser, apiKey', 'etag': 'W/"ad-NjJudzLfB1IpGQKHmiVSKfFlwnI"', 'content-encoding': 'gzip', 'x-cloud-trace-context': '28b87e78789d8cf07e1e9234b2361bd8;o=1', 'date': 'Sat, 07 Feb 2026 19:50:39 GMT', 'server': 'Google Frontend', 'Transfer-Encoding': 'chunked'}
INFO 2026-02-07 20:50:39,067 payment_service 15480 16032 Response data: {
  "message": "Request successful",
  "link": "https://checkout.fapshi.com/test/payment/6987978fc9b265f862b517c0",
  "transId": "06shZLx1Ew",
  "dateInitiated": "2026-02-07T19:50:39.868Z"
}
INFO 2026-02-07 20:50:39,074 payment_service 15480 16032 Payment link initiation result: {'message': 'Request successful', 'link': 'https://checkout.fapshi.com/test/payment/6987978fc9b265f862b517c0', 'transId': '06shZLx1Ew', 'dateInitiated': '2026-02-07T19:50:39.868Z'}
INFO 2026-02-07 20:50:39,076 payment_service 15480 16032 Payment link generated successfully
INFO 2026-02-07 20:50:39,077 payment_service 15480 16032 Payment link set: https://checkout.fapshi.com/test/payment/6987978fc9b265f862b517c0
INFO 2026-02-07 20:50:39,079 payment_service 15480 16032 Payment date initiated: 2026-02-07 19:50:39.868000+00:00
INFO 2026-02-07 20:50:39,437 payment_service 15480 16032 Payment record updated successfully
INFO 2026-02-07 20:50:39,438 views 15480 16032 Payment initiated for order 39
WARNING 2026-02-07 20:50:42,321 log 15480 16032 Not Found: /api/orders/undefined/pay/
INFO 2026-02-07 20:52:07,659 views 15480 16032 Checkout initiated by user buyertwo@gmail.com
INFO 2026-02-07 20:52:08,351 views 15480 16032 Received delivery data: {}
INFO 2026-02-07 20:52:08,353 views 15480 16032 Full request data: {'delivery_address': 'Bamenda', 'delivery_city': 'Bamenda', 'delivery_state': '', 'delivery_postal_code': '', 'delivery_phone': '+237651185719', 'delivery_notes': '', 'payment_method': 'fapshi', 'mtn_phone': '651185719'}
INFO 2026-02-07 20:52:08,354 views 15480 16032 Using direct delivery data: {'delivery_address': 'Bamenda', 'delivery_phone': '+237651185719', 'delivery_city': 'Bamenda', 'delivery_state': '', 'delivery_postal_code': '', 'delivery_notes': ''}
INFO 2026-02-07 20:52:10,026 views 15480 16032 Order 40 created with pending_payment status
INFO 2026-02-07 20:52:10,717 payment_service 15480 16032 FapshiPaymentService initialized:
INFO 2026-02-07 20:52:10,720 payment_service 15480 16032   Base URL: https://sandbox.fapshi.com
INFO 2026-02-07 20:52:10,721 payment_service 15480 16032   API User: 25917560-52cc-49f2-9f4e-59661b816b12
INFO 2026-02-07 20:52:10,721 payment_service 15480 16032   API Key set: Yes
INFO 2026-02-07 20:52:10,722 payment_service 15480 16032 Creating payment for order 40
INFO 2026-02-07 20:52:10,722 payment_service 15480 16032 Order total amount: 30000.00
INFO 2026-02-07 20:52:10,723 payment_service 15480 16032 Payment type: initiate_pay
INFO 2026-02-07 20:52:10,723 payment_service 15480 16032 User details: buyertwo@gmail.com, ID: 64
INFO 2026-02-07 20:52:11,050 payment_service 15480 16032 Payment record created with ID: 30
INFO 2026-02-07 20:52:11,054 payment_service 15480 16032 Initiating payment link request:
INFO 2026-02-07 20:52:11,055 payment_service 15480 16032   URL: https://sandbox.fapshi.com/initiate-pay
INFO 2026-02-07 20:52:11,056 payment_service 15480 16032   Payload: {
  "amount": 30000,
  "email": "buyertwo@gmail.com",
  "userId": "64",
  "externalId": "order_40",
  "message": "Payment for Order #40"
}
INFO 2026-02-07 20:52:11,057 payment_service 15480 16032   Headers: {'Content-Type': 'application/json', 'apikey': 'FAK_TEST_a0fcb2cb788bad459442', 'apiuser': '25917560-52cc-49f2-9f4e-59661b816b12'}
INFO 2026-02-07 20:52:15,307 payment_service 15480 16032 Response status code: 200
INFO 2026-02-07 20:52:15,308 payment_service 15480 16032 Response headers: {'content-type': 'application/json; charset=utf-8', 'vary': 'Accept-Encoding', 'access-control-allow-origin': '*', 'content-security-policy': "default-src 'self';base-uri 'self';font-src 'self' https: data:;form-action 'self';frame-ancestors 'self';img-src 'self' data:;object-src 'none';script-src 'self';script-src-attr 'none';style-src 'self' https: 'unsafe-inline';upgrade-insecure-requests", 'cross-origin-opener-policy': 'same-origin', 'cross-origin-resource-policy': 'same-origin', 'origin-agent-cluster': '?1', 'referrer-policy': 'no-referrer', 'strict-transport-security': 'max-age=31536000; includeSubDomains', 'x-content-type-options': 'nosniff', 'x-dns-prefetch-control': 'off', 'x-download-options': 'noopen', 'x-frame-options': 'SAMEORIGIN', 'x-permitted-cross-domain-policies': 'none', 'x-xss-protection': '0', 'access-control-allow-headers': 'Origin, Content-Type, Accept, apiUser, apiKey', 'etag': 'W/"ad-rQ5xSMfk3/bbynxKsSJn+HX/viM"', 'content-encoding': 'gzip', 'x-cloud-trace-context': '40129660ccfb1c065416fb7b6bb5eed4;o=1', 'date': 'Sat, 07 Feb 2026 19:52:15 GMT', 'server': 'Google Frontend', 'Transfer-Encoding': 'chunked'}
INFO 2026-02-07 20:52:15,309 payment_service 15480 16032 Response data: {
  "message": "Request successful",
  "link": "https://checkout.fapshi.com/test/payment/698797efc9b265f862b517c2",
  "transId": "fjcU04gS7Z",
  "dateInitiated": "2026-02-07T19:52:15.703Z"
}
INFO 2026-02-07 20:52:15,319 payment_service 15480 16032 Payment link initiation result: {'message': 'Request successful', 'link': 'https://checkout.fapshi.com/test/payment/698797efc9b265f862b517c2', 'transId': 'fjcU04gS7Z', 'dateInitiated': '2026-02-07T19:52:15.703Z'}
INFO 2026-02-07 20:52:15,321 payment_service 15480 16032 Payment link generated successfully
INFO 2026-02-07 20:52:15,322 payment_service 15480 16032 Payment link set: https://checkout.fapshi.com/test/payment/698797efc9b265f862b517c2
INFO 2026-02-07 20:52:15,322 payment_service 15480 16032 Payment date initiated: 2026-02-07 19:52:15.703000+00:00
INFO 2026-02-07 20:52:15,668 payment_service 15480 16032 Payment record updated successfully
INFO 2026-02-07 20:52:15,668 views 15480 16032 Payment initiated for order 40
WARNING 2026-02-07 20:52:54,100 log 15480 24812 Not Found: /api/buyer/orders/
WARNING 2026-02-07 20:52:54,133 log 15480 24812 Not Found: /api/buyer/orders/
WARNING 2026-02-07 20:52:56,076 log 15480 16032 Not Found: /api/buyer/orders/
WARNING 2026-02-07 20:52:56,111 log 15480 24812 Not Found: /api/buyer/orders/
WARNING 2026-02-07 20:53:02,383 log 15480 16032 Not Found: /api/buyer/orders/
WARNING 2026-02-07 20:53:02,410 log 15480 16032 Not Found: /api/buyer/orders/
WARNING 2026-02-07 20:53:30,516 log 15480 24812 Not Found: /api/buyer/orders/
WARNING 2026-02-07 20:53:30,547 log 15480 16032 Not Found: /api/buyer/orders/
WARNING 2026-02-07 20:53:44,769 log 15480 16032 Not Found: /api/buyer/orders/
WARNING 2026-02-07 20:53:44,809 log 15480 16032 Not Found: /api/buyer/orders/
WARNING 2026-02-07 20:53:45,420 log 15480 16032 Not Found: /api/buyer/orders/
WARNING 2026-02-07 20:53:45,461 log 15480 16032 Not Found: /api/buyer/orders/
WARNING 2026-02-07 20:53:49,138 log 15480 16032 Not Found: /api/buyer/orders/
WARNING 2026-02-07 20:53:49,169 log 15480 24812 Not Found: /api/buyer/orders/
WARNING 2026-02-07 20:53:49,998 log 15480 24812 Not Found: /api/buyer/orders/
WARNING 2026-02-07 20:53:50,035 log 15480 16032 Not Found: /api/buyer/orders/
INFO 2026-02-07 20:57:34,099 autoreload 15480 10924 C:\Users\TJ Rash\Desktop\INFNITE MARKET\E_COMMERCE\api\views.py changed, reloading.
INFO 2026-02-07 20:57:38,921 autoreload 3608 19176 Watching for file changes with StatReloader
INFO 2026-02-07 20:57:49,959 autoreload 3608 19176 C:\Users\TJ Rash\Desktop\INFNITE MARKET\E_COMMERCE\api\serializers.py changed, reloading.
INFO 2026-02-07 20:57:53,922 autoreload 26584 14004 Watching for file changes with StatReloader
INFO 2026-02-07 21:00:08,144 autoreload 26584 14004 C:\Users\TJ Rash\Desktop\INFNITE MARKET\E_COMMERCE\api\views.py changed, reloading.
INFO 2026-02-07 21:00:12,585 autoreload 23728 856 Watching for file changes with StatReloader
INFO 2026-02-07 21:00:19,514 autoreload 23728 856 C:\Users\TJ Rash\Desktop\INFNITE MARKET\E_COMMERCE\api\views.py changed, reloading.
INFO 2026-02-07 21:00:23,103 autoreload 6848 24960 Watching for file changes with StatReloader
INFO 2026-02-07 21:00:27,084 autoreload 6848 24960 C:\Users\TJ Rash\Desktop\INFNITE MARKET\E_COMMERCE\api\models.py changed, reloading.
INFO 2026-02-07 21:00:30,707 autoreload 23372 21636 Watching for file changes with StatReloader
INFO 2026-02-07 21:02:26,320 autoreload 23372 21636 C:\Users\TJ Rash\Desktop\INFNITE MARKET\E_COMMERCE\api\views.py changed, reloading.
INFO 2026-02-07 21:02:31,536 autoreload 4620 3060 Watching for file changes with StatReloader
ERROR 2026-02-07 21:03:15,968 log 4620 10584 Internal Server Error: /api/reports/my/
Traceback (most recent call last):
  File "C:\Users\TJ Rash\Desktop\INFNITE MARKET\E_COMMERCE\myenv\Lib\site-packages\django\db\backends\base\base.py", line 279, in ensure_connection
    self.connect()
    ~~~~~~~~~~~~^^
  File "C:\Users\TJ Rash\Desktop\INFNITE MARKET\E_COMMERCE\myenv\Lib\site-packages\django\utils\asyncio.py", line 26, in inner
    return func(*args, **kwargs)
  File "C:\Users\TJ Rash\Desktop\INFNITE MARKET\E_COMMERCE\myenv\Lib\site-packages\django\db\backends\base\base.py", line 256, in connect
    self.connection = self.get_new_connection(conn_params)
                      ~~~~~~~~~~~~~~~~~~~~~~~^^^^^^^^^^^^^
  File "C:\Users\TJ Rash\Desktop\INFNITE MARKET\E_COMMERCE\myenv\Lib\site-packages\django\utils\asyncio.py", line 26, in inner
    return func(*args, **kwargs)
  File "C:\Users\TJ Rash\Desktop\INFNITE MARKET\E_COMMERCE\myenv\Lib\site-packages\django\db\backends\postgresql\base.py", line 333, in get_new_connection
    connection = self.Database.connect(**conn_params)
  File "C:\Users\TJ Rash\Desktop\INFNITE MARKET\E_COMMERCE\myenv\Lib\site-packages\psycopg2\__init__.py", line 135, in connect
    conn = _connect(dsn, connection_factory=connection_factory, **kwasync)
psycopg2.OperationalError: connection to server at "dpg-d5igkipr0fns73b8cd30-a.oregon-postgres.render.com" (35.227.164.209), port 5432 failed: Connection timed out (0x0000274C/10060)
	Is the server running on that host and accepting TCP/IP connections?


The above exception was the direct cause of the following exception:

Traceback (most recent call last):
  File "C:\Users\TJ Rash\Desktop\INFNITE MARKET\E_COMMERCE\myenv\Lib\site-packages\django\core\handlers\exception.py", line 55, in inner
    response = get_response(request)
  File "C:\Users\TJ Rash\Desktop\INFNITE MARKET\E_COMMERCE\myenv\Lib\site-packages\django\core\handlers\base.py", line 198, in _get_response
    response = wrapped_callback(request, *callback_args, **callback_kwargs)
  File "C:\Users\TJ Rash\Desktop\INFNITE MARKET\E_COMMERCE\myenv\Lib\site-packages\django\views\decorators\csrf.py", line 65, in _view_wrapper
    return view_func(request, *args, **kwargs)
  File "C:\Users\TJ Rash\Desktop\INFNITE MARKET\E_COMMERCE\myenv\Lib\site-packages\django\views\generic\base.py", line 106, in view
    return self.dispatch(request, *args, **kwargs)
           ~~~~~~~~~~~~~^^^^^^^^^^^^^^^^^^^^^^^^^^
  File "C:\Users\TJ Rash\Desktop\INFNITE MARKET\E_COMMERCE\myenv\Lib\site-packages\rest_framework\views.py", line 509, in dispatch
    response = self.handle_exception(exc)
  File "C:\Users\TJ Rash\Desktop\INFNITE MARKET\E_COMMERCE\myenv\Lib\site-packages\rest_framework\views.py", line 469, in handle_exception
    self.raise_uncaught_exception(exc)
    ~~~~~~~~~~~~~~~~~~~~~~~~~~~~~^^^^^
  File "C:\Users\TJ Rash\Desktop\INFNITE MARKET\E_COMMERCE\myenv\Lib\site-packages\rest_framework\views.py", line 480, in raise_uncaught_exception
    raise exc
  File "C:\Users\TJ Rash\Desktop\INFNITE MARKET\E_COMMERCE\myenv\Lib\site-packages\rest_framework\views.py", line 497, in dispatch
    self.initial(request, *args, **kwargs)
    ~~~~~~~~~~~~^^^^^^^^^^^^^^^^^^^^^^^^^^
  File "C:\Users\TJ Rash\Desktop\INFNITE MARKET\E_COMMERCE\myenv\Lib\site-packages\rest_framework\views.py", line 414, in initial
    self.perform_authentication(request)
    ~~~~~~~~~~~~~~~~~~~~~~~~~~~^^^^^^^^^
  File "C:\Users\TJ Rash\Desktop\INFNITE MARKET\E_COMMERCE\myenv\Lib\site-packages\rest_framework\views.py", line 324, in perform_authentication
    request.user
  File "C:\Users\TJ Rash\Desktop\INFNITE MARKET\E_COMMERCE\myenv\Lib\site-packages\rest_framework\request.py", line 227, in user
    self._authenticate()
    ~~~~~~~~~~~~~~~~~~^^
  File "C:\Users\TJ Rash\Desktop\INFNITE MARKET\E_COMMERCE\myenv\Lib\site-packages\rest_framework\request.py", line 380, in _authenticate
    user_auth_tuple = authenticator.authenticate(self)
  File "C:\Users\TJ Rash\Desktop\INFNITE MARKET\E_COMMERCE\myenv\Lib\site-packages\rest_framework_simplejwt\authentication.py", line 51, in authenticate
    return self.get_user(validated_token), validated_token
           ~~~~~~~~~~~~~^^^^^^^^^^^^^^^^^
  File "C:\Users\TJ Rash\Desktop\INFNITE MARKET\E_COMMERCE\myenv\Lib\site-packages\rest_framework_simplejwt\authentication.py", line 130, in get_user
    user = self.user_model.objects.get(**{api_settings.USER_ID_FIELD: user_id})
  File "C:\Users\TJ Rash\Desktop\INFNITE MARKET\E_COMMERCE\myenv\Lib\site-packages\django\db\models\manager.py", line 87, in manager_method
    return getattr(self.get_queryset(), name)(*args, **kwargs)
           ~~~~~~~~~~~~~~~~~~~~~~~~~~~~~~~~~~^^^^^^^^^^^^^^^^^
  File "C:\Users\TJ Rash\Desktop\INFNITE MARKET\E_COMMERCE\myenv\Lib\site-packages\django\db\models\query.py", line 635, in get
    num = len(clone)
  File "C:\Users\TJ Rash\Desktop\INFNITE MARKET\E_COMMERCE\myenv\Lib\site-packages\django\db\models\query.py", line 372, in __len__
    self._fetch_all()
    ~~~~~~~~~~~~~~~^^
  File "C:\Users\TJ Rash\Desktop\INFNITE MARKET\E_COMMERCE\myenv\Lib\site-packages\django\db\models\query.py", line 2000, in _fetch_all
    self._result_cache = list(self._iterable_class(self))
                         ~~~~^^^^^^^^^^^^^^^^^^^^^^^^^^^^
  File "C:\Users\TJ Rash\Desktop\INFNITE MARKET\E_COMMERCE\myenv\Lib\site-packages\django\db\models\query.py", line 95, in __iter__
    results = compiler.execute_sql(
        chunked_fetch=self.chunked_fetch, chunk_size=self.chunk_size
    )
  File "C:\Users\TJ Rash\Desktop\INFNITE MARKET\E_COMMERCE\myenv\Lib\site-packages\django\db\models\sql\compiler.py", line 1622, in execute_sql
    cursor = self.connection.cursor()
  File "C:\Users\TJ Rash\Desktop\INFNITE MARKET\E_COMMERCE\myenv\Lib\site-packages\django\utils\asyncio.py", line 26, in inner
    return func(*args, **kwargs)
  File "C:\Users\TJ Rash\Desktop\INFNITE MARKET\E_COMMERCE\myenv\Lib\site-packages\django\db\backends\base\base.py", line 320, in cursor
    return self._cursor()
           ~~~~~~~~~~~~^^
  File "C:\Users\TJ Rash\Desktop\INFNITE MARKET\E_COMMERCE\myenv\Lib\site-packages\django\db\backends\base\base.py", line 296, in _cursor
    self.ensure_connection()
    ~~~~~~~~~~~~~~~~~~~~~~^^
  File "C:\Users\TJ Rash\Desktop\INFNITE MARKET\E_COMMERCE\myenv\Lib\site-packages\django\utils\asyncio.py", line 26, in inner
    return func(*args, **kwargs)
  File "C:\Users\TJ Rash\Desktop\INFNITE MARKET\E_COMMERCE\myenv\Lib\site-packages\django\db\backends\base\base.py", line 278, in ensure_connection
    with self.wrap_database_errors:
         ^^^^^^^^^^^^^^^^^^^^^^^^^
  File "C:\Users\TJ Rash\Desktop\INFNITE MARKET\E_COMMERCE\myenv\Lib\site-packages\django\db\utils.py", line 94, in __exit__
    raise dj_exc_value.with_traceback(traceback) from exc_value
  File "C:\Users\TJ Rash\Desktop\INFNITE MARKET\E_COMMERCE\myenv\Lib\site-packages\django\db\backends\base\base.py", line 279, in ensure_connection
    self.connect()
    ~~~~~~~~~~~~^^
  File "C:\Users\TJ Rash\Desktop\INFNITE MARKET\E_COMMERCE\myenv\Lib\site-packages\django\utils\asyncio.py", line 26, in inner
    return func(*args, **kwargs)
  File "C:\Users\TJ Rash\Desktop\INFNITE MARKET\E_COMMERCE\myenv\Lib\site-packages\django\db\backends\base\base.py", line 256, in connect
    self.connection = self.get_new_connection(conn_params)
                      ~~~~~~~~~~~~~~~~~~~~~~~^^^^^^^^^^^^^
  File "C:\Users\TJ Rash\Desktop\INFNITE MARKET\E_COMMERCE\myenv\Lib\site-packages\django\utils\asyncio.py", line 26, in inner
    return func(*args, **kwargs)
  File "C:\Users\TJ Rash\Desktop\INFNITE MARKET\E_COMMERCE\myenv\Lib\site-packages\django\db\backends\postgresql\base.py", line 333, in get_new_connection
    connection = self.Database.connect(**conn_params)
  File "C:\Users\TJ Rash\Desktop\INFNITE MARKET\E_COMMERCE\myenv\Lib\site-packages\psycopg2\__init__.py", line 135, in connect
    conn = _connect(dsn, connection_factory=connection_factory, **kwasync)
django.db.utils.OperationalError: connection to server at "dpg-d5igkipr0fns73b8cd30-a.oregon-postgres.render.com" (35.227.164.209), port 5432 failed: Connection timed out (0x0000274C/10060)
	Is the server running on that host and accepting TCP/IP connections?

INFO 2026-02-07 21:05:05,072 views 4620 15328 Checkout initiated by user buyertwo@gmail.com
INFO 2026-02-07 21:05:06,370 views 4620 15328 Received delivery data: {}
INFO 2026-02-07 21:05:06,371 views 4620 15328 Full request data: {'delivery_address': 'Bamenda', 'delivery_city': 'Bamenda', 'delivery_state': '', 'delivery_postal_code': '', 'delivery_phone': '+237651185719', 'delivery_notes': '', 'payment_method': 'fapshi', 'mtn_phone': '651185719'}
INFO 2026-02-07 21:05:06,371 views 4620 15328 Using direct delivery data: {'delivery_address': 'Bamenda', 'delivery_phone': '+237651185719', 'delivery_city': 'Bamenda', 'delivery_state': '', 'delivery_postal_code': '', 'delivery_notes': ''}
INFO 2026-02-07 21:05:07,766 payment_service 4620 15328 FapshiPaymentService initialized:
INFO 2026-02-07 21:05:07,767 payment_service 4620 15328   Base URL: https://sandbox.fapshi.com
INFO 2026-02-07 21:05:07,767 payment_service 4620 15328   API User: 25917560-52cc-49f2-9f4e-59661b816b12
INFO 2026-02-07 21:05:07,767 payment_service 4620 15328   API Key set: Yes
ERROR 2026-02-07 21:05:07,768 views 4620 15328 Checkout failed: FapshiPaymentService.initiate_payment_link() missing 2 required positional arguments: 'email' and 'user_id'
WARNING 2026-02-07 21:05:09,022 log 4620 15328 Bad Request: /api/cart/checkout/
INFO 2026-02-07 21:07:05,951 views 4620 15328 Checkout initiated by user buyertwo@gmail.com
INFO 2026-02-07 21:07:06,591 views 4620 15328 Received delivery data: {}
INFO 2026-02-07 21:07:06,591 views 4620 15328 Full request data: {'delivery_address': 'Bamenda', 'delivery_city': 'Bamenda', 'delivery_state': '', 'delivery_postal_code': '', 'delivery_phone': '+237651185719', 'delivery_notes': '', 'payment_method': 'fapshi', 'mtn_phone': '651185719', 'email': 'buyertwo@gmail.com', 'user_id': 64}
INFO 2026-02-07 21:07:06,591 views 4620 15328 Using direct delivery data: {'delivery_address': 'Bamenda', 'delivery_phone': '+237651185719', 'delivery_city': 'Bamenda', 'delivery_state': '', 'delivery_postal_code': '', 'delivery_notes': ''}
INFO 2026-02-07 21:07:08,951 payment_service 4620 15328 FapshiPaymentService initialized:
INFO 2026-02-07 21:07:08,951 payment_service 4620 15328   Base URL: https://sandbox.fapshi.com
INFO 2026-02-07 21:07:08,952 payment_service 4620 15328   API User: 25917560-52cc-49f2-9f4e-59661b816b12
INFO 2026-02-07 21:07:08,952 payment_service 4620 15328   API Key set: Yes
ERROR 2026-02-07 21:07:08,953 views 4620 15328 Checkout failed: FapshiPaymentService.initiate_payment_link() missing 2 required positional arguments: 'email' and 'user_id'
WARNING 2026-02-07 21:07:10,312 log 4620 15328 Bad Request: /api/cart/checkout/
INFO 2026-02-07 21:08:28,509 views 4620 15328 Checkout initiated by user buyertwo@gmail.com
INFO 2026-02-07 21:08:29,187 views 4620 15328 Received delivery data: {}
INFO 2026-02-07 21:08:29,190 views 4620 15328 Full request data: {'delivery_address': 'Bamenda', 'delivery_city': 'Bamenda', 'delivery_state': '', 'delivery_postal_code': '', 'delivery_phone': '+237651185719', 'delivery_notes': '', 'payment_method': 'fapshi', 'mtn_phone': '651185719', 'user': {'email': 'buyertwo@gmail.com', 'id': 64, 'user_id': 64}, 'email': 'buyertwo@gmail.com', 'user_id': 64, 'buyer_email': 'buyertwo@gmail.com', 'buyer_id': 64}
INFO 2026-02-07 21:08:29,191 views 4620 15328 Using direct delivery data: {'delivery_address': 'Bamenda', 'delivery_phone': '+237651185719', 'delivery_city': 'Bamenda', 'delivery_state': '', 'delivery_postal_code': '', 'delivery_notes': ''}
INFO 2026-02-07 21:08:34,787 payment_service 4620 15328 FapshiPaymentService initialized:
INFO 2026-02-07 21:08:34,789 payment_service 4620 15328   Base URL: https://sandbox.fapshi.com
INFO 2026-02-07 21:08:34,790 payment_service 4620 15328   API User: 25917560-52cc-49f2-9f4e-59661b816b12
INFO 2026-02-07 21:08:34,791 payment_service 4620 15328   API Key set: Yes
ERROR 2026-02-07 21:08:34,791 views 4620 15328 Checkout failed: FapshiPaymentService.initiate_payment_link() missing 2 required positional arguments: 'email' and 'user_id'
WARNING 2026-02-07 21:08:36,714 log 4620 15328 Bad Request: /api/cart/checkout/
INFO 2026-02-07 21:10:51,101 autoreload 4620 3060 C:\Users\TJ Rash\Desktop\INFNITE MARKET\E_COMMERCE\api\views.py changed, reloading.
INFO 2026-02-07 21:10:56,947 autoreload 22204 2504 Watching for file changes with StatReloader
INFO 2026-02-07 21:11:03,726 autoreload 22204 2504 C:\Users\TJ Rash\Desktop\INFNITE MARKET\E_COMMERCE\api\views.py changed, reloading.
INFO 2026-02-07 21:11:09,916 autoreload 14800 7836 Watching for file changes with StatReloader
INFO 2026-02-07 21:12:01,471 views 14800 15836 Checkout initiated by user buyertwo@gmail.com
INFO 2026-02-07 21:12:02,669 views 14800 15836 Received delivery data: {}
INFO 2026-02-07 21:12:02,670 views 14800 15836 Full request data: {'delivery_address': 'Bamenda', 'delivery_city': 'Bamenda', 'delivery_state': '', 'delivery_postal_code': '', 'delivery_phone': '+237651185719', 'delivery_notes': '', 'payment_method': 'fapshi', 'mtn_phone': '651185719', 'user': {'email': 'buyertwo@gmail.com', 'id': 64, 'user_id': 64}, 'email': 'buyertwo@gmail.com', 'user_id': 64, 'buyer_email': 'buyertwo@gmail.com', 'buyer_id': 64}
INFO 2026-02-07 21:12:02,670 views 14800 15836 Using direct delivery data: {'delivery_address': 'Bamenda', 'delivery_phone': '+237651185719', 'delivery_city': 'Bamenda', 'delivery_state': '', 'delivery_postal_code': '', 'delivery_notes': ''}
INFO 2026-02-07 21:12:07,820 payment_service 14800 15836 FapshiPaymentService initialized:
INFO 2026-02-07 21:12:07,820 payment_service 14800 15836   Base URL: https://sandbox.fapshi.com
INFO 2026-02-07 21:12:07,820 payment_service 14800 15836   API User: 25917560-52cc-49f2-9f4e-59661b816b12
INFO 2026-02-07 21:12:07,821 payment_service 14800 15836   API Key set: Yes
INFO 2026-02-07 21:12:07,821 payment_service 14800 15836 Initiating payment link request:
INFO 2026-02-07 21:12:07,821 payment_service 14800 15836   URL: https://sandbox.fapshi.com/initiate-pay
INFO 2026-02-07 21:12:07,822 payment_service 14800 15836   Payload: {
  "amount": 120918,
  "email": "buyertwo@gmail.com",
  "userId": "64",
  "externalId": "e030b581-000f-4256-aafb-542ecf347f48",
  "message": "Payment for checkout e030b581-000f-4256-aafb-542ecf347f48"
}
INFO 2026-02-07 21:12:07,822 payment_service 14800 15836   Headers: {'Content-Type': 'application/json', 'apikey': 'FAK_TEST_a0fcb2cb788bad459442', 'apiuser': '25917560-52cc-49f2-9f4e-59661b816b12'}
INFO 2026-02-07 21:12:15,149 payment_service 14800 15836 Response status code: 200
INFO 2026-02-07 21:12:15,150 payment_service 14800 15836 Response headers: {'content-type': 'application/json; charset=utf-8', 'vary': 'Accept-Encoding', 'access-control-allow-origin': '*', 'content-security-policy': "default-src 'self';base-uri 'self';font-src 'self' https: data:;form-action 'self';frame-ancestors 'self';img-src 'self' data:;object-src 'none';script-src 'self';script-src-attr 'none';style-src 'self' https: 'unsafe-inline';upgrade-insecure-requests", 'cross-origin-opener-policy': 'same-origin', 'cross-origin-resource-policy': 'same-origin', 'origin-agent-cluster': '?1', 'referrer-policy': 'no-referrer', 'strict-transport-security': 'max-age=31536000; includeSubDomains', 'x-content-type-options': 'nosniff', 'x-dns-prefetch-control': 'off', 'x-download-options': 'noopen', 'x-frame-options': 'SAMEORIGIN', 'x-permitted-cross-domain-policies': 'none', 'x-xss-protection': '0', 'access-control-allow-headers': 'Origin, Content-Type, Accept, apiUser, apiKey', 'etag': 'W/"ad-wPcLqaQwV6FekwzPyVCoReBeKSA"', 'content-encoding': 'gzip', 'x-cloud-trace-context': '6aedc1ed750a97ef19e81d3f49996e20;o=1', 'date': 'Sat, 07 Feb 2026 20:12:17 GMT', 'server': 'Google Frontend', 'Transfer-Encoding': 'chunked'}
INFO 2026-02-07 21:12:15,151 payment_service 14800 15836 Response data: {
  "message": "Request successful",
  "link": "https://checkout.fapshi.com/test/payment/69879ca059917ce92f31b514",
  "transId": "Fs9PxgUR7i",
  "dateInitiated": "2026-02-07T20:12:16.880Z"
}
ERROR 2026-02-07 21:12:15,154 views 14800 15836 Checkout failed: 'success'
WARNING 2026-02-07 21:12:16,447 log 14800 15836 Bad Request: /api/cart/checkout/
INFO 2026-02-07 21:13:14,619 autoreload 14800 7836 C:\Users\TJ Rash\Desktop\INFNITE MARKET\E_COMMERCE\api\views.py changed, reloading.
INFO 2026-02-07 21:13:21,359 autoreload 26240 17356 Watching for file changes with StatReloader
INFO 2026-02-07 21:14:34,554 views 26240 14096 Checkout initiated by user buyertwo@gmail.com
INFO 2026-02-07 21:14:35,194 views 26240 14096 Received delivery data: {}
INFO 2026-02-07 21:14:35,194 views 26240 14096 Full request data: {'delivery_address': 'Bamenda', 'delivery_city': 'Bamenda', 'delivery_state': '', 'delivery_postal_code': '', 'delivery_phone': '+237651185719', 'delivery_notes': '', 'payment_method': 'fapshi', 'mtn_phone': '651185719', 'user': {'email': 'buyertwo@gmail.com', 'id': 64, 'user_id': 64}, 'email': 'buyertwo@gmail.com', 'user_id': 64, 'buyer_email': 'buyertwo@gmail.com', 'buyer_id': 64}
INFO 2026-02-07 21:14:35,198 views 26240 14096 Using direct delivery data: {'delivery_address': 'Bamenda', 'delivery_phone': '+237651185719', 'delivery_city': 'Bamenda', 'delivery_state': '', 'delivery_postal_code': '', 'delivery_notes': ''}
INFO 2026-02-07 21:14:41,607 payment_service 26240 14096 FapshiPaymentService initialized:
INFO 2026-02-07 21:14:41,608 payment_service 26240 14096   Base URL: https://sandbox.fapshi.com
INFO 2026-02-07 21:14:41,608 payment_service 26240 14096   API User: 25917560-52cc-49f2-9f4e-59661b816b12
INFO 2026-02-07 21:14:41,609 payment_service 26240 14096   API Key set: Yes
INFO 2026-02-07 21:14:41,609 payment_service 26240 14096 Initiating payment link request:
INFO 2026-02-07 21:14:41,609 payment_service 26240 14096   URL: https://sandbox.fapshi.com/initiate-pay
INFO 2026-02-07 21:14:41,610 payment_service 26240 14096   Payload: {
  "amount": 140918,
  "email": "buyertwo@gmail.com",
  "userId": "64",
  "externalId": "ffc079a8-fb7c-4133-8f81-53004308e067",
  "message": "Payment for checkout ffc079a8-fb7c-4133-8f81-53004308e067"
}
INFO 2026-02-07 21:14:41,611 payment_service 26240 14096   Headers: {'Content-Type': 'application/json', 'apikey': 'FAK_TEST_a0fcb2cb788bad459442', 'apiuser': '25917560-52cc-49f2-9f4e-59661b816b12'}
INFO 2026-02-07 21:14:44,897 payment_service 26240 14096 Response status code: 200
INFO 2026-02-07 21:14:44,899 payment_service 26240 14096 Response headers: {'content-type': 'application/json; charset=utf-8', 'vary': 'Accept-Encoding', 'access-control-allow-origin': '*', 'content-security-policy': "default-src 'self';base-uri 'self';font-src 'self' https: data:;form-action 'self';frame-ancestors 'self';img-src 'self' data:;object-src 'none';script-src 'self';script-src-attr 'none';style-src 'self' https: 'unsafe-inline';upgrade-insecure-requests", 'cross-origin-opener-policy': 'same-origin', 'cross-origin-resource-policy': 'same-origin', 'origin-agent-cluster': '?1', 'referrer-policy': 'no-referrer', 'strict-transport-security': 'max-age=31536000; includeSubDomains', 'x-content-type-options': 'nosniff', 'x-dns-prefetch-control': 'off', 'x-download-options': 'noopen', 'x-frame-options': 'SAMEORIGIN', 'x-permitted-cross-domain-policies': 'none', 'x-xss-protection': '0', 'access-control-allow-headers': 'Origin, Content-Type, Accept, apiUser, apiKey', 'etag': 'W/"ad-Pk3OYopa3k1Prn1K036SnVEvLs4"', 'content-encoding': 'gzip', 'x-cloud-trace-context': '8418f549897698d550fdd6c2f869c827;o=1', 'date': 'Sat, 07 Feb 2026 20:14:46 GMT', 'server': 'Google Frontend', 'Transfer-Encoding': 'chunked'}
INFO 2026-02-07 21:14:44,900 payment_service 26240 14096 Response data: {
  "message": "Request successful",
  "link": "https://checkout.fapshi.com/test/payment/69879d3659917ce92f31b518",
  "transId": "McGlx6JQAJ",
  "dateInitiated": "2026-02-07T20:14:46.647Z"
}
INFO 2026-02-07 21:14:44,904 views 26240 14096 Payment initiated for checkout ffc079a8-fb7c-4133-8f81-53004308e067
ERROR 2026-02-07 21:14:45,228 views 26240 14096 Checkout failed: null value in column "order_id" of relation "api_payment" violates not-null constraint
DETAIL:  Failing row contains (31, McGlx6JQAJ, initiate_pay, pending, 140918.00, null, buyertwo@gmail.com, https://checkout.fapshi.com/test/payment/69879d3659917ce92f31b51..., ffc079a8-fb7c-4133-8f81-53004308e067, Request successful, 2026-02-07 20:14:46.647+00, null, 2026-02-07 20:14:44.907346+00, 2026-02-07 20:14:44.907438+00, null).

WARNING 2026-02-07 21:14:46,515 log 26240 14096 Bad Request: /api/cart/checkout/
INFO 2026-02-07 21:17:30,769 views 26240 14096 Checkout initiated by user buyertwo@gmail.com
INFO 2026-02-07 21:17:31,446 views 26240 14096 Received delivery data: {}
INFO 2026-02-07 21:17:31,447 views 26240 14096 Full request data: {'delivery_address': 'Bamenda', 'delivery_city': 'Bamenda', 'delivery_state': '', 'delivery_postal_code': '', 'delivery_phone': '+237651185719', 'delivery_notes': '', 'payment_method': 'fapshi', 'mtn_phone': '651185719', 'user': {'email': 'buyertwo@gmail.com', 'id': 64, 'user_id': 64}, 'email': 'buyertwo@gmail.com', 'user_id': 64, 'buyer_email': 'buyertwo@gmail.com', 'buyer_id': 64}
INFO 2026-02-07 21:17:31,447 views 26240 14096 Using direct delivery data: {'delivery_address': 'Bamenda', 'delivery_phone': '+237651185719', 'delivery_city': 'Bamenda', 'delivery_state': '', 'delivery_postal_code': '', 'delivery_notes': ''}
INFO 2026-02-07 21:17:37,003 payment_service 26240 14096 FapshiPaymentService initialized:
INFO 2026-02-07 21:17:37,004 payment_service 26240 14096   Base URL: https://sandbox.fapshi.com
INFO 2026-02-07 21:17:37,004 payment_service 26240 14096   API User: 25917560-52cc-49f2-9f4e-59661b816b12
INFO 2026-02-07 21:17:37,005 payment_service 26240 14096   API Key set: Yes
INFO 2026-02-07 21:17:37,005 payment_service 26240 14096 Initiating payment link request:
INFO 2026-02-07 21:17:37,006 payment_service 26240 14096   URL: https://sandbox.fapshi.com/initiate-pay
INFO 2026-02-07 21:17:37,006 payment_service 26240 14096   Payload: {
  "amount": 140918,
  "email": "buyertwo@gmail.com",
  "userId": "64",
  "externalId": "25a1ada1-c6c4-402f-9c0e-ee3e2004639e",
  "message": "Payment for checkout 25a1ada1-c6c4-402f-9c0e-ee3e2004639e"
}
INFO 2026-02-07 21:17:37,014 payment_service 26240 14096   Headers: {'Content-Type': 'application/json', 'apikey': 'FAK_TEST_a0fcb2cb788bad459442', 'apiuser': '25917560-52cc-49f2-9f4e-59661b816b12'}
INFO 2026-02-07 21:17:40,537 payment_service 26240 14096 Response status code: 200
INFO 2026-02-07 21:17:40,537 payment_service 26240 14096 Response headers: {'content-type': 'application/json; charset=utf-8', 'vary': 'Accept-Encoding', 'access-control-allow-origin': '*', 'content-security-policy': "default-src 'self';base-uri 'self';font-src 'self' https: data:;form-action 'self';frame-ancestors 'self';img-src 'self' data:;object-src 'none';script-src 'self';script-src-attr 'none';style-src 'self' https: 'unsafe-inline';upgrade-insecure-requests", 'cross-origin-opener-policy': 'same-origin', 'cross-origin-resource-policy': 'same-origin', 'origin-agent-cluster': '?1', 'referrer-policy': 'no-referrer', 'strict-transport-security': 'max-age=31536000; includeSubDomains', 'x-content-type-options': 'nosniff', 'x-dns-prefetch-control': 'off', 'x-download-options': 'noopen', 'x-frame-options': 'SAMEORIGIN', 'x-permitted-cross-domain-policies': 'none', 'x-xss-protection': '0', 'access-control-allow-headers': 'Origin, Content-Type, Accept, apiUser, apiKey', 'etag': 'W/"ad-5UNVqYsuWMjRfHsGFvQ5ctOeUwg"', 'content-encoding': 'gzip', 'x-cloud-trace-context': '5839a3eed7f608bf5144eb48657498d0;o=1', 'date': 'Sat, 07 Feb 2026 20:17:42 GMT', 'server': 'Google Frontend', 'Transfer-Encoding': 'chunked'}
INFO 2026-02-07 21:17:40,538 payment_service 26240 14096 Response data: {
  "message": "Request successful",
  "link": "https://checkout.fapshi.com/test/payment/69879de659917ce92f31b51a",
  "transId": "361nmVxsgW",
  "dateInitiated": "2026-02-07T20:17:42.293Z"
}
INFO 2026-02-07 21:17:40,545 views 26240 14096 Payment initiated for checkout 25a1ada1-c6c4-402f-9c0e-ee3e2004639e
INFO 2026-02-07 21:18:05,545 views 26240 14096 Checkout initiated by user buyertwo@gmail.com
INFO 2026-02-07 21:18:06,207 views 26240 14096 Received delivery data: {}
INFO 2026-02-07 21:18:06,208 views 26240 14096 Full request data: {'delivery_address': 'Bamenda', 'delivery_city': 'Bamenda', 'delivery_state': '', 'delivery_postal_code': '', 'delivery_phone': '+237651185719', 'delivery_notes': '', 'payment_method': 'fapshi', 'mtn_phone': '651185719', 'user': {'email': 'buyertwo@gmail.com', 'id': 64, 'user_id': 64}, 'email': 'buyertwo@gmail.com', 'user_id': 64, 'buyer_email': 'buyertwo@gmail.com', 'buyer_id': 64}
INFO 2026-02-07 21:18:06,208 views 26240 14096 Using direct delivery data: {'delivery_address': 'Bamenda', 'delivery_phone': '+237651185719', 'delivery_city': 'Bamenda', 'delivery_state': '', 'delivery_postal_code': '', 'delivery_notes': ''}
INFO 2026-02-07 21:18:12,534 payment_service 26240 14096 FapshiPaymentService initialized:
INFO 2026-02-07 21:18:12,535 payment_service 26240 14096   Base URL: https://sandbox.fapshi.com
INFO 2026-02-07 21:18:12,535 payment_service 26240 14096   API User: 25917560-52cc-49f2-9f4e-59661b816b12
INFO 2026-02-07 21:18:12,536 payment_service 26240 14096   API Key set: Yes
INFO 2026-02-07 21:18:12,536 payment_service 26240 14096 Initiating payment link request:
INFO 2026-02-07 21:18:12,538 payment_service 26240 14096   URL: https://sandbox.fapshi.com/initiate-pay
INFO 2026-02-07 21:18:12,540 payment_service 26240 14096   Payload: {
  "amount": 140918,
  "email": "buyertwo@gmail.com",
  "userId": "64",
  "externalId": "18e928b2-2caa-41c8-a896-79a704c19e46",
  "message": "Payment for checkout 18e928b2-2caa-41c8-a896-79a704c19e46"
}
INFO 2026-02-07 21:18:12,541 payment_service 26240 14096   Headers: {'Content-Type': 'application/json', 'apikey': 'FAK_TEST_a0fcb2cb788bad459442', 'apiuser': '25917560-52cc-49f2-9f4e-59661b816b12'}
INFO 2026-02-07 21:18:17,615 payment_service 26240 14096 Response status code: 200
INFO 2026-02-07 21:18:17,616 payment_service 26240 14096 Response headers: {'content-type': 'application/json; charset=utf-8', 'vary': 'Accept-Encoding', 'access-control-allow-origin': '*', 'content-security-policy': "default-src 'self';base-uri 'self';font-src 'self' https: data:;form-action 'self';frame-ancestors 'self';img-src 'self' data:;object-src 'none';script-src 'self';script-src-attr 'none';style-src 'self' https: 'unsafe-inline';upgrade-insecure-requests", 'cross-origin-opener-policy': 'same-origin', 'cross-origin-resource-policy': 'same-origin', 'origin-agent-cluster': '?1', 'referrer-policy': 'no-referrer', 'strict-transport-security': 'max-age=31536000; includeSubDomains', 'x-content-type-options': 'nosniff', 'x-dns-prefetch-control': 'off', 'x-download-options': 'noopen', 'x-frame-options': 'SAMEORIGIN', 'x-permitted-cross-domain-policies': 'none', 'x-xss-protection': '0', 'access-control-allow-headers': 'Origin, Content-Type, Accept, apiUser, apiKey', 'etag': 'W/"ad-Qi1wXv2cZw0VoRh8KyGGrPgYyBI"', 'content-encoding': 'gzip', 'x-cloud-trace-context': '2a8fe01d08104d4469473a6143606806;o=1', 'date': 'Sat, 07 Feb 2026 20:18:19 GMT', 'server': 'Google Frontend', 'Transfer-Encoding': 'chunked'}
INFO 2026-02-07 21:18:17,616 payment_service 26240 14096 Response data: {
  "message": "Request successful",
  "link": "https://checkout.fapshi.com/test/payment/69879e0b59917ce92f31b51c",
  "transId": "zWuVUvvq3V",
  "dateInitiated": "2026-02-07T20:18:19.346Z"
}
INFO 2026-02-07 21:18:17,620 views 26240 14096 Payment initiated for checkout 18e928b2-2caa-41c8-a896-79a704c19e46
INFO 2026-02-07 21:19:05,023 autoreload 26240 17356 C:\Users\TJ Rash\Desktop\INFNITE MARKET\E_COMMERCE\api\views.py changed, reloading.
INFO 2026-02-07 21:19:15,274 autoreload 14320 24476 Watching for file changes with StatReloader
INFO 2026-02-07 21:19:41,337 views 14320 12376 Checkout initiated by user buyertwo@gmail.com
INFO 2026-02-07 21:19:41,980 views 14320 12376 Received delivery data: {}
INFO 2026-02-07 21:19:41,985 views 14320 12376 Full request data: {'delivery_address': 'Bamenda', 'delivery_city': 'Bamenda', 'delivery_state': '', 'delivery_postal_code': '', 'delivery_phone': '+237651185719', 'delivery_notes': '', 'payment_method': 'fapshi', 'mtn_phone': '651185719', 'user': {'email': 'buyertwo@gmail.com', 'id': 64, 'user_id': 64}, 'email': 'buyertwo@gmail.com', 'user_id': 64, 'buyer_email': 'buyertwo@gmail.com', 'buyer_id': 64}
INFO 2026-02-07 21:19:41,986 views 14320 12376 Using direct delivery data: {'delivery_address': 'Bamenda', 'delivery_phone': '+237651185719', 'delivery_city': 'Bamenda', 'delivery_state': '', 'delivery_postal_code': '', 'delivery_notes': ''}
INFO 2026-02-07 21:19:50,582 payment_service 14320 12376 FapshiPaymentService initialized:
INFO 2026-02-07 21:19:50,582 payment_service 14320 12376   Base URL: https://sandbox.fapshi.com
INFO 2026-02-07 21:19:50,583 payment_service 14320 12376   API User: 25917560-52cc-49f2-9f4e-59661b816b12
INFO 2026-02-07 21:19:50,583 payment_service 14320 12376   API Key set: Yes
INFO 2026-02-07 21:19:50,583 payment_service 14320 12376 Initiating payment link request:
INFO 2026-02-07 21:19:50,584 payment_service 14320 12376   URL: https://sandbox.fapshi.com/initiate-pay
INFO 2026-02-07 21:19:50,586 payment_service 14320 12376   Payload: {
  "amount": 140918,
  "email": "buyertwo@gmail.com",
  "userId": "64",
  "externalId": "001fce72-dcd4-4a44-b577-45f246136d12",
  "message": "Payment for checkout 001fce72-dcd4-4a44-b577-45f246136d12"
}
INFO 2026-02-07 21:19:50,587 payment_service 14320 12376   Headers: {'Content-Type': 'application/json', 'apikey': 'FAK_TEST_a0fcb2cb788bad459442', 'apiuser': '25917560-52cc-49f2-9f4e-59661b816b12'}
INFO 2026-02-07 21:19:52,955 payment_service 14320 12376 Response status code: 200
INFO 2026-02-07 21:19:52,956 payment_service 14320 12376 Response headers: {'content-type': 'application/json; charset=utf-8', 'vary': 'Accept-Encoding', 'access-control-allow-origin': '*', 'content-security-policy': "default-src 'self';base-uri 'self';font-src 'self' https: data:;form-action 'self';frame-ancestors 'self';img-src 'self' data:;object-src 'none';script-src 'self';script-src-attr 'none';style-src 'self' https: 'unsafe-inline';upgrade-insecure-requests", 'cross-origin-opener-policy': 'same-origin', 'cross-origin-resource-policy': 'same-origin', 'origin-agent-cluster': '?1', 'referrer-policy': 'no-referrer', 'strict-transport-security': 'max-age=31536000; includeSubDomains', 'x-content-type-options': 'nosniff', 'x-dns-prefetch-control': 'off', 'x-download-options': 'noopen', 'x-frame-options': 'SAMEORIGIN', 'x-permitted-cross-domain-policies': 'none', 'x-xss-protection': '0', 'access-control-allow-headers': 'Origin, Content-Type, Accept, apiUser, apiKey', 'etag': 'W/"ad-BIydkgDcxE2jIw/QtCFgP0YQDXY"', 'content-encoding': 'gzip', 'x-cloud-trace-context': '6c707a5a9906d92c73f62c137253dd06;o=1', 'date': 'Sat, 07 Feb 2026 20:19:54 GMT', 'server': 'Google Frontend', 'Transfer-Encoding': 'chunked'}
INFO 2026-02-07 21:19:52,956 payment_service 14320 12376 Response data: {
  "message": "Request successful",
  "link": "https://checkout.fapshi.com/test/payment/69879e6a59917ce92f31b51e",
  "transId": "W0RXvPxFjF",
  "dateInitiated": "2026-02-07T20:19:54.711Z"
}
INFO 2026-02-07 21:19:52,962 views 14320 12376 Payment initiated for checkout 001fce72-dcd4-4a44-b577-45f246136d12
INFO 2026-02-07 21:20:48,884 autoreload 14320 24476 C:\Users\TJ Rash\Desktop\INFNITE MARKET\E_COMMERCE\api\views.py changed, reloading.
INFO 2026-02-07 21:20:53,023 autoreload 22432 20644 Watching for file changes with StatReloader
INFO 2026-02-07 21:21:25,754 views 22432 2776 Checkout initiated by user buyertwo@gmail.com
INFO 2026-02-07 21:21:26,403 views 22432 2776 Received delivery data: {}
INFO 2026-02-07 21:21:26,404 views 22432 2776 Full request data: {'delivery_address': 'Bamenda', 'delivery_city': 'Bamenda', 'delivery_state': '', 'delivery_postal_code': '', 'delivery_phone': '+237651185719', 'delivery_notes': '', 'payment_method': 'fapshi', 'mtn_phone': '651185719', 'user': {'email': 'buyertwo@gmail.com', 'id': 64, 'user_id': 64}, 'email': 'buyertwo@gmail.com', 'user_id': 64, 'buyer_email': 'buyertwo@gmail.com', 'buyer_id': 64}
INFO 2026-02-07 21:21:26,404 views 22432 2776 Using direct delivery data: {'delivery_address': 'Bamenda', 'delivery_phone': '+237651185719', 'delivery_city': 'Bamenda', 'delivery_state': '', 'delivery_postal_code': '', 'delivery_notes': ''}
INFO 2026-02-07 21:21:33,415 payment_service 22432 2776 FapshiPaymentService initialized:
INFO 2026-02-07 21:21:33,416 payment_service 22432 2776   Base URL: https://sandbox.fapshi.com
INFO 2026-02-07 21:21:33,417 payment_service 22432 2776   API User: 25917560-52cc-49f2-9f4e-59661b816b12
INFO 2026-02-07 21:21:33,417 payment_service 22432 2776   API Key set: Yes
INFO 2026-02-07 21:21:33,418 payment_service 22432 2776 Initiating payment link request:
INFO 2026-02-07 21:21:33,418 payment_service 22432 2776   URL: https://sandbox.fapshi.com/initiate-pay
INFO 2026-02-07 21:21:33,418 payment_service 22432 2776   Payload: {
  "amount": 140918,
  "email": "buyertwo@gmail.com",
  "userId": "64",
  "externalId": "19f70744-5dc7-43e9-ab11-da2a6ad4ba3a",
  "message": "Payment for checkout 19f70744-5dc7-43e9-ab11-da2a6ad4ba3a"
}
INFO 2026-02-07 21:21:33,419 payment_service 22432 2776   Headers: {'Content-Type': 'application/json', 'apikey': 'FAK_TEST_a0fcb2cb788bad459442', 'apiuser': '25917560-52cc-49f2-9f4e-59661b816b12'}
INFO 2026-02-07 21:21:36,497 payment_service 22432 2776 Response status code: 200
INFO 2026-02-07 21:21:36,498 payment_service 22432 2776 Response headers: {'content-type': 'application/json; charset=utf-8', 'vary': 'Accept-Encoding', 'access-control-allow-origin': '*', 'content-security-policy': "default-src 'self';base-uri 'self';font-src 'self' https: data:;form-action 'self';frame-ancestors 'self';img-src 'self' data:;object-src 'none';script-src 'self';script-src-attr 'none';style-src 'self' https: 'unsafe-inline';upgrade-insecure-requests", 'cross-origin-opener-policy': 'same-origin', 'cross-origin-resource-policy': 'same-origin', 'origin-agent-cluster': '?1', 'referrer-policy': 'no-referrer', 'strict-transport-security': 'max-age=31536000; includeSubDomains', 'x-content-type-options': 'nosniff', 'x-dns-prefetch-control': 'off', 'x-download-options': 'noopen', 'x-frame-options': 'SAMEORIGIN', 'x-permitted-cross-domain-policies': 'none', 'x-xss-protection': '0', 'access-control-allow-headers': 'Origin, Content-Type, Accept, apiUser, apiKey', 'etag': 'W/"ad-45uxBUpWG356bOyVY3Qzn5HLMbA"', 'content-encoding': 'gzip', 'x-cloud-trace-context': 'd9a132a0c2deda5a0169b90383d1bd29;o=1', 'date': 'Sat, 07 Feb 2026 20:21:38 GMT', 'server': 'Google Frontend', 'Transfer-Encoding': 'chunked'}
INFO 2026-02-07 21:21:36,499 payment_service 22432 2776 Response data: {
  "message": "Request successful",
  "link": "https://checkout.fapshi.com/test/payment/69879ed259917ce92f31b520",
  "transId": "II610fRYcG",
  "dateInitiated": "2026-02-07T20:21:38.252Z"
}
INFO 2026-02-07 21:21:36,504 views 22432 2776 Payment initiated for checkout 19f70744-5dc7-43e9-ab11-da2a6ad4ba3a
WARNING 2026-02-07 21:22:05,367 log 22432 24200 Not Found: /api/buyer/orders/
WARNING 2026-02-07 21:22:05,405 log 22432 24200 Not Found: /api/buyer/orders/
WARNING 2026-02-07 21:22:07,593 log 22432 24200 Not Found: /api/buyer/orders/
WARNING 2026-02-07 21:22:07,638 log 22432 24200 Not Found: /api/buyer/orders/
WARNING 2026-02-07 21:22:22,364 log 22432 24200 Not Found: /api/buyer/orders/
WARNING 2026-02-07 21:22:22,400 log 22432 2776 Not Found: /api/buyer/orders/
INFO 2026-02-07 21:23:17,632 autoreload 22432 20644 C:\Users\TJ Rash\Desktop\INFNITE MARKET\E_COMMERCE\api\urls.py changed, reloading.
INFO 2026-02-07 21:23:21,754 autoreload 21276 8376 Watching for file changes with StatReloader
WARNING 2026-02-07 21:24:50,962 log 21276 26408 Not Found: /api/cart/items/60/
INFO 2026-02-07 21:25:34,918 views 21276 10944 Checkout initiated by user buyertwo@gmail.com
INFO 2026-02-07 21:25:36,111 views 21276 10944 Received delivery data: {}
INFO 2026-02-07 21:25:36,112 views 21276 10944 Full request data: {'delivery_address': 'Bamenda', 'delivery_city': 'Bamenda', 'delivery_state': '', 'delivery_postal_code': '', 'delivery_phone': '+237651185719', 'delivery_notes': '', 'payment_method': 'fapshi', 'mtn_phone': '651185719', 'user': {'email': 'buyertwo@gmail.com', 'id': 64, 'user_id': 64}, 'email': 'buyertwo@gmail.com', 'user_id': 64, 'buyer_email': 'buyertwo@gmail.com', 'buyer_id': 64}
INFO 2026-02-07 21:25:36,113 views 21276 10944 Using direct delivery data: {'delivery_address': 'Bamenda', 'delivery_phone': '+237651185719', 'delivery_city': 'Bamenda', 'delivery_state': '', 'delivery_postal_code': '', 'delivery_notes': ''}
INFO 2026-02-07 21:25:40,457 payment_service 21276 10944 FapshiPaymentService initialized:
INFO 2026-02-07 21:25:40,457 payment_service 21276 10944   Base URL: https://sandbox.fapshi.com
INFO 2026-02-07 21:25:40,458 payment_service 21276 10944   API User: 25917560-52cc-49f2-9f4e-59661b816b12
INFO 2026-02-07 21:25:40,459 payment_service 21276 10944   API Key set: Yes
INFO 2026-02-07 21:25:40,459 payment_service 21276 10944 Initiating payment link request:
INFO 2026-02-07 21:25:40,460 payment_service 21276 10944   URL: https://sandbox.fapshi.com/initiate-pay
INFO 2026-02-07 21:25:40,460 payment_service 21276 10944   Payload: {
  "amount": 51000,
  "email": "buyertwo@gmail.com",
  "userId": "64",
  "externalId": "0837e6b9-4636-47e1-a80a-64a4142cf137",
  "message": "Payment for checkout 0837e6b9-4636-47e1-a80a-64a4142cf137"
}
INFO 2026-02-07 21:25:40,461 payment_service 21276 10944   Headers: {'Content-Type': 'application/json', 'apikey': 'FAK_TEST_a0fcb2cb788bad459442', 'apiuser': '25917560-52cc-49f2-9f4e-59661b816b12'}
INFO 2026-02-07 21:25:43,474 payment_service 21276 10944 Response status code: 200
INFO 2026-02-07 21:25:43,475 payment_service 21276 10944 Response headers: {'content-type': 'application/json; charset=utf-8', 'vary': 'Accept-Encoding', 'access-control-allow-origin': '*', 'content-security-policy': "default-src 'self';base-uri 'self';font-src 'self' https: data:;form-action 'self';frame-ancestors 'self';img-src 'self' data:;object-src 'none';script-src 'self';script-src-attr 'none';style-src 'self' https: 'unsafe-inline';upgrade-insecure-requests", 'cross-origin-opener-policy': 'same-origin', 'cross-origin-resource-policy': 'same-origin', 'origin-agent-cluster': '?1', 'referrer-policy': 'no-referrer', 'strict-transport-security': 'max-age=31536000; includeSubDomains', 'x-content-type-options': 'nosniff', 'x-dns-prefetch-control': 'off', 'x-download-options': 'noopen', 'x-frame-options': 'SAMEORIGIN', 'x-permitted-cross-domain-policies': 'none', 'x-xss-protection': '0', 'access-control-allow-headers': 'Origin, Content-Type, Accept, apiUser, apiKey', 'etag': 'W/"ad-zRyT/LwkLJRc/v3ZSo8f9bPse7k"', 'content-encoding': 'gzip', 'x-cloud-trace-context': 'c8f9053ac1e1c75b7e7fad7b347c0905;o=1', 'date': 'Sat, 07 Feb 2026 20:25:45 GMT', 'server': 'Google Frontend', 'Transfer-Encoding': 'chunked'}
INFO 2026-02-07 21:25:43,475 payment_service 21276 10944 Response data: {
  "message": "Request successful",
  "link": "https://checkout.fapshi.com/test/payment/69879fc959917ce92f31b523",
  "transId": "fAPPZt3YhP",
  "dateInitiated": "2026-02-07T20:25:45.223Z"
}
INFO 2026-02-07 21:25:43,480 views 21276 10944 Payment initiated for checkout 0837e6b9-4636-47e1-a80a-64a4142cf137
INFO 2026-02-07 21:27:20,212 autoreload 21276 8376 C:\Users\TJ Rash\Desktop\INFNITE MARKET\E_COMMERCE\api\views.py changed, reloading.
INFO 2026-02-07 21:27:27,082 autoreload 25744 18596 Watching for file changes with StatReloader
INFO 2026-02-07 21:27:59,790 autoreload 25744 18596 C:\Users\TJ Rash\Desktop\INFNITE MARKET\E_COMMERCE\api\views.py changed, reloading.
INFO 2026-02-07 21:28:05,218 autoreload 23224 22052 Watching for file changes with StatReloader
INFO 2026-02-07 21:28:12,537 autoreload 23224 22052 C:\Users\TJ Rash\Desktop\INFNITE MARKET\E_COMMERCE\api\urls.py changed, reloading.
INFO 2026-02-07 21:28:16,956 autoreload 17000 24120 Watching for file changes with StatReloader
INFO 2026-02-07 21:29:46,989 views 17000 13076 Checkout initiated by user buyertwo@gmail.com
INFO 2026-02-07 21:29:47,625 views 17000 13076 Received delivery data: {}
INFO 2026-02-07 21:29:47,626 views 17000 13076 Full request data: {'delivery_address': 'Bamenda', 'delivery_city': 'Bamenda', 'delivery_state': '', 'delivery_postal_code': '', 'delivery_phone': '+237651185719', 'delivery_notes': '', 'payment_method': 'fapshi', 'mtn_phone': '651185719', 'user': {'email': 'buyertwo@gmail.com', 'id': 64, 'user_id': 64}, 'email': 'buyertwo@gmail.com', 'user_id': 64, 'buyer_email': 'buyertwo@gmail.com', 'buyer_id': 64}
INFO 2026-02-07 21:29:47,627 views 17000 13076 Using direct delivery data: {'delivery_address': 'Bamenda', 'delivery_phone': '+237651185719', 'delivery_city': 'Bamenda', 'delivery_state': '', 'delivery_postal_code': '', 'delivery_notes': ''}
INFO 2026-02-07 21:29:51,400 payment_service 17000 13076 FapshiPaymentService initialized:
INFO 2026-02-07 21:29:51,400 payment_service 17000 13076   Base URL: https://sandbox.fapshi.com
INFO 2026-02-07 21:29:51,401 payment_service 17000 13076   API User: 25917560-52cc-49f2-9f4e-59661b816b12
INFO 2026-02-07 21:29:51,401 payment_service 17000 13076   API Key set: Yes
INFO 2026-02-07 21:29:51,402 payment_service 17000 13076 Initiating payment link request:
INFO 2026-02-07 21:29:51,402 payment_service 17000 13076   URL: https://sandbox.fapshi.com/initiate-pay
INFO 2026-02-07 21:29:51,402 payment_service 17000 13076   Payload: {
  "amount": 51000,
  "email": "buyertwo@gmail.com",
  "userId": "64",
  "externalId": "06512a45-3986-48e6-a6c1-5f6b8cd64d1f",
  "message": "Payment for checkout 06512a45-3986-48e6-a6c1-5f6b8cd64d1f"
}
INFO 2026-02-07 21:29:51,403 payment_service 17000 13076   Headers: {'Content-Type': 'application/json', 'apikey': 'FAK_TEST_a0fcb2cb788bad459442', 'apiuser': '25917560-52cc-49f2-9f4e-59661b816b12'}
INFO 2026-02-07 21:29:55,046 payment_service 17000 13076 Response status code: 200
INFO 2026-02-07 21:29:55,046 payment_service 17000 13076 Response headers: {'content-type': 'application/json; charset=utf-8', 'vary': 'Accept-Encoding', 'access-control-allow-origin': '*', 'content-security-policy': "default-src 'self';base-uri 'self';font-src 'self' https: data:;form-action 'self';frame-ancestors 'self';img-src 'self' data:;object-src 'none';script-src 'self';script-src-attr 'none';style-src 'self' https: 'unsafe-inline';upgrade-insecure-requests", 'cross-origin-opener-policy': 'same-origin', 'cross-origin-resource-policy': 'same-origin', 'origin-agent-cluster': '?1', 'referrer-policy': 'no-referrer', 'strict-transport-security': 'max-age=31536000; includeSubDomains', 'x-content-type-options': 'nosniff', 'x-dns-prefetch-control': 'off', 'x-download-options': 'noopen', 'x-frame-options': 'SAMEORIGIN', 'x-permitted-cross-domain-policies': 'none', 'x-xss-protection': '0', 'access-control-allow-headers': 'Origin, Content-Type, Accept, apiUser, apiKey', 'etag': 'W/"ad-L0A5P1uDfqLO7mnvuQ/AH8dT5VI"', 'content-encoding': 'gzip', 'x-cloud-trace-context': 'e49dc54d06588f2f4352ee628be6a813;o=1', 'date': 'Sat, 07 Feb 2026 20:29:56 GMT', 'server': 'Google Frontend', 'Transfer-Encoding': 'chunked'}
INFO 2026-02-07 21:29:55,047 payment_service 17000 13076 Response data: {
  "message": "Request successful",
  "link": "https://checkout.fapshi.com/test/payment/6987a0c459917ce92f31b52a",
  "transId": "EdAQmxMDcP",
  "dateInitiated": "2026-02-07T20:29:56.836Z"
}
INFO 2026-02-07 21:29:55,050 views 17000 13076 Payment initiated for checkout 06512a45-3986-48e6-a6c1-5f6b8cd64d1f
INFO 2026-02-07 21:33:54,142 views 17000 8484 Testing webhook for payment 37
INFO 2026-02-07 21:33:54,144 payment_service 17000 8484 FapshiPaymentService initialized:
INFO 2026-02-07 21:33:54,144 payment_service 17000 8484   Base URL: https://sandbox.fapshi.com
INFO 2026-02-07 21:33:54,151 payment_service 17000 8484   API User: 25917560-52cc-49f2-9f4e-59661b816b12
INFO 2026-02-07 21:33:54,153 payment_service 17000 8484   API Key set: Yes
ERROR 2026-02-07 21:33:58,980 views 17000 8484 Test webhook failed: 'NoneType' object has no attribute 'payment_status' and no __dict__ for setting new attributes
ERROR 2026-02-07 21:33:58,984 log 17000 8484 Internal Server Error: /api/test/webhook/
INFO 2026-02-07 21:34:10,570 autoreload 17000 24120 C:\Users\TJ Rash\Desktop\INFNITE MARKET\E_COMMERCE\api\views.py changed, reloading.
INFO 2026-02-07 21:34:17,586 autoreload 22012 26208 Watching for file changes with StatReloader
INFO 2026-02-07 21:34:31,824 views 22012 11012 Testing webhook for payment 36
INFO 2026-02-07 21:34:31,826 payment_service 22012 11012 FapshiPaymentService initialized:
INFO 2026-02-07 21:34:31,830 payment_service 22012 11012   Base URL: https://sandbox.fapshi.com
INFO 2026-02-07 21:34:31,831 payment_service 22012 11012   API User: 25917560-52cc-49f2-9f4e-59661b816b12
INFO 2026-02-07 21:34:31,832 payment_service 22012 11012   API Key set: Yes
ERROR 2026-02-07 21:34:35,844 views 22012 11012 Test webhook failed: 'NoneType' object has no attribute 'payment_status' and no __dict__ for setting new attributes
ERROR 2026-02-07 21:34:35,849 log 22012 11012 Internal Server Error: /api/test/webhook/
INFO 2026-02-07 21:34:45,820 autoreload 22012 26208 C:\Users\TJ Rash\Desktop\INFNITE MARKET\E_COMMERCE\api\views.py changed, reloading.
INFO 2026-02-07 21:34:55,388 autoreload 12496 25728 Watching for file changes with StatReloader
INFO 2026-02-07 21:35:02,972 views 12496 840 Testing webhook for payment 35
INFO 2026-02-07 21:35:02,974 views 12496 840 Payment details: II610fRYcG, buyertwo@gmail.com, 140918.00
INFO 2026-02-07 21:35:02,975 payment_service 12496 840 FapshiPaymentService initialized:
INFO 2026-02-07 21:35:02,975 payment_service 12496 840   Base URL: https://sandbox.fapshi.com
INFO 2026-02-07 21:35:02,980 payment_service 12496 840   API User: 25917560-52cc-49f2-9f4e-59661b816b12
INFO 2026-02-07 21:35:02,981 payment_service 12496 840   API Key set: Yes
ERROR 2026-02-07 21:35:07,912 views 12496 840 Test webhook failed: 'NoneType' object has no attribute 'save'
ERROR 2026-02-07 21:35:07,950 views 12496 840 Traceback: Traceback (most recent call last):
  File "C:\Users\TJ Rash\Desktop\INFNITE MARKET\E_COMMERCE\api\views.py", line 730, in test_webhook
    result = payment_service.update_payment_status(payment.trans_id)
  File "C:\Users\TJ Rash\Desktop\INFNITE MARKET\E_COMMERCE\api\payment_service.py", line 282, in update_payment_status
    order.save()
    ^^^^^^^^^^
AttributeError: 'NoneType' object has no attribute 'save'

ERROR 2026-02-07 21:35:07,960 log 12496 840 Internal Server Error: /api/test/webhook/
INFO 2026-02-07 21:36:12,857 views 12496 13876 Testing webhook for payment 34
INFO 2026-02-07 21:36:12,858 views 12496 13876 Payment details: W0RXvPxFjF, buyertwo@gmail.com, 140918.00
INFO 2026-02-07 21:36:12,858 payment_service 12496 13876 FapshiPaymentService initialized:
INFO 2026-02-07 21:36:12,859 payment_service 12496 13876   Base URL: https://sandbox.fapshi.com
INFO 2026-02-07 21:36:12,859 payment_service 12496 13876   API User: 25917560-52cc-49f2-9f4e-59661b816b12
INFO 2026-02-07 21:36:12,859 payment_service 12496 13876   API Key set: Yes
ERROR 2026-02-07 21:36:16,650 views 12496 13876 Test webhook failed: 'NoneType' object has no attribute 'save'
ERROR 2026-02-07 21:36:16,651 views 12496 13876 Traceback: Traceback (most recent call last):
  File "C:\Users\TJ Rash\Desktop\INFNITE MARKET\E_COMMERCE\api\views.py", line 730, in test_webhook
    result = payment_service.update_payment_status(payment.trans_id)
  File "C:\Users\TJ Rash\Desktop\INFNITE MARKET\E_COMMERCE\api\payment_service.py", line 282, in update_payment_status
    order.save()
    ^^^^^^^^^^
AttributeError: 'NoneType' object has no attribute 'save'

ERROR 2026-02-07 21:36:16,653 log 12496 13876 Internal Server Error: /api/test/webhook/
INFO 2026-02-07 21:36:46,539 autoreload 12496 25728 C:\Users\TJ Rash\Desktop\INFNITE MARKET\E_COMMERCE\api\models.py changed, reloading.
INFO 2026-02-07 21:36:52,066 autoreload 13488 21884 Watching for file changes with StatReloader
INFO 2026-02-07 21:37:06,649 views 13488 22228 Testing webhook for payment 33
INFO 2026-02-07 21:37:06,653 views 13488 22228 Payment details: zWuVUvvq3V, buyertwo@gmail.com, 140918.00
INFO 2026-02-07 21:37:06,654 payment_service 13488 22228 FapshiPaymentService initialized:
INFO 2026-02-07 21:37:06,658 payment_service 13488 22228   Base URL: https://sandbox.fapshi.com
INFO 2026-02-07 21:37:06,662 payment_service 13488 22228   API User: 25917560-52cc-49f2-9f4e-59661b816b12
INFO 2026-02-07 21:37:06,663 payment_service 13488 22228   API Key set: Yes
ERROR 2026-02-07 21:37:13,746 views 13488 22228 Test webhook failed: 'NoneType' object has no attribute 'save'
ERROR 2026-02-07 21:37:13,751 views 13488 22228 Traceback: Traceback (most recent call last):
  File "C:\Users\TJ Rash\Desktop\INFNITE MARKET\E_COMMERCE\api\views.py", line 730, in test_webhook
    result = payment_service.update_payment_status(payment.trans_id)
  File "C:\Users\TJ Rash\Desktop\INFNITE MARKET\E_COMMERCE\api\payment_service.py", line 282, in update_payment_status
    order.save()
    ^^^^^^^^^^
AttributeError: 'NoneType' object has no attribute 'save'

ERROR 2026-02-07 21:37:13,755 log 13488 22228 Internal Server Error: /api/test/webhook/
INFO 2026-02-07 21:38:09,398 autoreload 13488 21884 C:\Users\TJ Rash\Desktop\INFNITE MARKET\E_COMMERCE\api\views.py changed, reloading.
INFO 2026-02-07 21:38:16,545 autoreload 16984 10996 Watching for file changes with StatReloader
WARNING 2026-02-07 21:38:29,407 log 16984 23020 Not Found: /api/test/webhook/
WARNING 2026-02-07 21:39:16,818 log 16984 15192 Unauthorized: /api/buyer/orders/
INFO 2026-02-07 21:42:36,317 views 16984 468 Checkout initiated by user buyertwo@gmail.com
INFO 2026-02-07 21:42:36,978 views 16984 468 Received delivery data: {}
INFO 2026-02-07 21:42:36,978 views 16984 468 Full request data: {'delivery_address': 'Bamenda', 'delivery_city': 'Bamenda', 'delivery_state': '', 'delivery_postal_code': '', 'delivery_phone': '+237651185719', 'delivery_notes': '', 'payment_method': 'fapshi', 'mtn_phone': '651185719', 'user': {'email': 'buyertwo@gmail.com', 'id': 64, 'user_id': 64}, 'email': 'buyertwo@gmail.com', 'user_id': 64, 'buyer_email': 'buyertwo@gmail.com', 'buyer_id': 64}
INFO 2026-02-07 21:42:36,978 views 16984 468 Using direct delivery data: {'delivery_address': 'Bamenda', 'delivery_phone': '+237651185719', 'delivery_city': 'Bamenda', 'delivery_state': '', 'delivery_postal_code': '', 'delivery_notes': ''}
INFO 2026-02-07 21:42:38,326 payment_service 16984 468 FapshiPaymentService initialized:
INFO 2026-02-07 21:42:38,327 payment_service 16984 468   Base URL: https://sandbox.fapshi.com
INFO 2026-02-07 21:42:38,327 payment_service 16984 468   API User: 25917560-52cc-49f2-9f4e-59661b816b12
INFO 2026-02-07 21:42:38,328 payment_service 16984 468   API Key set: Yes
INFO 2026-02-07 21:42:38,329 payment_service 16984 468 Initiating payment link request:
INFO 2026-02-07 21:42:38,329 payment_service 16984 468   URL: https://sandbox.fapshi.com/initiate-pay
INFO 2026-02-07 21:42:38,330 payment_service 16984 468   Payload: {
  "amount": 34000,
  "email": "buyertwo@gmail.com",
  "userId": "64",
  "externalId": "01d2123e-6aff-4f76-9a40-5ef036830d5a",
  "message": "Payment for checkout 01d2123e-6aff-4f76-9a40-5ef036830d5a"
}
INFO 2026-02-07 21:42:38,330 payment_service 16984 468   Headers: {'Content-Type': 'application/json', 'apikey': 'FAK_TEST_a0fcb2cb788bad459442', 'apiuser': '25917560-52cc-49f2-9f4e-59661b816b12'}
INFO 2026-02-07 21:42:41,742 payment_service 16984 468 Response status code: 200
INFO 2026-02-07 21:42:41,743 payment_service 16984 468 Response headers: {'content-type': 'application/json; charset=utf-8', 'vary': 'Accept-Encoding', 'access-control-allow-origin': '*', 'content-security-policy': "default-src 'self';base-uri 'self';font-src 'self' https: data:;form-action 'self';frame-ancestors 'self';img-src 'self' data:;object-src 'none';script-src 'self';script-src-attr 'none';style-src 'self' https: 'unsafe-inline';upgrade-insecure-requests", 'cross-origin-opener-policy': 'same-origin', 'cross-origin-resource-policy': 'same-origin', 'origin-agent-cluster': '?1', 'referrer-policy': 'no-referrer', 'strict-transport-security': 'max-age=31536000; includeSubDomains', 'x-content-type-options': 'nosniff', 'x-dns-prefetch-control': 'off', 'x-download-options': 'noopen', 'x-frame-options': 'SAMEORIGIN', 'x-permitted-cross-domain-policies': 'none', 'x-xss-protection': '0', 'access-control-allow-headers': 'Origin, Content-Type, Accept, apiUser, apiKey', 'etag': 'W/"ad-R2flz9H8odFGxJFGdLB0NPILR/E"', 'content-encoding': 'gzip', 'x-cloud-trace-context': 'db76217f0b2ea9898e90b23238775b71;o=1', 'date': 'Sat, 07 Feb 2026 20:42:43 GMT', 'server': 'Google Frontend', 'Transfer-Encoding': 'chunked'}
INFO 2026-02-07 21:42:41,743 payment_service 16984 468 Response data: {
  "message": "Request successful",
  "link": "https://checkout.fapshi.com/test/payment/6987a3c359917ce92f31b53b",
  "transId": "q9A81EXVGX",
  "dateInitiated": "2026-02-07T20:42:43.544Z"
}
INFO 2026-02-07 21:42:41,746 views 16984 468 Payment initiated for checkout 01d2123e-6aff-4f76-9a40-5ef036830d5a
INFO 2026-02-07 21:46:10,184 autoreload 16984 10996 C:\Users\TJ Rash\Desktop\INFNITE MARKET\E_COMMERCE\api\views.py changed, reloading.
INFO 2026-02-07 21:46:14,416 autoreload 696 13560 Watching for file changes with StatReloader
INFO 2026-02-07 21:47:52,396 autoreload 696 13560 C:\Users\TJ Rash\Desktop\INFNITE MARKET\E_COMMERCE\api\views.py changed, reloading.
INFO 2026-02-07 21:47:55,924 autoreload 6920 20152 Watching for file changes with StatReloader
INFO 2026-02-07 21:48:36,528 autoreload 6920 20152 C:\Users\TJ Rash\Desktop\INFNITE MARKET\E_COMMERCE\api\views.py changed, reloading.
INFO 2026-02-07 21:48:41,086 autoreload 19868 25716 Watching for file changes with StatReloader
INFO 2026-02-07 21:49:15,974 views 19868 4312 Testing webhook for payment 39
INFO 2026-02-07 21:49:17,316 views 19868 4312 TEST: Order 42 created successfully from payment 39
WARNING 2026-02-07 21:49:51,018 log 19868 15732 Unauthorized: /api/buyer/orders/
INFO 2026-02-07 21:51:03,584 views 19868 15548 Checkout initiated by user buyertwo@gmail.com
INFO 2026-02-07 21:51:04,786 views 19868 15548 Received delivery data: {}
INFO 2026-02-07 21:51:04,786 views 19868 15548 Full request data: {'delivery_address': 'Bamenda', 'delivery_city': 'Bamenda', 'delivery_state': '', 'delivery_postal_code': '', 'delivery_phone': '+237651185719', 'delivery_notes': '', 'payment_method': 'fapshi', 'mtn_phone': '651185719'}
INFO 2026-02-07 21:51:04,787 views 19868 15548 Using direct delivery data: {'delivery_address': 'Bamenda', 'delivery_phone': '+237651185719', 'delivery_city': 'Bamenda', 'delivery_state': '', 'delivery_postal_code': '', 'delivery_notes': ''}
INFO 2026-02-07 21:51:06,115 payment_service 19868 15548 FapshiPaymentService initialized:
INFO 2026-02-07 21:51:06,116 payment_service 19868 15548   Base URL: https://sandbox.fapshi.com
INFO 2026-02-07 21:51:06,116 payment_service 19868 15548   API User: 25917560-52cc-49f2-9f4e-59661b816b12
INFO 2026-02-07 21:51:06,117 payment_service 19868 15548   API Key set: Yes
INFO 2026-02-07 21:51:06,117 payment_service 19868 15548 Initiating payment link request:
INFO 2026-02-07 21:51:06,117 payment_service 19868 15548   URL: https://sandbox.fapshi.com/initiate-pay
INFO 2026-02-07 21:51:06,118 payment_service 19868 15548   Payload: {
  "amount": 34000,
  "email": "buyertwo@gmail.com",
  "userId": "64",
  "externalId": "58c9cc41-56d4-4d7f-8c78-90eb256aa8ea",
  "message": "Payment for checkout 58c9cc41-56d4-4d7f-8c78-90eb256aa8ea"
}
INFO 2026-02-07 21:51:06,118 payment_service 19868 15548   Headers: {'Content-Type': 'application/json', 'apikey': 'FAK_TEST_a0fcb2cb788bad459442', 'apiuser': '25917560-52cc-49f2-9f4e-59661b816b12'}
INFO 2026-02-07 21:51:09,655 payment_service 19868 15548 Response status code: 200
INFO 2026-02-07 21:51:09,655 payment_service 19868 15548 Response headers: {'content-type': 'application/json; charset=utf-8', 'vary': 'Accept-Encoding', 'access-control-allow-origin': '*', 'content-security-policy': "default-src 'self';base-uri 'self';font-src 'self' https: data:;form-action 'self';frame-ancestors 'self';img-src 'self' data:;object-src 'none';script-src 'self';script-src-attr 'none';style-src 'self' https: 'unsafe-inline';upgrade-insecure-requests", 'cross-origin-opener-policy': 'same-origin', 'cross-origin-resource-policy': 'same-origin', 'origin-agent-cluster': '?1', 'referrer-policy': 'no-referrer', 'strict-transport-security': 'max-age=31536000; includeSubDomains', 'x-content-type-options': 'nosniff', 'x-dns-prefetch-control': 'off', 'x-download-options': 'noopen', 'x-frame-options': 'SAMEORIGIN', 'x-permitted-cross-domain-policies': 'none', 'x-xss-protection': '0', 'access-control-allow-headers': 'Origin, Content-Type, Accept, apiUser, apiKey', 'etag': 'W/"ad-WOFFWqaI/lCscR83smPz2RzQVrA"', 'content-encoding': 'gzip', 'x-cloud-trace-context': 'ecf056a95d946f5acbd710c170bcbd4b;o=1', 'date': 'Sat, 07 Feb 2026 20:51:11 GMT', 'server': 'Google Frontend', 'Transfer-Encoding': 'chunked'}
INFO 2026-02-07 21:51:09,656 payment_service 19868 15548 Response data: {
  "message": "Request successful",
  "link": "https://checkout.fapshi.com/test/payment/6987a5bf59917ce92f31b543",
  "transId": "TuIklWDB3Q",
  "dateInitiated": "2026-02-07T20:51:11.493Z"
}
INFO 2026-02-07 21:51:09,661 views 19868 15548 Payment initiated for checkout 58c9cc41-56d4-4d7f-8c78-90eb256aa8ea
WARNING 2026-02-07 21:51:11,392 log 19868 15548 Not Found: /api/orders/undefined/pay/
INFO 2026-02-07 21:54:21,062 views 19868 15548 Checkout initiated by user buyertwo@gmail.com
INFO 2026-02-07 21:54:21,713 views 19868 15548 Received delivery data: {}
INFO 2026-02-07 21:54:21,714 views 19868 15548 Full request data: {'delivery_address': 'Bamenda', 'delivery_city': 'Bamenda', 'delivery_state': '', 'delivery_postal_code': '', 'delivery_phone': '+237651185719', 'delivery_notes': '', 'payment_method': 'fapshi', 'mtn_phone': '651185719', 'user': {'email': 'buyertwo@gmail.com', 'id': 64, 'user_id': 64}, 'email': 'buyertwo@gmail.com', 'user_id': 64, 'buyer_email': 'buyertwo@gmail.com', 'buyer_id': 64}
INFO 2026-02-07 21:54:21,715 views 19868 15548 Using direct delivery data: {'delivery_address': 'Bamenda', 'delivery_phone': '+237651185719', 'delivery_city': 'Bamenda', 'delivery_state': '', 'delivery_postal_code': '', 'delivery_notes': ''}
INFO 2026-02-07 21:54:23,087 payment_service 19868 15548 FapshiPaymentService initialized:
INFO 2026-02-07 21:54:23,088 payment_service 19868 15548   Base URL: https://sandbox.fapshi.com
INFO 2026-02-07 21:54:23,089 payment_service 19868 15548   API User: 25917560-52cc-49f2-9f4e-59661b816b12
INFO 2026-02-07 21:54:23,090 payment_service 19868 15548   API Key set: Yes
INFO 2026-02-07 21:54:23,090 payment_service 19868 15548 Initiating payment link request:
INFO 2026-02-07 21:54:23,091 payment_service 19868 15548   URL: https://sandbox.fapshi.com/initiate-pay
INFO 2026-02-07 21:54:23,092 payment_service 19868 15548   Payload: {
  "amount": 34000,
  "email": "buyertwo@gmail.com",
  "userId": "64",
  "externalId": "ac1f4934-3f55-4756-bb0f-e77c7a503651",
  "message": "Payment for checkout ac1f4934-3f55-4756-bb0f-e77c7a503651"
}
INFO 2026-02-07 21:54:23,092 payment_service 19868 15548   Headers: {'Content-Type': 'application/json', 'apikey': 'FAK_TEST_a0fcb2cb788bad459442', 'apiuser': '25917560-52cc-49f2-9f4e-59661b816b12'}
INFO 2026-02-07 21:54:26,274 payment_service 19868 15548 Response status code: 200
INFO 2026-02-07 21:54:26,275 payment_service 19868 15548 Response headers: {'content-type': 'application/json; charset=utf-8', 'vary': 'Accept-Encoding', 'access-control-allow-origin': '*', 'content-security-policy': "default-src 'self';base-uri 'self';font-src 'self' https: data:;form-action 'self';frame-ancestors 'self';img-src 'self' data:;object-src 'none';script-src 'self';script-src-attr 'none';style-src 'self' https: 'unsafe-inline';upgrade-insecure-requests", 'cross-origin-opener-policy': 'same-origin', 'cross-origin-resource-policy': 'same-origin', 'origin-agent-cluster': '?1', 'referrer-policy': 'no-referrer', 'strict-transport-security': 'max-age=31536000; includeSubDomains', 'x-content-type-options': 'nosniff', 'x-dns-prefetch-control': 'off', 'x-download-options': 'noopen', 'x-frame-options': 'SAMEORIGIN', 'x-permitted-cross-domain-policies': 'none', 'x-xss-protection': '0', 'access-control-allow-headers': 'Origin, Content-Type, Accept, apiUser, apiKey', 'etag': 'W/"ad-++RlPxzR6xAoVK3BjFcykTH+hyo"', 'content-encoding': 'gzip', 'x-cloud-trace-context': '28d90f808d164efa26980a8c7632dd53;o=1', 'date': 'Sat, 07 Feb 2026 20:54:28 GMT', 'server': 'Google Frontend', 'Transfer-Encoding': 'chunked'}
INFO 2026-02-07 21:54:26,275 payment_service 19868 15548 Response data: {
  "message": "Request successful",
  "link": "https://checkout.fapshi.com/test/payment/6987a68459917ce92f31b545",
  "transId": "USN8UJeGBs",
  "dateInitiated": "2026-02-07T20:54:28.112Z"
}
INFO 2026-02-07 21:54:26,280 views 19868 15548 Payment initiated for checkout ac1f4934-3f55-4756-bb0f-e77c7a503651
INFO 2026-02-07 21:55:57,949 views 19868 26448 Checkout initiated by user buyertwo@gmail.com
INFO 2026-02-07 21:55:58,597 views 19868 26448 Received delivery data: {}
INFO 2026-02-07 21:55:58,597 views 19868 26448 Full request data: {'delivery_address': 'Bamenda', 'delivery_city': 'Bamenda', 'delivery_state': '', 'delivery_postal_code': '', 'delivery_phone': '+237651185719', 'delivery_notes': '', 'payment_method': 'fapshi', 'mtn_phone': '651185719', 'user': {'email': 'buyertwo@gmail.com', 'id': 64, 'user_id': 64}, 'email': 'buyertwo@gmail.com', 'user_id': 64, 'buyer_email': 'buyertwo@gmail.com', 'buyer_id': 64}
INFO 2026-02-07 21:55:58,598 views 19868 26448 Using direct delivery data: {'delivery_address': 'Bamenda', 'delivery_phone': '+237651185719', 'delivery_city': 'Bamenda', 'delivery_state': '', 'delivery_postal_code': '', 'delivery_notes': ''}
INFO 2026-02-07 21:56:00,980 payment_service 19868 26448 FapshiPaymentService initialized:
INFO 2026-02-07 21:56:00,980 payment_service 19868 26448   Base URL: https://sandbox.fapshi.com
INFO 2026-02-07 21:56:00,981 payment_service 19868 26448   API User: 25917560-52cc-49f2-9f4e-59661b816b12
INFO 2026-02-07 21:56:00,981 payment_service 19868 26448   API Key set: Yes
INFO 2026-02-07 21:56:00,982 payment_service 19868 26448 Initiating payment link request:
INFO 2026-02-07 21:56:00,982 payment_service 19868 26448   URL: https://sandbox.fapshi.com/initiate-pay
INFO 2026-02-07 21:56:00,983 payment_service 19868 26448   Payload: {
  "amount": 44000,
  "email": "buyertwo@gmail.com",
  "userId": "64",
  "externalId": "1235ebad-c466-4f49-808f-50bb89167b60",
  "message": "Payment for checkout 1235ebad-c466-4f49-808f-50bb89167b60"
}
INFO 2026-02-07 21:56:00,983 payment_service 19868 26448   Headers: {'Content-Type': 'application/json', 'apikey': 'FAK_TEST_a0fcb2cb788bad459442', 'apiuser': '25917560-52cc-49f2-9f4e-59661b816b12'}
INFO 2026-02-07 21:56:03,343 payment_service 19868 26448 Response status code: 200
INFO 2026-02-07 21:56:03,344 payment_service 19868 26448 Response headers: {'content-type': 'application/json; charset=utf-8', 'vary': 'Accept-Encoding', 'access-control-allow-origin': '*', 'content-security-policy': "default-src 'self';base-uri 'self';font-src 'self' https: data:;form-action 'self';frame-ancestors 'self';img-src 'self' data:;object-src 'none';script-src 'self';script-src-attr 'none';style-src 'self' https: 'unsafe-inline';upgrade-insecure-requests", 'cross-origin-opener-policy': 'same-origin', 'cross-origin-resource-policy': 'same-origin', 'origin-agent-cluster': '?1', 'referrer-policy': 'no-referrer', 'strict-transport-security': 'max-age=31536000; includeSubDomains', 'x-content-type-options': 'nosniff', 'x-dns-prefetch-control': 'off', 'x-download-options': 'noopen', 'x-frame-options': 'SAMEORIGIN', 'x-permitted-cross-domain-policies': 'none', 'x-xss-protection': '0', 'access-control-allow-headers': 'Origin, Content-Type, Accept, apiUser, apiKey', 'etag': 'W/"ad-oV3PjtAWYL0qk6XNVypaXXLWSOo"', 'content-encoding': 'gzip', 'x-cloud-trace-context': '333927ed745d7efbf655a3b0b930dfa8;o=1', 'date': 'Sat, 07 Feb 2026 20:56:05 GMT', 'server': 'Google Frontend', 'Transfer-Encoding': 'chunked'}
INFO 2026-02-07 21:56:03,345 payment_service 19868 26448 Response data: {
  "message": "Request successful",
  "link": "https://checkout.fapshi.com/test/payment/6987a6e559917ce92f31b54c",
  "transId": "UTHdpkv7dE",
  "dateInitiated": "2026-02-07T20:56:05.175Z"
}
INFO 2026-02-07 21:56:03,349 views 19868 26448 Payment initiated for checkout 1235ebad-c466-4f49-808f-50bb89167b60
INFO 2026-02-07 21:58:36,938 views 19868 13648 Checkout initiated by user buyertwo@gmail.com
INFO 2026-02-07 21:58:37,607 views 19868 13648 Received delivery data: {}
INFO 2026-02-07 21:58:37,608 views 19868 13648 Full request data: {'delivery_address': 'Bamenda', 'delivery_city': 'Bamenda', 'delivery_state': '', 'delivery_postal_code': '', 'delivery_phone': '+237651185719', 'delivery_notes': '', 'payment_method': 'fapshi', 'mtn_phone': '651185719'}
INFO 2026-02-07 21:58:37,608 views 19868 13648 Using direct delivery data: {'delivery_address': 'Bamenda', 'delivery_phone': '+237651185719', 'delivery_city': 'Bamenda', 'delivery_state': '', 'delivery_postal_code': '', 'delivery_notes': ''}
INFO 2026-02-07 21:58:39,968 payment_service 19868 13648 FapshiPaymentService initialized:
INFO 2026-02-07 21:58:39,968 payment_service 19868 13648   Base URL: https://sandbox.fapshi.com
INFO 2026-02-07 21:58:39,969 payment_service 19868 13648   API User: 25917560-52cc-49f2-9f4e-59661b816b12
INFO 2026-02-07 21:58:39,969 payment_service 19868 13648   API Key set: Yes
INFO 2026-02-07 21:58:39,969 payment_service 19868 13648 Initiating payment link request:
INFO 2026-02-07 21:58:39,969 payment_service 19868 13648   URL: https://sandbox.fapshi.com/initiate-pay
INFO 2026-02-07 21:58:39,969 payment_service 19868 13648   Payload: {
  "amount": 44000,
  "email": "buyertwo@gmail.com",
  "userId": "64",
  "externalId": "c4efb78f-2cc2-4f02-b3e2-91f7bc67578d",
  "message": "Payment for checkout c4efb78f-2cc2-4f02-b3e2-91f7bc67578d"
}
INFO 2026-02-07 21:58:39,970 payment_service 19868 13648   Headers: {'Content-Type': 'application/json', 'apikey': 'FAK_TEST_a0fcb2cb788bad459442', 'apiuser': '25917560-52cc-49f2-9f4e-59661b816b12'}
INFO 2026-02-07 21:58:43,767 payment_service 19868 13648 Response status code: 200
INFO 2026-02-07 21:58:43,768 payment_service 19868 13648 Response headers: {'content-type': 'application/json; charset=utf-8', 'vary': 'Accept-Encoding', 'access-control-allow-origin': '*', 'content-security-policy': "default-src 'self';base-uri 'self';font-src 'self' https: data:;form-action 'self';frame-ancestors 'self';img-src 'self' data:;object-src 'none';script-src 'self';script-src-attr 'none';style-src 'self' https: 'unsafe-inline';upgrade-insecure-requests", 'cross-origin-opener-policy': 'same-origin', 'cross-origin-resource-policy': 'same-origin', 'origin-agent-cluster': '?1', 'referrer-policy': 'no-referrer', 'strict-transport-security': 'max-age=31536000; includeSubDomains', 'x-content-type-options': 'nosniff', 'x-dns-prefetch-control': 'off', 'x-download-options': 'noopen', 'x-frame-options': 'SAMEORIGIN', 'x-permitted-cross-domain-policies': 'none', 'x-xss-protection': '0', 'access-control-allow-headers': 'Origin, Content-Type, Accept, apiUser, apiKey', 'etag': 'W/"ad-cYw1eKd3yvPvAAMpU8sL5YTC1mw"', 'content-encoding': 'gzip', 'x-cloud-trace-context': 'dc7aadbd7fa9887ac495c588c61178bd;o=1', 'date': 'Sat, 07 Feb 2026 20:58:45 GMT', 'server': 'Google Frontend', 'Transfer-Encoding': 'chunked'}
INFO 2026-02-07 21:58:43,768 payment_service 19868 13648 Response data: {
  "message": "Request successful",
  "link": "https://checkout.fapshi.com/test/payment/6987a78459917ce92f31b552",
  "transId": "UuaHDK2dPI",
  "dateInitiated": "2026-02-07T20:58:44.881Z"
}
INFO 2026-02-07 21:58:43,770 views 19868 13648 Payment initiated for checkout c4efb78f-2cc2-4f02-b3e2-91f7bc67578d
WARNING 2026-02-07 21:58:45,368 log 19868 13648 Not Found: /api/orders/undefined/pay/
INFO 2026-02-07 21:59:00,887 views 19868 13648 Checkout initiated by user buyertwo@gmail.com
INFO 2026-02-07 21:59:01,541 views 19868 13648 Received delivery data: {}
INFO 2026-02-07 21:59:01,541 views 19868 13648 Full request data: {'delivery_address': 'Bamenda', 'delivery_city': 'Bamenda', 'delivery_state': '', 'delivery_postal_code': '', 'delivery_phone': '+237651185719', 'delivery_notes': '', 'payment_method': 'fapshi', 'mtn_phone': '651185719'}
INFO 2026-02-07 21:59:01,541 views 19868 13648 Using direct delivery data: {'delivery_address': 'Bamenda', 'delivery_phone': '+237651185719', 'delivery_city': 'Bamenda', 'delivery_state': '', 'delivery_postal_code': '', 'delivery_notes': ''}
INFO 2026-02-07 21:59:04,405 payment_service 19868 13648 FapshiPaymentService initialized:
INFO 2026-02-07 21:59:04,406 payment_service 19868 13648   Base URL: https://sandbox.fapshi.com
INFO 2026-02-07 21:59:04,406 payment_service 19868 13648   API User: 25917560-52cc-49f2-9f4e-59661b816b12
INFO 2026-02-07 21:59:04,407 payment_service 19868 13648   API Key set: Yes
INFO 2026-02-07 21:59:04,407 payment_service 19868 13648 Initiating payment link request:
INFO 2026-02-07 21:59:04,407 payment_service 19868 13648   URL: https://sandbox.fapshi.com/initiate-pay
INFO 2026-02-07 21:59:04,408 payment_service 19868 13648   Payload: {
  "amount": 44000,
  "email": "buyertwo@gmail.com",
  "userId": "64",
  "externalId": "39cffd44-219e-415b-be19-5c758801b6e8",
  "message": "Payment for checkout 39cffd44-219e-415b-be19-5c758801b6e8"
}
INFO 2026-02-07 21:59:04,408 payment_service 19868 13648   Headers: {'Content-Type': 'application/json', 'apikey': 'FAK_TEST_a0fcb2cb788bad459442', 'apiuser': '25917560-52cc-49f2-9f4e-59661b816b12'}
INFO 2026-02-07 21:59:06,756 payment_service 19868 13648 Response status code: 200
INFO 2026-02-07 21:59:06,756 payment_service 19868 13648 Response headers: {'content-type': 'application/json; charset=utf-8', 'vary': 'Accept-Encoding', 'access-control-allow-origin': '*', 'content-security-policy': "default-src 'self';base-uri 'self';font-src 'self' https: data:;form-action 'self';frame-ancestors 'self';img-src 'self' data:;object-src 'none';script-src 'self';script-src-attr 'none';style-src 'self' https: 'unsafe-inline';upgrade-insecure-requests", 'cross-origin-opener-policy': 'same-origin', 'cross-origin-resource-policy': 'same-origin', 'origin-agent-cluster': '?1', 'referrer-policy': 'no-referrer', 'strict-transport-security': 'max-age=31536000; includeSubDomains', 'x-content-type-options': 'nosniff', 'x-dns-prefetch-control': 'off', 'x-download-options': 'noopen', 'x-frame-options': 'SAMEORIGIN', 'x-permitted-cross-domain-policies': 'none', 'x-xss-protection': '0', 'access-control-allow-headers': 'Origin, Content-Type, Accept, apiUser, apiKey', 'etag': 'W/"ad-KWl/UTV9WRnOkDCvK1ExszhgeHY"', 'content-encoding': 'gzip', 'x-cloud-trace-context': 'b09b0c0144fdf44a1e957458636e649a;o=1', 'date': 'Sat, 07 Feb 2026 20:59:08 GMT', 'server': 'Google Frontend', 'Transfer-Encoding': 'chunked'}
INFO 2026-02-07 21:59:06,757 payment_service 19868 13648 Response data: {
  "message": "Request successful",
  "link": "https://checkout.fapshi.com/test/payment/6987a79c59917ce92f31b554",
  "transId": "x3TEGmmka4",
  "dateInitiated": "2026-02-07T20:59:08.583Z"
}
INFO 2026-02-07 21:59:06,759 views 19868 13648 Payment initiated for checkout 39cffd44-219e-415b-be19-5c758801b6e8
WARNING 2026-02-07 21:59:09,023 log 19868 13648 Not Found: /api/orders/undefined/pay/
INFO 2026-02-07 22:01:00,912 views 19868 13648 Checkout initiated by user buyertwo@gmail.com
INFO 2026-02-07 22:01:01,577 views 19868 13648 Received delivery data: {}
INFO 2026-02-07 22:01:01,578 views 19868 13648 Full request data: {'delivery_address': 'Bamenda', 'delivery_city': 'Bamenda', 'delivery_state': '', 'delivery_postal_code': '', 'delivery_phone': '+237651185719', 'delivery_notes': '', 'payment_method': 'fapshi', 'mtn_phone': '651185719', 'user': {'email': 'buyertwo@gmail.com', 'id': 64, 'user_id': 64}, 'email': 'buyertwo@gmail.com', 'user_id': 64, 'buyer_email': 'buyertwo@gmail.com', 'buyer_id': 64}
INFO 2026-02-07 22:01:01,578 views 19868 13648 Using direct delivery data: {'delivery_address': 'Bamenda', 'delivery_phone': '+237651185719', 'delivery_city': 'Bamenda', 'delivery_state': '', 'delivery_postal_code': '', 'delivery_notes': ''}
INFO 2026-02-07 22:01:04,410 payment_service 19868 13648 FapshiPaymentService initialized:
INFO 2026-02-07 22:01:04,410 payment_service 19868 13648   Base URL: https://sandbox.fapshi.com
INFO 2026-02-07 22:01:04,410 payment_service 19868 13648   API User: 25917560-52cc-49f2-9f4e-59661b816b12
INFO 2026-02-07 22:01:04,411 payment_service 19868 13648   API Key set: Yes
INFO 2026-02-07 22:01:04,411 payment_service 19868 13648 Initiating payment link request:
INFO 2026-02-07 22:01:04,411 payment_service 19868 13648   URL: https://sandbox.fapshi.com/initiate-pay
INFO 2026-02-07 22:01:04,412 payment_service 19868 13648   Payload: {
  "amount": 44000,
  "email": "buyertwo@gmail.com",
  "userId": "64",
  "externalId": "1490f027-0b09-4ad6-ae8b-3f6568b2bc66",
  "message": "Payment for checkout 1490f027-0b09-4ad6-ae8b-3f6568b2bc66"
}
INFO 2026-02-07 22:01:04,412 payment_service 19868 13648   Headers: {'Content-Type': 'application/json', 'apikey': 'FAK_TEST_a0fcb2cb788bad459442', 'apiuser': '25917560-52cc-49f2-9f4e-59661b816b12'}
INFO 2026-02-07 22:01:07,617 payment_service 19868 13648 Response status code: 200
INFO 2026-02-07 22:01:07,618 payment_service 19868 13648 Response headers: {'content-type': 'application/json; charset=utf-8', 'vary': 'Accept-Encoding', 'access-control-allow-origin': '*', 'content-security-policy': "default-src 'self';base-uri 'self';font-src 'self' https: data:;form-action 'self';frame-ancestors 'self';img-src 'self' data:;object-src 'none';script-src 'self';script-src-attr 'none';style-src 'self' https: 'unsafe-inline';upgrade-insecure-requests", 'cross-origin-opener-policy': 'same-origin', 'cross-origin-resource-policy': 'same-origin', 'origin-agent-cluster': '?1', 'referrer-policy': 'no-referrer', 'strict-transport-security': 'max-age=31536000; includeSubDomains', 'x-content-type-options': 'nosniff', 'x-dns-prefetch-control': 'off', 'x-download-options': 'noopen', 'x-frame-options': 'SAMEORIGIN', 'x-permitted-cross-domain-policies': 'none', 'x-xss-protection': '0', 'access-control-allow-headers': 'Origin, Content-Type, Accept, apiUser, apiKey', 'etag': 'W/"ad-o5rlaqmL9SASJ2y6vMpfl6I3Kyg"', 'content-encoding': 'gzip', 'x-cloud-trace-context': 'f2b62c125ea5661ce54eb8bf3854fa31;o=1', 'date': 'Sat, 07 Feb 2026 21:01:09 GMT', 'server': 'Google Frontend', 'Transfer-Encoding': 'chunked'}
INFO 2026-02-07 22:01:07,618 payment_service 19868 13648 Response data: {
  "message": "Request successful",
  "link": "https://checkout.fapshi.com/test/payment/6987a81559917ce92f31b556",
  "transId": "Dq09NSICjG",
  "dateInitiated": "2026-02-07T21:01:09.429Z"
}
INFO 2026-02-07 22:01:07,620 views 19868 13648 Payment initiated for checkout 1490f027-0b09-4ad6-ae8b-3f6568b2bc66
INFO 2026-02-07 22:03:24,805 autoreload 19868 25716 C:\Users\TJ Rash\Desktop\INFNITE MARKET\E_COMMERCE\api\views.py changed, reloading.
INFO 2026-02-07 22:03:27,799 autoreload 5652 7940 Watching for file changes with StatReloader
INFO 2026-02-07 22:03:32,260 autoreload 5652 7940 C:\Users\TJ Rash\Desktop\INFNITE MARKET\E_COMMERCE\api\urls.py changed, reloading.
INFO 2026-02-07 22:03:34,810 autoreload 19544 9520 Watching for file changes with StatReloader
INFO 2026-02-07 22:04:07,864 payment_service 19544 18844 FapshiPaymentService initialized:
INFO 2026-02-07 22:04:07,865 payment_service 19544 18844   Base URL: https://sandbox.fapshi.com
INFO 2026-02-07 22:04:07,865 payment_service 19544 18844   API User: 25917560-52cc-49f2-9f4e-59661b816b12
INFO 2026-02-07 22:04:07,865 payment_service 19544 18844   API Key set: Yes
ERROR 2026-02-07 22:04:11,095 views 19544 18844 Manual payment status check failed: 'NoneType' object has no attribute 'payment_status' and no __dict__ for setting new attributes
ERROR 2026-02-07 22:04:11,098 log 19544 18844 Internal Server Error: /api/payments/check-status/
INFO 2026-02-07 22:04:29,914 autoreload 19544 9520 C:\Users\TJ Rash\Desktop\INFNITE MARKET\E_COMMERCE\api\views.py changed, reloading.
INFO 2026-02-07 22:04:33,056 autoreload 26412 20164 Watching for file changes with StatReloader
INFO 2026-02-07 22:04:45,038 payment_service 26412 26244 FapshiPaymentService initialized:
INFO 2026-02-07 22:04:45,038 payment_service 26412 26244   Base URL: https://sandbox.fapshi.com
INFO 2026-02-07 22:04:45,038 payment_service 26412 26244   API User: 25917560-52cc-49f2-9f4e-59661b816b12
INFO 2026-02-07 22:04:45,039 payment_service 26412 26244   API Key set: Yes
ERROR 2026-02-07 22:04:48,209 views 26412 26244 Manual payment status check failed: 'NoneType' object has no attribute 'payment_status' and no __dict__ for setting new attributes
ERROR 2026-02-07 22:04:48,213 log 26412 26244 Internal Server Error: /api/payments/check-status/
INFO 2026-02-07 22:05:15,084 autoreload 26412 20164 C:\Users\TJ Rash\Desktop\INFNITE MARKET\E_COMMERCE\api\views.py changed, reloading.
INFO 2026-02-07 22:05:17,979 autoreload 5676 8260 Watching for file changes with StatReloader
INFO 2026-02-07 22:05:22,185 autoreload 5676 8260 C:\Users\TJ Rash\Desktop\INFNITE MARKET\E_COMMERCE\api\views.py changed, reloading.
INFO 2026-02-07 22:05:25,069 autoreload 18248 15764 Watching for file changes with StatReloader
INFO 2026-02-07 22:05:39,403 payment_service 18248 9160 FapshiPaymentService initialized:
INFO 2026-02-07 22:05:39,404 payment_service 18248 9160   Base URL: https://sandbox.fapshi.com
INFO 2026-02-07 22:05:39,404 payment_service 18248 9160   API User: 25917560-52cc-49f2-9f4e-59661b816b12
INFO 2026-02-07 22:05:39,404 payment_service 18248 9160   API Key set: Yes
INFO 2026-02-07 22:05:44,369 views 18248 9160 MANUAL CHECK: Order 43 created successfully from payment 45
INFO 2026-02-07 22:10:26,210 views 18248 3384 Checkout initiated by user buyertwo@gmail.com
INFO 2026-02-07 22:10:26,915 views 18248 3384 Received delivery data: {}
INFO 2026-02-07 22:10:26,916 views 18248 3384 Full request data: {'delivery_address': 'Bamenda', 'delivery_city': 'Bamenda', 'delivery_state': '', 'delivery_postal_code': '', 'delivery_phone': '+237651185719', 'delivery_notes': '', 'payment_method': 'fapshi', 'mtn_phone': '651185719', 'user': {'email': 'buyertwo@gmail.com', 'id': 64, 'user_id': 64}, 'email': 'buyertwo@gmail.com', 'user_id': 64, 'buyer_email': 'buyertwo@gmail.com', 'buyer_id': 64}
INFO 2026-02-07 22:10:26,916 views 18248 3384 Using direct delivery data: {'delivery_address': 'Bamenda', 'delivery_phone': '+237651185719', 'delivery_city': 'Bamenda', 'delivery_state': '', 'delivery_postal_code': '', 'delivery_notes': ''}
INFO 2026-02-07 22:10:29,270 payment_service 18248 3384 FapshiPaymentService initialized:
INFO 2026-02-07 22:10:29,270 payment_service 18248 3384   Base URL: https://sandbox.fapshi.com
INFO 2026-02-07 22:10:29,271 payment_service 18248 3384   API User: 25917560-52cc-49f2-9f4e-59661b816b12
INFO 2026-02-07 22:10:29,271 payment_service 18248 3384   API Key set: Yes
INFO 2026-02-07 22:10:29,271 payment_service 18248 3384 Initiating payment link request:
INFO 2026-02-07 22:10:29,271 payment_service 18248 3384   URL: https://sandbox.fapshi.com/initiate-pay
INFO 2026-02-07 22:10:29,272 payment_service 18248 3384   Payload: {
  "amount": 54000,
  "email": "buyertwo@gmail.com",
  "userId": "64",
  "externalId": "ce71eac9-ee0c-4403-bfbb-6e972db34450",
  "message": "Payment for checkout ce71eac9-ee0c-4403-bfbb-6e972db34450"
}
INFO 2026-02-07 22:10:29,272 payment_service 18248 3384   Headers: {'Content-Type': 'application/json', 'apikey': 'FAK_TEST_a0fcb2cb788bad459442', 'apiuser': '25917560-52cc-49f2-9f4e-59661b816b12'}
INFO 2026-02-07 22:10:31,708 payment_service 18248 3384 Response status code: 200
INFO 2026-02-07 22:10:31,709 payment_service 18248 3384 Response headers: {'content-type': 'application/json; charset=utf-8', 'vary': 'Accept-Encoding', 'access-control-allow-origin': '*', 'content-security-policy': "default-src 'self';base-uri 'self';font-src 'self' https: data:;form-action 'self';frame-ancestors 'self';img-src 'self' data:;object-src 'none';script-src 'self';script-src-attr 'none';style-src 'self' https: 'unsafe-inline';upgrade-insecure-requests", 'cross-origin-opener-policy': 'same-origin', 'cross-origin-resource-policy': 'same-origin', 'origin-agent-cluster': '?1', 'referrer-policy': 'no-referrer', 'strict-transport-security': 'max-age=31536000; includeSubDomains', 'x-content-type-options': 'nosniff', 'x-dns-prefetch-control': 'off', 'x-download-options': 'noopen', 'x-frame-options': 'SAMEORIGIN', 'x-permitted-cross-domain-policies': 'none', 'x-xss-protection': '0', 'access-control-allow-headers': 'Origin, Content-Type, Accept, apiUser, apiKey', 'etag': 'W/"ad-+VuZLThpw3s02fH967vOBHzCBJM"', 'content-encoding': 'gzip', 'x-cloud-trace-context': 'fe17dbdcf671ddf70d0fba4bf07d723e;o=1', 'date': 'Sat, 07 Feb 2026 21:10:33 GMT', 'server': 'Google Frontend', 'Transfer-Encoding': 'chunked'}
INFO 2026-02-07 22:10:31,710 payment_service 18248 3384 Response data: {
  "message": "Request successful",
  "link": "https://checkout.fapshi.com/test/payment/6987aa4959917ce92f31b561",
  "transId": "FAzlpKYheQ",
  "dateInitiated": "2026-02-07T21:10:33.586Z"
}
INFO 2026-02-07 22:10:31,713 views 18248 3384 Payment initiated for checkout ce71eac9-ee0c-4403-bfbb-6e972db34450
INFO 2026-02-07 22:13:57,637 autoreload 18248 15764 C:\Users\TJ Rash\Desktop\INFNITE MARKET\E_COMMERCE\api\views.py changed, reloading.
INFO 2026-02-07 22:14:00,110 autoreload 25884 5576 Watching for file changes with StatReloader
INFO 2026-02-07 22:14:25,130 autoreload 25884 5576 C:\Users\TJ Rash\Desktop\INFNITE MARKET\E_COMMERCE\api\views.py changed, reloading.
INFO 2026-02-07 22:14:28,429 autoreload 15992 23024 Watching for file changes with StatReloader
INFO 2026-02-07 22:15:23,410 payment_service 15992 15224 FapshiPaymentService initialized:
INFO 2026-02-07 22:15:23,411 payment_service 15992 15224   Base URL: https://sandbox.fapshi.com
INFO 2026-02-07 22:15:23,412 payment_service 15992 15224   API User: 25917560-52cc-49f2-9f4e-59661b816b12
INFO 2026-02-07 22:15:23,412 payment_service 15992 15224   API Key set: Yes
INFO 2026-02-07 22:17:18,920 views 15992 10524 Checkout initiated by user buyertwo@gmail.com
INFO 2026-02-07 22:17:19,516 views 15992 10524 Received delivery data: {}
INFO 2026-02-07 22:17:19,516 views 15992 10524 Full request data: {'delivery_address': 'Bamenda', 'delivery_city': 'Bamenda', 'delivery_state': '', 'delivery_postal_code': '', 'delivery_phone': '+237651185719', 'delivery_notes': '', 'payment_method': 'fapshi', 'mtn_phone': '651185719', 'user': {'email': 'buyertwo@gmail.com', 'id': 64, 'user_id': 64}, 'email': 'buyertwo@gmail.com', 'user_id': 64, 'buyer_email': 'buyertwo@gmail.com', 'buyer_id': 64}
INFO 2026-02-07 22:17:19,516 views 15992 10524 Using direct delivery data: {'delivery_address': 'Bamenda', 'delivery_phone': '+237651185719', 'delivery_city': 'Bamenda', 'delivery_state': '', 'delivery_postal_code': '', 'delivery_notes': ''}
INFO 2026-02-07 22:17:21,796 payment_service 15992 10524 FapshiPaymentService initialized:
INFO 2026-02-07 22:17:21,796 payment_service 15992 10524   Base URL: https://sandbox.fapshi.com
INFO 2026-02-07 22:17:21,797 payment_service 15992 10524   API User: 25917560-52cc-49f2-9f4e-59661b816b12
INFO 2026-02-07 22:17:21,797 payment_service 15992 10524   API Key set: Yes
INFO 2026-02-07 22:17:21,798 payment_service 15992 10524 Initiating payment link request:
INFO 2026-02-07 22:17:21,798 payment_service 15992 10524   URL: https://sandbox.fapshi.com/initiate-pay
INFO 2026-02-07 22:17:21,798 payment_service 15992 10524   Payload: {
  "amount": 54000,
  "email": "buyertwo@gmail.com",
  "userId": "64",
  "externalId": "b54a095b-1fa8-4b28-8a45-35ee3be0bb38",
  "message": "Payment for checkout b54a095b-1fa8-4b28-8a45-35ee3be0bb38"
}
INFO 2026-02-07 22:17:21,799 payment_service 15992 10524   Headers: {'Content-Type': 'application/json', 'apikey': 'FAK_TEST_a0fcb2cb788bad459442', 'apiuser': '25917560-52cc-49f2-9f4e-59661b816b12'}
INFO 2026-02-07 22:17:24,546 payment_service 15992 10524 Response status code: 200
INFO 2026-02-07 22:17:24,546 payment_service 15992 10524 Response headers: {'content-type': 'application/json; charset=utf-8', 'vary': 'Accept-Encoding', 'access-control-allow-origin': '*', 'content-security-policy': "default-src 'self';base-uri 'self';font-src 'self' https: data:;form-action 'self';frame-ancestors 'self';img-src 'self' data:;object-src 'none';script-src 'self';script-src-attr 'none';style-src 'self' https: 'unsafe-inline';upgrade-insecure-requests", 'cross-origin-opener-policy': 'same-origin', 'cross-origin-resource-policy': 'same-origin', 'origin-agent-cluster': '?1', 'referrer-policy': 'no-referrer', 'strict-transport-security': 'max-age=31536000; includeSubDomains', 'x-content-type-options': 'nosniff', 'x-dns-prefetch-control': 'off', 'x-download-options': 'noopen', 'x-frame-options': 'SAMEORIGIN', 'x-permitted-cross-domain-policies': 'none', 'x-xss-protection': '0', 'access-control-allow-headers': 'Origin, Content-Type, Accept, apiUser, apiKey', 'etag': 'W/"ad-dyyXcOc8ajgtABMEsR78G5Jzzcg"', 'content-encoding': 'gzip', 'x-cloud-trace-context': 'aea052c172d12fd493851444f236ee78;o=1', 'date': 'Sat, 07 Feb 2026 21:17:26 GMT', 'server': 'Google Frontend', 'Transfer-Encoding': 'chunked'}
INFO 2026-02-07 22:17:24,547 payment_service 15992 10524 Response data: {
  "message": "Request successful",
  "link": "https://checkout.fapshi.com/test/payment/6987abe659917ce92f31b569",
  "transId": "28Wb8bS7rQ",
  "dateInitiated": "2026-02-07T21:17:26.459Z"
}
INFO 2026-02-07 22:17:24,549 views 15992 10524 Payment initiated for checkout b54a095b-1fa8-4b28-8a45-35ee3be0bb38
INFO 2026-02-07 22:55:50,223 autoreload 15992 23024 C:\Users\TJ Rash\Desktop\INFNITE MARKET\E_COMMERCE\api\views.py changed, reloading.
INFO 2026-02-07 22:55:52,904 autoreload 19396 25936 Watching for file changes with StatReloader
INFO 2026-02-07 22:58:06,273 autoreload 19396 25936 C:\Users\TJ Rash\Desktop\INFNITE MARKET\E_COMMERCE\api\views.py changed, reloading.
INFO 2026-02-07 22:58:08,100 autoreload 16644 16700 Watching for file changes with StatReloader
INFO 2026-02-07 22:58:12,790 autoreload 16644 16700 C:\Users\TJ Rash\Desktop\INFNITE MARKET\E_COMMERCE\api\views.py changed, reloading.
INFO 2026-02-07 22:58:15,293 autoreload 7752 14824 Watching for file changes with StatReloader
INFO 2026-02-07 22:59:52,614 views 7752 26400 Checkout initiated by user buyertwo@gmail.com
INFO 2026-02-07 22:59:53,214 views 7752 26400 Received delivery data: {}
INFO 2026-02-07 22:59:53,214 views 7752 26400 Full request data: {'delivery_address': 'Bamenda', 'delivery_city': 'Bamenda', 'delivery_state': '', 'delivery_postal_code': '', 'delivery_phone': '+237651185719', 'delivery_notes': '', 'payment_method': 'fapshi', 'mtn_phone': '651185719', 'user': {'email': 'buyertwo@gmail.com', 'id': 64, 'user_id': 64}, 'email': 'buyertwo@gmail.com', 'user_id': 64, 'buyer_email': 'buyertwo@gmail.com', 'buyer_id': 64}
INFO 2026-02-07 22:59:53,215 views 7752 26400 Using direct delivery data: {'delivery_address': 'Bamenda', 'delivery_phone': '+237651185719', 'delivery_city': 'Bamenda', 'delivery_state': '', 'delivery_postal_code': '', 'delivery_notes': ''}
INFO 2026-02-07 22:59:55,318 payment_service 7752 26400 FapshiPaymentService initialized:
INFO 2026-02-07 22:59:55,318 payment_service 7752 26400   Base URL: https://sandbox.fapshi.com
INFO 2026-02-07 22:59:55,319 payment_service 7752 26400   API User: 25917560-52cc-49f2-9f4e-59661b816b12
INFO 2026-02-07 22:59:55,319 payment_service 7752 26400   API Key set: Yes
INFO 2026-02-07 22:59:55,319 payment_service 7752 26400 Initiating payment link request:
INFO 2026-02-07 22:59:55,320 payment_service 7752 26400   URL: https://sandbox.fapshi.com/initiate-pay
INFO 2026-02-07 22:59:55,320 payment_service 7752 26400   Payload: {
  "amount": 64000,
  "email": "buyertwo@gmail.com",
  "userId": "64",
  "externalId": "f5e43c1e-647e-45c1-9da1-ddc3cc239024",
  "message": "Payment for checkout f5e43c1e-647e-45c1-9da1-ddc3cc239024"
}
INFO 2026-02-07 22:59:55,320 payment_service 7752 26400   Headers: {'Content-Type': 'application/json', 'apikey': 'FAK_TEST_a0fcb2cb788bad459442', 'apiuser': '25917560-52cc-49f2-9f4e-59661b816b12'}
INFO 2026-02-07 22:59:57,261 payment_service 7752 26400 Response status code: 200
INFO 2026-02-07 22:59:57,262 payment_service 7752 26400 Response headers: {'content-type': 'application/json; charset=utf-8', 'vary': 'Accept-Encoding', 'access-control-allow-origin': '*', 'content-security-policy': "default-src 'self';base-uri 'self';font-src 'self' https: data:;form-action 'self';frame-ancestors 'self';img-src 'self' data:;object-src 'none';script-src 'self';script-src-attr 'none';style-src 'self' https: 'unsafe-inline';upgrade-insecure-requests", 'cross-origin-opener-policy': 'same-origin', 'cross-origin-resource-policy': 'same-origin', 'origin-agent-cluster': '?1', 'referrer-policy': 'no-referrer', 'strict-transport-security': 'max-age=31536000; includeSubDomains', 'x-content-type-options': 'nosniff', 'x-dns-prefetch-control': 'off', 'x-download-options': 'noopen', 'x-frame-options': 'SAMEORIGIN', 'x-permitted-cross-domain-policies': 'none', 'x-xss-protection': '0', 'access-control-allow-headers': 'Origin, Content-Type, Accept, apiUser, apiKey', 'etag': 'W/"ad-GoNxplRgHqwaDOfHAEyH368S+2E"', 'content-encoding': 'gzip', 'x-cloud-trace-context': 'd29e7027e4faf03d21f4367cdee61308;o=1', 'date': 'Sat, 07 Feb 2026 21:59:59 GMT', 'server': 'Google Frontend', 'Transfer-Encoding': 'chunked'}
INFO 2026-02-07 22:59:57,262 payment_service 7752 26400 Response data: {
  "message": "Request successful",
  "link": "https://checkout.fapshi.com/test/payment/6987b5dfad074c7b048bf671",
  "transId": "mxr6eNL7FV",
  "dateInitiated": "2026-02-07T21:59:59.263Z"
}
INFO 2026-02-07 22:59:57,264 views 7752 26400 Payment initiated for checkout f5e43c1e-647e-45c1-9da1-ddc3cc239024
INFO 2026-02-07 23:01:25,259 views 7752 26400 Checkout initiated by user buyertwo@gmail.com
INFO 2026-02-07 23:01:25,886 views 7752 26400 Received delivery data: {}
INFO 2026-02-07 23:01:25,886 views 7752 26400 Full request data: {'delivery_address': 'Bamenda', 'delivery_city': 'Bamenda', 'delivery_state': '', 'delivery_postal_code': '', 'delivery_phone': '+237651185719', 'delivery_notes': '', 'payment_method': 'fapshi', 'mtn_phone': '651185719', 'user': {'email': 'buyertwo@gmail.com', 'id': 64, 'user_id': 64}, 'email': 'buyertwo@gmail.com', 'user_id': 64, 'buyer_email': 'buyertwo@gmail.com', 'buyer_id': 64}
INFO 2026-02-07 23:01:25,886 views 7752 26400 Using direct delivery data: {'delivery_address': 'Bamenda', 'delivery_phone': '+237651185719', 'delivery_city': 'Bamenda', 'delivery_state': '', 'delivery_postal_code': '', 'delivery_notes': ''}
INFO 2026-02-07 23:01:27,976 payment_service 7752 26400 FapshiPaymentService initialized:
INFO 2026-02-07 23:01:27,977 payment_service 7752 26400   Base URL: https://sandbox.fapshi.com
INFO 2026-02-07 23:01:27,977 payment_service 7752 26400   API User: 25917560-52cc-49f2-9f4e-59661b816b12
INFO 2026-02-07 23:01:27,977 payment_service 7752 26400   API Key set: Yes
INFO 2026-02-07 23:01:27,977 payment_service 7752 26400 Initiating payment link request:
INFO 2026-02-07 23:01:27,978 payment_service 7752 26400   URL: https://sandbox.fapshi.com/initiate-pay
INFO 2026-02-07 23:01:27,978 payment_service 7752 26400   Payload: {
  "amount": 64000,
  "email": "buyertwo@gmail.com",
  "userId": "64",
  "externalId": "385c28eb-583c-4430-8da8-e1d2807da431",
  "message": "Payment for checkout 385c28eb-583c-4430-8da8-e1d2807da431"
}
INFO 2026-02-07 23:01:27,978 payment_service 7752 26400   Headers: {'Content-Type': 'application/json', 'apikey': 'FAK_TEST_a0fcb2cb788bad459442', 'apiuser': '25917560-52cc-49f2-9f4e-59661b816b12'}
INFO 2026-02-07 23:01:30,161 payment_service 7752 26400 Response status code: 200
INFO 2026-02-07 23:01:30,161 payment_service 7752 26400 Response headers: {'content-type': 'application/json; charset=utf-8', 'vary': 'Accept-Encoding', 'access-control-allow-origin': '*', 'content-security-policy': "default-src 'self';base-uri 'self';font-src 'self' https: data:;form-action 'self';frame-ancestors 'self';img-src 'self' data:;object-src 'none';script-src 'self';script-src-attr 'none';style-src 'self' https: 'unsafe-inline';upgrade-insecure-requests", 'cross-origin-opener-policy': 'same-origin', 'cross-origin-resource-policy': 'same-origin', 'origin-agent-cluster': '?1', 'referrer-policy': 'no-referrer', 'strict-transport-security': 'max-age=31536000; includeSubDomains', 'x-content-type-options': 'nosniff', 'x-dns-prefetch-control': 'off', 'x-download-options': 'noopen', 'x-frame-options': 'SAMEORIGIN', 'x-permitted-cross-domain-policies': 'none', 'x-xss-protection': '0', 'access-control-allow-headers': 'Origin, Content-Type, Accept, apiUser, apiKey', 'etag': 'W/"ad-D5yVhUQW70ZgqZIkVKY0kFJWIVM"', 'content-encoding': 'gzip', 'x-cloud-trace-context': '23abf872535ecff3f8490e38fca85456;o=1', 'date': 'Sat, 07 Feb 2026 22:01:32 GMT', 'server': 'Google Frontend', 'Transfer-Encoding': 'chunked'}
INFO 2026-02-07 23:01:30,162 payment_service 7752 26400 Response data: {
  "message": "Request successful",
  "link": "https://checkout.fapshi.com/test/payment/6987b63cad074c7b048bf677",
  "transId": "GiikZiDWMi",
  "dateInitiated": "2026-02-07T22:01:32.169Z"
}
INFO 2026-02-07 23:01:30,164 views 7752 26400 Payment initiated for checkout 385c28eb-583c-4430-8da8-e1d2807da431
INFO 2026-02-07 23:02:27,820 payment_service 7752 14316 FapshiPaymentService initialized:
INFO 2026-02-07 23:02:27,820 payment_service 7752 14316   Base URL: https://sandbox.fapshi.com
INFO 2026-02-07 23:02:27,821 payment_service 7752 14316   API User: 25917560-52cc-49f2-9f4e-59661b816b12
INFO 2026-02-07 23:02:27,821 payment_service 7752 14316   API Key set: Yes
ERROR 2026-02-07 23:02:27,821 views 7752 14316 Debug endpoint error: name 'os' is not defined
ERROR 2026-02-07 23:02:27,822 log 7752 14316 Internal Server Error: /api/debug/payment/
INFO 2026-02-07 23:02:53,260 autoreload 7752 14824 C:\Users\TJ Rash\Desktop\INFNITE MARKET\E_COMMERCE\api\views.py changed, reloading.
INFO 2026-02-07 23:02:56,142 autoreload 23240 14768 Watching for file changes with StatReloader
INFO 2026-02-07 23:03:05,460 payment_service 23240 2184 FapshiPaymentService initialized:
INFO 2026-02-07 23:03:05,460 payment_service 23240 2184   Base URL: https://sandbox.fapshi.com
INFO 2026-02-07 23:03:05,460 payment_service 23240 2184   API User: 25917560-52cc-49f2-9f4e-59661b816b12
INFO 2026-02-07 23:03:05,461 payment_service 23240 2184   API Key set: Yes
INFO 2026-02-07 23:03:05,463 views 23240 2184 Payment service debug info: {'service_initialized': True, 'base_url': 'https://sandbox.fapshi.com', 'api_user': '25917560-52cc-49f2-9f4e-59661b816b12', 'api_key_set': True, 'headers_set': True, 'environment_variables': {'FAPSHI_API_KEY': True, 'FAPSHI_API_USER': '25917560-52cc-49f2-9f4e-59661b816b12', 'FAPSHI_BASE_URL': 'https://sandbox.fapshi.com', 'PAYMENT_REDIRECT_URL': None}}
INFO 2026-02-07 23:03:33,604 autoreload 23240 14768 C:\Users\TJ Rash\Desktop\INFNITE MARKET\E_COMMERCE\api\urls.py changed, reloading.
INFO 2026-02-07 23:03:36,159 autoreload 23436 23428 Watching for file changes with StatReloader
INFO 2026-02-07 23:04:58,243 autoreload 23436 23428 C:\Users\TJ Rash\Desktop\INFNITE MARKET\E_COMMERCE\api\views.py changed, reloading.
INFO 2026-02-07 23:05:01,762 autoreload 2952 26088 Watching for file changes with StatReloader
INFO 2026-02-07 23:06:04,388 autoreload 2952 26088 C:\Users\TJ Rash\Desktop\INFNITE MARKET\E_COMMERCE\api\debug_views.py changed, reloading.
INFO 2026-02-07 23:06:06,910 autoreload 22376 25220 Watching for file changes with StatReloader
INFO 2026-02-07 23:06:18,679 autoreload 928 15752 Watching for file changes with StatReloader
INFO 2026-02-07 23:06:38,998 payment_service 22376 15784 FapshiPaymentService initialized:
INFO 2026-02-07 23:06:39,002 payment_service 22376 15784   Base URL: https://sandbox.fapshi.com
INFO 2026-02-07 23:06:39,007 payment_service 22376 15784   API User: 25917560-52cc-49f2-9f4e-59661b816b12
INFO 2026-02-07 23:06:39,008 payment_service 22376 15784   API Key set: Yes
INFO 2026-02-07 23:06:39,009 debug_views 22376 15784 Debugging transaction: AUTO_CHECK_TEST
INFO 2026-02-07 23:06:42,154 debug_views 22376 15784 Payment status result: {'error': '400 Client Error: Bad Request for url: https://sandbox.fapshi.com/payment-status/AUTO_CHECK_TEST', 'message': 'Failed to check payment status'}
INFO 2026-02-07 23:06:44,074 debug_views 22376 15784 Local payment: ID=49, status=pending, amount=15000.00
INFO 2026-02-07 23:08:33,932 views 22376 16680 Checkout initiated by user buyertwo@gmail.com
INFO 2026-02-07 23:08:34,533 views 22376 16680 Received delivery data: {}
INFO 2026-02-07 23:08:34,535 views 22376 16680 Full request data: {'delivery_address': 'Bamenda', 'delivery_city': 'Bamenda', 'delivery_state': '', 'delivery_postal_code': '', 'delivery_phone': '+237651185719', 'delivery_notes': '', 'payment_method': 'fapshi', 'mtn_phone': '651185719', 'user': {'email': 'buyertwo@gmail.com', 'id': 64, 'user_id': 64}, 'email': 'buyertwo@gmail.com', 'user_id': 64, 'buyer_email': 'buyertwo@gmail.com', 'buyer_id': 64}
INFO 2026-02-07 23:08:34,535 views 22376 16680 Using direct delivery data: {'delivery_address': 'Bamenda', 'delivery_phone': '+237651185719', 'delivery_city': 'Bamenda', 'delivery_state': '', 'delivery_postal_code': '', 'delivery_notes': ''}
INFO 2026-02-07 23:08:35,709 payment_service 22376 16680 FapshiPaymentService initialized:
INFO 2026-02-07 23:08:35,709 payment_service 22376 16680   Base URL: https://sandbox.fapshi.com
INFO 2026-02-07 23:08:35,709 payment_service 22376 16680   API User: 25917560-52cc-49f2-9f4e-59661b816b12
INFO 2026-02-07 23:08:35,710 payment_service 22376 16680   API Key set: Yes
INFO 2026-02-07 23:08:35,710 payment_service 22376 16680 Initiating payment link request:
INFO 2026-02-07 23:08:35,710 payment_service 22376 16680   URL: https://sandbox.fapshi.com/initiate-pay
INFO 2026-02-07 23:08:35,711 payment_service 22376 16680   Payload: {
  "amount": 10000,
  "email": "buyertwo@gmail.com",
  "userId": "64",
  "externalId": "9007bf84-8cd8-426a-95d1-c6b82b0eef17",
  "message": "Payment for checkout 9007bf84-8cd8-426a-95d1-c6b82b0eef17"
}
INFO 2026-02-07 23:08:35,711 payment_service 22376 16680   Headers: {'Content-Type': 'application/json', 'apikey': 'FAK_TEST_a0fcb2cb788bad459442', 'apiuser': '25917560-52cc-49f2-9f4e-59661b816b12'}
INFO 2026-02-07 23:08:37,768 payment_service 22376 16680 Response status code: 200
INFO 2026-02-07 23:08:37,769 payment_service 22376 16680 Response headers: {'content-type': 'application/json; charset=utf-8', 'vary': 'Accept-Encoding', 'access-control-allow-origin': '*', 'content-security-policy': "default-src 'self';base-uri 'self';font-src 'self' https: data:;form-action 'self';frame-ancestors 'self';img-src 'self' data:;object-src 'none';script-src 'self';script-src-attr 'none';style-src 'self' https: 'unsafe-inline';upgrade-insecure-requests", 'cross-origin-opener-policy': 'same-origin', 'cross-origin-resource-policy': 'same-origin', 'origin-agent-cluster': '?1', 'referrer-policy': 'no-referrer', 'strict-transport-security': 'max-age=31536000; includeSubDomains', 'x-content-type-options': 'nosniff', 'x-dns-prefetch-control': 'off', 'x-download-options': 'noopen', 'x-frame-options': 'SAMEORIGIN', 'x-permitted-cross-domain-policies': 'none', 'x-xss-protection': '0', 'access-control-allow-headers': 'Origin, Content-Type, Accept, apiUser, apiKey', 'etag': 'W/"ad-NEvGQKmQc9M2JlpkPr1h4A5URJE"', 'content-encoding': 'gzip', 'x-cloud-trace-context': '6657fbf0e27ce640bc820837d0963b99;o=1', 'date': 'Sat, 07 Feb 2026 22:08:39 GMT', 'server': 'Google Frontend', 'Transfer-Encoding': 'chunked'}
INFO 2026-02-07 23:08:37,769 payment_service 22376 16680 Response data: {
  "message": "Request successful",
  "link": "https://checkout.fapshi.com/test/payment/6987b7e7ad074c7b048bf67e",
  "transId": "nteZHDBs6n",
  "dateInitiated": "2026-02-07T22:08:39.769Z"
}
INFO 2026-02-07 23:08:37,772 views 22376 16680 Payment initiated for checkout 9007bf84-8cd8-426a-95d1-c6b82b0eef17
ERROR 2026-02-07 23:10:42,063 log 22376 11592 Internal Server Error: /api/orders/
Traceback (most recent call last):
  File "C:\Users\TJ Rash\Desktop\INFNITE MARKET\E_COMMERCE\myenv\Lib\site-packages\django\core\handlers\exception.py", line 55, in inner
    response = get_response(request)
  File "C:\Users\TJ Rash\Desktop\INFNITE MARKET\E_COMMERCE\myenv\Lib\site-packages\django\core\handlers\base.py", line 198, in _get_response
    response = wrapped_callback(request, *callback_args, **callback_kwargs)
  File "C:\Users\TJ Rash\Desktop\INFNITE MARKET\E_COMMERCE\myenv\Lib\site-packages\django\views\decorators\csrf.py", line 65, in _view_wrapper
    return view_func(request, *args, **kwargs)
  File "C:\Users\TJ Rash\Desktop\INFNITE MARKET\E_COMMERCE\myenv\Lib\site-packages\django\views\generic\base.py", line 106, in view
    return self.dispatch(request, *args, **kwargs)
           ~~~~~~~~~~~~~^^^^^^^^^^^^^^^^^^^^^^^^^^
  File "C:\Users\TJ Rash\Desktop\INFNITE MARKET\E_COMMERCE\myenv\Lib\site-packages\rest_framework\views.py", line 509, in dispatch
    response = self.handle_exception(exc)
  File "C:\Users\TJ Rash\Desktop\INFNITE MARKET\E_COMMERCE\myenv\Lib\site-packages\rest_framework\views.py", line 469, in handle_exception
    self.raise_uncaught_exception(exc)
    ~~~~~~~~~~~~~~~~~~~~~~~~~~~~~^^^^^
  File "C:\Users\TJ Rash\Desktop\INFNITE MARKET\E_COMMERCE\myenv\Lib\site-packages\rest_framework\views.py", line 480, in raise_uncaught_exception
    raise exc
  File "C:\Users\TJ Rash\Desktop\INFNITE MARKET\E_COMMERCE\myenv\Lib\site-packages\rest_framework\views.py", line 506, in dispatch
    response = handler(request, *args, **kwargs)
  File "C:\Users\TJ Rash\Desktop\INFNITE MARKET\E_COMMERCE\myenv\Lib\site-packages\rest_framework\decorators.py", line 50, in handler
    return func(*args, **kwargs)
  File "C:\Users\TJ Rash\Desktop\INFNITE MARKET\E_COMMERCE\api\views.py", line 1045, in my_orders
    pending_payments = Payment.objects.filter(
        user=request.user,
        status='pending'
    )
  File "C:\Users\TJ Rash\Desktop\INFNITE MARKET\E_COMMERCE\myenv\Lib\site-packages\django\db\models\manager.py", line 87, in manager_method
    return getattr(self.get_queryset(), name)(*args, **kwargs)
           ~~~~~~~~~~~~~~~~~~~~~~~~~~~~~~~~~~^^^^^^^^^^^^^^^^^
  File "C:\Users\TJ Rash\Desktop\INFNITE MARKET\E_COMMERCE\myenv\Lib\site-packages\django\db\models\query.py", line 1542, in filter
    return self._filter_or_exclude(False, args, kwargs)
           ~~~~~~~~~~~~~~~~~~~~~~~^^^^^^^^^^^^^^^^^^^^^
  File "C:\Users\TJ Rash\Desktop\INFNITE MARKET\E_COMMERCE\myenv\Lib\site-packages\django\db\models\query.py", line 1560, in _filter_or_exclude
    clone._filter_or_exclude_inplace(negate, args, kwargs)
    ~~~~~~~~~~~~~~~~~~~~~~~~~~~~~~~~^^^^^^^^^^^^^^^^^^^^^^
  File "C:\Users\TJ Rash\Desktop\INFNITE MARKET\E_COMMERCE\myenv\Lib\site-packages\django\db\models\query.py", line 1570, in _filter_or_exclude_inplace
    self._query.add_q(Q(*args, **kwargs))
    ~~~~~~~~~~~~~~~~~^^^^^^^^^^^^^^^^^^^^
  File "C:\Users\TJ Rash\Desktop\INFNITE MARKET\E_COMMERCE\myenv\Lib\site-packages\django\db\models\sql\query.py", line 1671, in add_q
    clause, _ = self._add_q(q_object, can_reuse)
                ~~~~~~~~~~~^^^^^^^^^^^^^^^^^^^^^
  File "C:\Users\TJ Rash\Desktop\INFNITE MARKET\E_COMMERCE\myenv\Lib\site-packages\django\db\models\sql\query.py", line 1703, in _add_q
    child_clause, needed_inner = self.build_filter(
                                 ~~~~~~~~~~~~~~~~~^
        child,
        ^^^^^^
    ...<7 lines>...
        update_join_types=update_join_types,
        ^^^^^^^^^^^^^^^^^^^^^^^^^^^^^^^^^^^^
    )
    ^
  File "C:\Users\TJ Rash\Desktop\INFNITE MARKET\E_COMMERCE\myenv\Lib\site-packages\django\db\models\sql\query.py", line 1551, in build_filter
    lookups, parts, reffed_expression = self.solve_lookup_type(arg, summarize)
                                        ~~~~~~~~~~~~~~~~~~~~~~^^^^^^^^^^^^^^^^
  File "C:\Users\TJ Rash\Desktop\INFNITE MARKET\E_COMMERCE\myenv\Lib\site-packages\django\db\models\sql\query.py", line 1358, in solve_lookup_type
    _, field, _, lookup_parts = self.names_to_path(lookup_splitted, self.get_meta())
                                ~~~~~~~~~~~~~~~~~~^^^^^^^^^^^^^^^^^^^^^^^^^^^^^^^^^^
  File "C:\Users\TJ Rash\Desktop\INFNITE MARKET\E_COMMERCE\myenv\Lib\site-packages\django\db\models\sql\query.py", line 1832, in names_to_path
    raise FieldError(
    ...<2 lines>...
    )
django.core.exceptions.FieldError: Cannot resolve keyword 'user' into field. Choices are: amount, created_at, date_confirmed, date_initiated, email, external_id, id, message, order, order_id, payment_link, payment_type, phone, status, trans_id, updated_at
ERROR 2026-02-07 23:10:46,106 log 22376 16680 Internal Server Error: /api/orders/
Traceback (most recent call last):
  File "C:\Users\TJ Rash\Desktop\INFNITE MARKET\E_COMMERCE\myenv\Lib\site-packages\django\core\handlers\exception.py", line 55, in inner
    response = get_response(request)
  File "C:\Users\TJ Rash\Desktop\INFNITE MARKET\E_COMMERCE\myenv\Lib\site-packages\django\core\handlers\base.py", line 198, in _get_response
    response = wrapped_callback(request, *callback_args, **callback_kwargs)
  File "C:\Users\TJ Rash\Desktop\INFNITE MARKET\E_COMMERCE\myenv\Lib\site-packages\django\views\decorators\csrf.py", line 65, in _view_wrapper
    return view_func(request, *args, **kwargs)
  File "C:\Users\TJ Rash\Desktop\INFNITE MARKET\E_COMMERCE\myenv\Lib\site-packages\django\views\generic\base.py", line 106, in view
    return self.dispatch(request, *args, **kwargs)
           ~~~~~~~~~~~~~^^^^^^^^^^^^^^^^^^^^^^^^^^
  File "C:\Users\TJ Rash\Desktop\INFNITE MARKET\E_COMMERCE\myenv\Lib\site-packages\rest_framework\views.py", line 509, in dispatch
    response = self.handle_exception(exc)
  File "C:\Users\TJ Rash\Desktop\INFNITE MARKET\E_COMMERCE\myenv\Lib\site-packages\rest_framework\views.py", line 469, in handle_exception
    self.raise_uncaught_exception(exc)
    ~~~~~~~~~~~~~~~~~~~~~~~~~~~~~^^^^^
  File "C:\Users\TJ Rash\Desktop\INFNITE MARKET\E_COMMERCE\myenv\Lib\site-packages\rest_framework\views.py", line 480, in raise_uncaught_exception
    raise exc
  File "C:\Users\TJ Rash\Desktop\INFNITE MARKET\E_COMMERCE\myenv\Lib\site-packages\rest_framework\views.py", line 506, in dispatch
    response = handler(request, *args, **kwargs)
  File "C:\Users\TJ Rash\Desktop\INFNITE MARKET\E_COMMERCE\myenv\Lib\site-packages\rest_framework\decorators.py", line 50, in handler
    return func(*args, **kwargs)
  File "C:\Users\TJ Rash\Desktop\INFNITE MARKET\E_COMMERCE\api\views.py", line 1045, in my_orders
    pending_payments = Payment.objects.filter(
        user=request.user,
        status='pending'
    )
  File "C:\Users\TJ Rash\Desktop\INFNITE MARKET\E_COMMERCE\myenv\Lib\site-packages\django\db\models\manager.py", line 87, in manager_method
    return getattr(self.get_queryset(), name)(*args, **kwargs)
           ~~~~~~~~~~~~~~~~~~~~~~~~~~~~~~~~~~^^^^^^^^^^^^^^^^^
  File "C:\Users\TJ Rash\Desktop\INFNITE MARKET\E_COMMERCE\myenv\Lib\site-packages\django\db\models\query.py", line 1542, in filter
    return self._filter_or_exclude(False, args, kwargs)
           ~~~~~~~~~~~~~~~~~~~~~~~^^^^^^^^^^^^^^^^^^^^^
  File "C:\Users\TJ Rash\Desktop\INFNITE MARKET\E_COMMERCE\myenv\Lib\site-packages\django\db\models\query.py", line 1560, in _filter_or_exclude
    clone._filter_or_exclude_inplace(negate, args, kwargs)
    ~~~~~~~~~~~~~~~~~~~~~~~~~~~~~~~~^^^^^^^^^^^^^^^^^^^^^^
  File "C:\Users\TJ Rash\Desktop\INFNITE MARKET\E_COMMERCE\myenv\Lib\site-packages\django\db\models\query.py", line 1570, in _filter_or_exclude_inplace
    self._query.add_q(Q(*args, **kwargs))
    ~~~~~~~~~~~~~~~~~^^^^^^^^^^^^^^^^^^^^
  File "C:\Users\TJ Rash\Desktop\INFNITE MARKET\E_COMMERCE\myenv\Lib\site-packages\django\db\models\sql\query.py", line 1671, in add_q
    clause, _ = self._add_q(q_object, can_reuse)
                ~~~~~~~~~~~^^^^^^^^^^^^^^^^^^^^^
  File "C:\Users\TJ Rash\Desktop\INFNITE MARKET\E_COMMERCE\myenv\Lib\site-packages\django\db\models\sql\query.py", line 1703, in _add_q
    child_clause, needed_inner = self.build_filter(
                                 ~~~~~~~~~~~~~~~~~^
        child,
        ^^^^^^
    ...<7 lines>...
        update_join_types=update_join_types,
        ^^^^^^^^^^^^^^^^^^^^^^^^^^^^^^^^^^^^
    )
    ^
  File "C:\Users\TJ Rash\Desktop\INFNITE MARKET\E_COMMERCE\myenv\Lib\site-packages\django\db\models\sql\query.py", line 1551, in build_filter
    lookups, parts, reffed_expression = self.solve_lookup_type(arg, summarize)
                                        ~~~~~~~~~~~~~~~~~~~~~~^^^^^^^^^^^^^^^^
  File "C:\Users\TJ Rash\Desktop\INFNITE MARKET\E_COMMERCE\myenv\Lib\site-packages\django\db\models\sql\query.py", line 1358, in solve_lookup_type
    _, field, _, lookup_parts = self.names_to_path(lookup_splitted, self.get_meta())
                                ~~~~~~~~~~~~~~~~~~^^^^^^^^^^^^^^^^^^^^^^^^^^^^^^^^^^
  File "C:\Users\TJ Rash\Desktop\INFNITE MARKET\E_COMMERCE\myenv\Lib\site-packages\django\db\models\sql\query.py", line 1832, in names_to_path
    raise FieldError(
    ...<2 lines>...
    )
django.core.exceptions.FieldError: Cannot resolve keyword 'user' into field. Choices are: amount, created_at, date_confirmed, date_initiated, email, external_id, id, message, order, order_id, payment_link, payment_type, phone, status, trans_id, updated_at
INFO 2026-02-07 23:11:09,729 autoreload 928 15752 C:\Users\TJ Rash\Desktop\INFNITE MARKET\E_COMMERCE\api\views.py changed, reloading.
INFO 2026-02-07 23:11:10,170 autoreload 22376 25220 C:\Users\TJ Rash\Desktop\INFNITE MARKET\E_COMMERCE\api\views.py changed, reloading.
INFO 2026-02-07 23:11:13,774 autoreload 17108 19388 Watching for file changes with StatReloader
INFO 2026-02-07 23:11:15,143 autoreload 14480 24836 Watching for file changes with StatReloader
WARNING 2026-02-07 23:11:23,891 log 17108 17580 Unauthorized: /api/buyer/orders/
INFO 2026-02-07 23:11:41,176 payment_service 17108 25876 FapshiPaymentService initialized:
INFO 2026-02-07 23:11:41,176 payment_service 17108 25876   Base URL: https://sandbox.fapshi.com
INFO 2026-02-07 23:11:41,176 payment_service 17108 25876   API User: 25917560-52cc-49f2-9f4e-59661b816b12
INFO 2026-02-07 23:11:41,176 payment_service 17108 25876   API Key set: Yes
INFO 2026-02-07 23:11:41,177 debug_views 17108 25876 Debugging transaction: AUTO_CHECK_TEST
INFO 2026-02-07 23:11:42,815 debug_views 17108 25876 Payment status result: {'error': '400 Client Error: Bad Request for url: https://sandbox.fapshi.com/payment-status/AUTO_CHECK_TEST', 'message': 'Failed to check payment status'}
INFO 2026-02-07 23:11:44,666 debug_views 17108 25876 Local payment: ID=49, status=pending, amount=15000.00
INFO 2026-02-07 23:12:05,216 payment_service 17108 21352 FapshiPaymentService initialized:
INFO 2026-02-07 23:12:05,216 payment_service 17108 21352   Base URL: https://sandbox.fapshi.com
INFO 2026-02-07 23:12:05,217 payment_service 17108 21352   API User: 25917560-52cc-49f2-9f4e-59661b816b12
INFO 2026-02-07 23:12:05,217 payment_service 17108 21352   API Key set: Yes
INFO 2026-02-07 23:12:09,649 views 17108 21352 Cart cleared for user buyertwo@gmail.com after auto payment check
INFO 2026-02-07 23:12:09,650 views 17108 21352 AUTO-CHECK: Order 44 created from payment 52
INFO 2026-02-07 23:12:19,060 views 17108 21352 Cart cleared for user buyertwo@gmail.com after auto payment check
INFO 2026-02-07 23:12:19,060 views 17108 21352 AUTO-CHECK: Order 45 created from payment 46
INFO 2026-02-07 23:12:22,783 payment_service 17108 25464 FapshiPaymentService initialized:
INFO 2026-02-07 23:12:22,783 payment_service 17108 25464   Base URL: https://sandbox.fapshi.com
INFO 2026-02-07 23:12:22,783 payment_service 17108 25464   API User: 25917560-52cc-49f2-9f4e-59661b816b12
INFO 2026-02-07 23:12:22,784 payment_service 17108 25464   API Key set: Yes
INFO 2026-02-07 23:12:28,292 views 17108 21352 Cart cleared for user buyertwo@gmail.com after auto payment check
INFO 2026-02-07 23:12:28,292 views 17108 21352 AUTO-CHECK: Order 46 created from payment 38
INFO 2026-02-07 23:12:31,340 payment_service 17108 21352 FapshiPaymentService initialized:
INFO 2026-02-07 23:12:31,340 payment_service 17108 21352   Base URL: https://sandbox.fapshi.com
INFO 2026-02-07 23:12:31,340 payment_service 17108 21352   API User: 25917560-52cc-49f2-9f4e-59661b816b12
INFO 2026-02-07 23:12:31,340 payment_service 17108 21352   API Key set: Yes
INFO 2026-02-07 23:12:36,427 views 17108 25464 Cart cleared for user buyertwo@gmail.com after auto payment check
INFO 2026-02-07 23:12:36,428 views 17108 25464 AUTO-CHECK: Order 47 created from payment 38
INFO 2026-02-07 23:12:43,980 payment_service 17108 21352 FapshiPaymentService initialized:
INFO 2026-02-07 23:12:43,980 payment_service 17108 21352   Base URL: https://sandbox.fapshi.com
INFO 2026-02-07 23:12:43,980 payment_service 17108 21352   API User: 25917560-52cc-49f2-9f4e-59661b816b12
INFO 2026-02-07 23:12:43,980 payment_service 17108 21352   API Key set: Yes
INFO 2026-02-07 23:12:56,999 payment_service 17108 21352 FapshiPaymentService initialized:
INFO 2026-02-07 23:12:56,999 payment_service 17108 21352   Base URL: https://sandbox.fapshi.com
INFO 2026-02-07 23:12:56,999 payment_service 17108 21352   API User: 25917560-52cc-49f2-9f4e-59661b816b12
INFO 2026-02-07 23:12:56,999 payment_service 17108 21352   API Key set: Yes
INFO 2026-02-07 23:13:06,223 payment_service 17108 25464 FapshiPaymentService initialized:
INFO 2026-02-07 23:13:06,223 payment_service 17108 25464   Base URL: https://sandbox.fapshi.com
INFO 2026-02-07 23:13:06,224 payment_service 17108 25464   API User: 25917560-52cc-49f2-9f4e-59661b816b12
INFO 2026-02-07 23:13:06,224 payment_service 17108 25464   API Key set: Yes
INFO 2026-02-07 23:13:10,036 payment_service 17108 21352 FapshiPaymentService initialized:
INFO 2026-02-07 23:13:10,036 payment_service 17108 21352   Base URL: https://sandbox.fapshi.com
INFO 2026-02-07 23:13:10,036 payment_service 17108 21352   API User: 25917560-52cc-49f2-9f4e-59661b816b12
INFO 2026-02-07 23:13:10,036 payment_service 17108 21352   API Key set: Yes
INFO 2026-02-07 23:13:22,937 payment_service 17108 21352 FapshiPaymentService initialized:
INFO 2026-02-07 23:13:22,937 payment_service 17108 21352   Base URL: https://sandbox.fapshi.com
INFO 2026-02-07 23:13:22,937 payment_service 17108 21352   API User: 25917560-52cc-49f2-9f4e-59661b816b12
INFO 2026-02-07 23:13:22,937 payment_service 17108 21352   API Key set: Yes
INFO 2026-02-07 23:13:26,276 payment_service 17108 25464 FapshiPaymentService initialized:
INFO 2026-02-07 23:13:26,276 payment_service 17108 25464   Base URL: https://sandbox.fapshi.com
INFO 2026-02-07 23:13:26,276 payment_service 17108 25464   API User: 25917560-52cc-49f2-9f4e-59661b816b12
INFO 2026-02-07 23:13:26,276 payment_service 17108 25464   API Key set: Yes
INFO 2026-02-07 23:13:26,290 payment_service 17108 840 FapshiPaymentService initialized:
INFO 2026-02-07 23:13:26,290 payment_service 17108 840   Base URL: https://sandbox.fapshi.com
INFO 2026-02-07 23:13:26,290 payment_service 17108 840   API User: 25917560-52cc-49f2-9f4e-59661b816b12
INFO 2026-02-07 23:13:26,290 payment_service 17108 840   API Key set: Yes
INFO 2026-02-07 23:13:33,312 payment_service 17108 9308 FapshiPaymentService initialized:
INFO 2026-02-07 23:13:33,312 payment_service 17108 9308   Base URL: https://sandbox.fapshi.com
INFO 2026-02-07 23:13:33,313 payment_service 17108 9308   API User: 25917560-52cc-49f2-9f4e-59661b816b12
INFO 2026-02-07 23:13:33,313 payment_service 17108 9308   API Key set: Yes
INFO 2026-02-07 23:13:33,409 payment_service 17108 23744 FapshiPaymentService initialized:
INFO 2026-02-07 23:13:33,409 payment_service 17108 23744   Base URL: https://sandbox.fapshi.com
INFO 2026-02-07 23:13:33,409 payment_service 17108 23744   API User: 25917560-52cc-49f2-9f4e-59661b816b12
INFO 2026-02-07 23:13:33,409 payment_service 17108 23744   API Key set: Yes
INFO 2026-02-07 23:13:36,920 payment_service 17108 21352 FapshiPaymentService initialized:
INFO 2026-02-07 23:13:36,920 payment_service 17108 21352   Base URL: https://sandbox.fapshi.com
INFO 2026-02-07 23:13:36,920 payment_service 17108 21352   API User: 25917560-52cc-49f2-9f4e-59661b816b12
INFO 2026-02-07 23:13:36,920 payment_service 17108 21352   API Key set: Yes
INFO 2026-02-07 23:13:40,006 payment_service 17108 20812 FapshiPaymentService initialized:
INFO 2026-02-07 23:13:40,006 payment_service 17108 20812   Base URL: https://sandbox.fapshi.com
INFO 2026-02-07 23:13:40,006 payment_service 17108 20812   API User: 25917560-52cc-49f2-9f4e-59661b816b12
INFO 2026-02-07 23:13:40,006 payment_service 17108 20812   API Key set: Yes
INFO 2026-02-07 23:13:40,769 payment_service 17108 25464 FapshiPaymentService initialized:
INFO 2026-02-07 23:13:40,769 payment_service 17108 25464   Base URL: https://sandbox.fapshi.com
INFO 2026-02-07 23:13:40,770 payment_service 17108 25464   API User: 25917560-52cc-49f2-9f4e-59661b816b12
INFO 2026-02-07 23:13:40,770 payment_service 17108 25464   API Key set: Yes
INFO 2026-02-07 23:13:40,786 payment_service 17108 840 FapshiPaymentService initialized:
INFO 2026-02-07 23:13:40,787 payment_service 17108 840   Base URL: https://sandbox.fapshi.com
INFO 2026-02-07 23:13:40,788 payment_service 17108 840   API User: 25917560-52cc-49f2-9f4e-59661b816b12
INFO 2026-02-07 23:13:40,788 payment_service 17108 840   API Key set: Yes
INFO 2026-02-07 23:14:41,006 payment_service 17108 1784 FapshiPaymentService initialized:
INFO 2026-02-07 23:14:41,006 payment_service 17108 1784   Base URL: https://sandbox.fapshi.com
INFO 2026-02-07 23:14:41,006 payment_service 17108 1784   API User: 25917560-52cc-49f2-9f4e-59661b816b12
INFO 2026-02-07 23:14:41,007 payment_service 17108 1784   API Key set: Yes
INFO 2026-02-07 23:14:54,583 payment_service 17108 1784 FapshiPaymentService initialized:
INFO 2026-02-07 23:14:54,583 payment_service 17108 1784   Base URL: https://sandbox.fapshi.com
INFO 2026-02-07 23:14:54,584 payment_service 17108 1784   API User: 25917560-52cc-49f2-9f4e-59661b816b12
INFO 2026-02-07 23:14:54,584 payment_service 17108 1784   API Key set: Yes
INFO 2026-02-07 23:15:45,137 autoreload 18752 22868 Watching for file changes with StatReloader
INFO 2026-02-08 11:39:32,084 autoreload 24256 23592 Watching for file changes with StatReloader
INFO 2026-02-08 11:42:27,984 views 24256 8568 Checkout initiated by user buyertwo@gmail.com
INFO 2026-02-08 11:42:28,613 views 24256 8568 Received delivery data: {}
INFO 2026-02-08 11:42:28,614 views 24256 8568 Full request data: {'delivery_address': 'Bamenda', 'delivery_city': 'Bamenda', 'delivery_state': '', 'delivery_postal_code': '', 'delivery_phone': '+237651185719', 'delivery_notes': '', 'payment_method': 'fapshi', 'mtn_phone': '651185719', 'user': {'email': 'buyertwo@gmail.com', 'id': 64, 'user_id': 64}, 'email': 'buyertwo@gmail.com', 'user_id': 64, 'buyer_email': 'buyertwo@gmail.com', 'buyer_id': 64}
INFO 2026-02-08 11:42:28,615 views 24256 8568 Using direct delivery data: {'delivery_address': 'Bamenda', 'delivery_phone': '+237651185719', 'delivery_city': 'Bamenda', 'delivery_state': '', 'delivery_postal_code': '', 'delivery_notes': ''}
INFO 2026-02-08 11:42:29,926 payment_service 24256 8568 FapshiPaymentService initialized:
INFO 2026-02-08 11:42:29,934 payment_service 24256 8568   Base URL: https://sandbox.fapshi.com
INFO 2026-02-08 11:42:29,934 payment_service 24256 8568   API User: 25917560-52cc-49f2-9f4e-59661b816b12
INFO 2026-02-08 11:42:29,935 payment_service 24256 8568   API Key set: Yes
INFO 2026-02-08 11:42:29,936 payment_service 24256 8568 Initiating payment link request:
INFO 2026-02-08 11:42:29,936 payment_service 24256 8568   URL: https://sandbox.fapshi.com/initiate-pay
INFO 2026-02-08 11:42:29,937 payment_service 24256 8568   Payload: {
  "amount": 10000,
  "email": "buyertwo@gmail.com",
  "userId": "64",
  "externalId": "d260346e-6a62-4b05-ae4d-d128fbf88cc6",
  "message": "Payment for checkout d260346e-6a62-4b05-ae4d-d128fbf88cc6"
}
INFO 2026-02-08 11:42:29,937 payment_service 24256 8568   Headers: {'Content-Type': 'application/json', 'apikey': 'FAK_TEST_a0fcb2cb788bad459442', 'apiuser': '25917560-52cc-49f2-9f4e-59661b816b12'}
INFO 2026-02-08 11:42:34,424 payment_service 24256 8568 Response status code: 200
INFO 2026-02-08 11:42:34,428 payment_service 24256 8568 Response headers: {'content-type': 'application/json; charset=utf-8', 'vary': 'Accept-Encoding', 'access-control-allow-origin': '*', 'content-security-policy': "default-src 'self';base-uri 'self';font-src 'self' https: data:;form-action 'self';frame-ancestors 'self';img-src 'self' data:;object-src 'none';script-src 'self';script-src-attr 'none';style-src 'self' https: 'unsafe-inline';upgrade-insecure-requests", 'cross-origin-opener-policy': 'same-origin', 'cross-origin-resource-policy': 'same-origin', 'origin-agent-cluster': '?1', 'referrer-policy': 'no-referrer', 'strict-transport-security': 'max-age=31536000; includeSubDomains', 'x-content-type-options': 'nosniff', 'x-dns-prefetch-control': 'off', 'x-download-options': 'noopen', 'x-frame-options': 'SAMEORIGIN', 'x-permitted-cross-domain-policies': 'none', 'x-xss-protection': '0', 'access-control-allow-headers': 'Origin, Content-Type, Accept, apiUser, apiKey', 'etag': 'W/"ad-DL6XtXV0u3/y/XYJ7n027PArdu8"', 'content-encoding': 'gzip', 'x-cloud-trace-context': '8a7ce3f2f6097c1f2970a9c20566e32a;o=1', 'date': 'Sun, 08 Feb 2026 10:42:36 GMT', 'server': 'Google Frontend', 'Transfer-Encoding': 'chunked'}
INFO 2026-02-08 11:42:34,429 payment_service 24256 8568 Response data: {
  "message": "Request successful",
  "link": "https://checkout.fapshi.com/test/payment/6988689c6fc59fbcdf1a8831",
  "transId": "XzhhuN6WcY",
  "dateInitiated": "2026-02-08T10:42:36.583Z"
}
INFO 2026-02-08 11:42:34,446 views 24256 8568 Payment initiated for checkout d260346e-6a62-4b05-ae4d-d128fbf88cc6
INFO 2026-02-08 11:43:01,350 payment_service 24256 8568 FapshiPaymentService initialized:
INFO 2026-02-08 11:43:01,351 payment_service 24256 8568   Base URL: https://sandbox.fapshi.com
INFO 2026-02-08 11:43:01,352 payment_service 24256 8568   API User: 25917560-52cc-49f2-9f4e-59661b816b12
INFO 2026-02-08 11:43:01,352 payment_service 24256 8568   API Key set: Yes
INFO 2026-02-08 11:43:05,844 views 24256 8568 Cart cleared for user buyertwo@gmail.com after auto payment check
INFO 2026-02-08 11:43:05,845 views 24256 8568 AUTO-CHECK: Order 48 created from payment 53
INFO 2026-02-08 11:43:23,104 payment_service 24256 25176 FapshiPaymentService initialized:
INFO 2026-02-08 11:43:23,105 payment_service 24256 25176   Base URL: https://sandbox.fapshi.com
INFO 2026-02-08 11:43:23,105 payment_service 24256 25176   API User: 25917560-52cc-49f2-9f4e-59661b816b12
INFO 2026-02-08 11:43:23,105 payment_service 24256 25176   API Key set: Yes
INFO 2026-02-08 11:43:33,813 payment_service 24256 5572 FapshiPaymentService initialized:
INFO 2026-02-08 11:43:33,814 payment_service 24256 5572   Base URL: https://sandbox.fapshi.com
INFO 2026-02-08 11:43:33,818 payment_service 24256 5572   API User: 25917560-52cc-49f2-9f4e-59661b816b12
INFO 2026-02-08 11:43:33,818 payment_service 24256 5572   API Key set: Yes
INFO 2026-02-08 11:43:33,821 payment_service 24256 23356 FapshiPaymentService initialized:
INFO 2026-02-08 11:43:33,821 payment_service 24256 23356   Base URL: https://sandbox.fapshi.com
INFO 2026-02-08 11:43:33,821 payment_service 24256 23356   API User: 25917560-52cc-49f2-9f4e-59661b816b12
INFO 2026-02-08 11:43:33,822 payment_service 24256 23356   API Key set: Yes
INFO 2026-02-08 11:43:39,523 payment_service 24256 8568 FapshiPaymentService initialized:
INFO 2026-02-08 11:43:39,531 payment_service 24256 8568   Base URL: https://sandbox.fapshi.com
INFO 2026-02-08 11:43:39,531 payment_service 24256 8568   API User: 25917560-52cc-49f2-9f4e-59661b816b12
INFO 2026-02-08 11:43:39,532 payment_service 24256 8568   API Key set: Yes
INFO 2026-02-08 11:43:46,547 payment_service 24256 10436 FapshiPaymentService initialized:
INFO 2026-02-08 11:43:46,548 payment_service 24256 10436   Base URL: https://sandbox.fapshi.com
INFO 2026-02-08 11:43:46,549 payment_service 24256 10436   API User: 25917560-52cc-49f2-9f4e-59661b816b12
INFO 2026-02-08 11:43:46,549 payment_service 24256 10436   API Key set: Yes
INFO 2026-02-08 11:45:36,240 payment_service 24256 10436 FapshiPaymentService initialized:
INFO 2026-02-08 11:45:36,361 payment_service 24256 10436   Base URL: https://sandbox.fapshi.com
INFO 2026-02-08 11:45:36,461 payment_service 24256 10436   API User: 25917560-52cc-49f2-9f4e-59661b816b12
INFO 2026-02-08 11:45:36,527 payment_service 24256 10436   API Key set: Yes
INFO 2026-02-08 11:45:56,129 payment_service 24256 8568 FapshiPaymentService initialized:
INFO 2026-02-08 11:45:56,164 payment_service 24256 8568   Base URL: https://sandbox.fapshi.com
INFO 2026-02-08 11:45:56,165 payment_service 24256 8568   API User: 25917560-52cc-49f2-9f4e-59661b816b12
INFO 2026-02-08 11:45:56,165 payment_service 24256 8568   API Key set: Yes
INFO 2026-02-08 11:46:00,884 payment_service 24256 5572 FapshiPaymentService initialized:
INFO 2026-02-08 11:46:00,942 payment_service 24256 5572   Base URL: https://sandbox.fapshi.com
INFO 2026-02-08 11:46:00,942 payment_service 24256 5572   API User: 25917560-52cc-49f2-9f4e-59661b816b12
INFO 2026-02-08 11:46:00,942 payment_service 24256 5572   API Key set: Yes
INFO 2026-02-08 11:46:00,919 payment_service 24256 23356 FapshiPaymentService initialized:
INFO 2026-02-08 11:46:01,041 payment_service 24256 23356   Base URL: https://sandbox.fapshi.com
INFO 2026-02-08 11:46:01,122 payment_service 24256 23356   API User: 25917560-52cc-49f2-9f4e-59661b816b12
INFO 2026-02-08 11:46:01,238 payment_service 24256 23356   API Key set: Yes
INFO 2026-02-08 11:46:10,122 payment_service 24256 25176 FapshiPaymentService initialized:
INFO 2026-02-08 11:46:10,198 payment_service 24256 25176   Base URL: https://sandbox.fapshi.com
INFO 2026-02-08 11:46:10,347 payment_service 24256 25176   API User: 25917560-52cc-49f2-9f4e-59661b816b12
INFO 2026-02-08 11:46:10,585 payment_service 24256 25176   API Key set: Yes
INFO 2026-02-08 11:46:12,421 payment_service 24256 10576 FapshiPaymentService initialized:
INFO 2026-02-08 11:46:12,599 payment_service 24256 10576   Base URL: https://sandbox.fapshi.com
INFO 2026-02-08 11:46:12,606 payment_service 24256 10576   API User: 25917560-52cc-49f2-9f4e-59661b816b12
INFO 2026-02-08 11:46:12,614 payment_service 24256 10576   API Key set: Yes
INFO 2026-02-08 11:48:17,714 payment_service 24256 10436 FapshiPaymentService initialized:
INFO 2026-02-08 11:48:17,781 payment_service 24256 10436   Base URL: https://sandbox.fapshi.com
INFO 2026-02-08 11:48:17,911 payment_service 24256 10436   API User: 25917560-52cc-49f2-9f4e-59661b816b12
INFO 2026-02-08 11:48:18,005 payment_service 24256 10436   API Key set: Yes
INFO 2026-02-08 11:48:21,891 payment_service 24256 10576 FapshiPaymentService initialized:
INFO 2026-02-08 11:48:21,924 payment_service 24256 10576   Base URL: https://sandbox.fapshi.com
INFO 2026-02-08 11:48:21,928 payment_service 24256 10576   API User: 25917560-52cc-49f2-9f4e-59661b816b12
INFO 2026-02-08 11:48:21,949 payment_service 24256 10576   API Key set: Yes
INFO 2026-02-08 11:48:22,103 payment_service 24256 23356 FapshiPaymentService initialized:
INFO 2026-02-08 11:48:22,104 payment_service 24256 23356   Base URL: https://sandbox.fapshi.com
INFO 2026-02-08 11:48:22,105 payment_service 24256 23356   API User: 25917560-52cc-49f2-9f4e-59661b816b12
INFO 2026-02-08 11:48:22,108 payment_service 24256 23356   API Key set: Yes
INFO 2026-02-08 11:48:22,136 payment_service 24256 5572 FapshiPaymentService initialized:
INFO 2026-02-08 11:48:22,142 payment_service 24256 5572   Base URL: https://sandbox.fapshi.com
INFO 2026-02-08 11:48:22,153 payment_service 24256 5572   API User: 25917560-52cc-49f2-9f4e-59661b816b12
INFO 2026-02-08 11:48:22,161 payment_service 24256 5572   API Key set: Yes
INFO 2026-02-08 11:48:53,130 payment_service 24256 8568 FapshiPaymentService initialized:
INFO 2026-02-08 11:48:53,131 payment_service 24256 8568   Base URL: https://sandbox.fapshi.com
INFO 2026-02-08 11:48:53,131 payment_service 24256 8568   API User: 25917560-52cc-49f2-9f4e-59661b816b12
INFO 2026-02-08 11:48:53,132 payment_service 24256 8568   API Key set: Yes
INFO 2026-02-08 11:48:53,474 payment_service 24256 25176 FapshiPaymentService initialized:
INFO 2026-02-08 11:48:53,483 payment_service 24256 25176   Base URL: https://sandbox.fapshi.com
INFO 2026-02-08 11:48:53,505 payment_service 24256 25176   API User: 25917560-52cc-49f2-9f4e-59661b816b12
INFO 2026-02-08 11:48:53,505 payment_service 24256 25176   API Key set: Yes
INFO 2026-02-08 11:57:35,211 autoreload 24256 23592 C:\Users\TJ Rash\Desktop\INFNITE MARKET\E_COMMERCE\api\views.py changed, reloading.
INFO 2026-02-08 11:57:43,530 autoreload 13072 11296 Watching for file changes with StatReloader
INFO 2026-02-08 11:57:51,041 autoreload 13072 11296 C:\Users\TJ Rash\Desktop\INFNITE MARKET\E_COMMERCE\api\urls.py changed, reloading.
INFO 2026-02-08 11:57:54,893 autoreload 19280 12320 Watching for file changes with StatReloader
INFO 2026-02-08 11:58:11,219 autoreload 19280 12320 C:\Users\TJ Rash\Desktop\INFNITE MARKET\E_COMMERCE\api\debug_views.py changed, reloading.
INFO 2026-02-08 11:58:15,750 autoreload 2920 14756 Watching for file changes with StatReloader
INFO 2026-02-08 11:58:23,542 autoreload 2920 14756 C:\Users\TJ Rash\Desktop\INFNITE MARKET\E_COMMERCE\api\views.py changed, reloading.
INFO 2026-02-08 11:58:28,752 autoreload 23288 19004 Watching for file changes with StatReloader
WARNING 2026-02-08 11:59:01,906 log 23288 8300 Unauthorized: /api/buyer/orders/
INFO 2026-02-08 12:03:40,230 views 23288 2808 Checkout initiated by user buyertwo@gmail.com
INFO 2026-02-08 12:03:41,728 views 23288 2808 Received delivery data: {}
INFO 2026-02-08 12:03:41,728 views 23288 2808 Full request data: {'delivery_address': 'Bamenda', 'delivery_city': 'Bamenda', 'delivery_state': '', 'delivery_postal_code': '', 'delivery_phone': '+237651185719', 'delivery_notes': 'lk', 'payment_method': 'fapshi', 'mtn_phone': '651185719', 'user': {'email': 'buyertwo@gmail.com', 'id': 64, 'user_id': 64}, 'email': 'buyertwo@gmail.com', 'user_id': 64, 'buyer_email': 'buyertwo@gmail.com', 'buyer_id': 64}
INFO 2026-02-08 12:03:41,729 views 23288 2808 Using direct delivery data: {'delivery_address': 'Bamenda', 'delivery_phone': '+237651185719', 'delivery_city': 'Bamenda', 'delivery_state': '', 'delivery_postal_code': '', 'delivery_notes': 'lk'}
INFO 2026-02-08 12:03:43,197 payment_service 23288 2808 FapshiPaymentService initialized:
INFO 2026-02-08 12:03:43,197 payment_service 23288 2808   Base URL: https://sandbox.fapshi.com
INFO 2026-02-08 12:03:43,198 payment_service 23288 2808   API User: 25917560-52cc-49f2-9f4e-59661b816b12
INFO 2026-02-08 12:03:43,198 payment_service 23288 2808   API Key set: Yes
INFO 2026-02-08 12:03:43,199 payment_service 23288 2808 Initiating payment link request:
INFO 2026-02-08 12:03:43,200 payment_service 23288 2808   URL: https://sandbox.fapshi.com/initiate-pay
INFO 2026-02-08 12:03:43,200 payment_service 23288 2808   Payload: {
  "amount": 89000,
  "email": "buyertwo@gmail.com",
  "userId": "64",
  "externalId": "271cb4b1-b33c-4ad7-a4a8-c75f113c94ac",
  "message": "Payment for checkout 271cb4b1-b33c-4ad7-a4a8-c75f113c94ac"
}
INFO 2026-02-08 12:03:43,201 payment_service 23288 2808   Headers: {'Content-Type': 'application/json', 'apikey': 'FAK_TEST_a0fcb2cb788bad459442', 'apiuser': '25917560-52cc-49f2-9f4e-59661b816b12'}
INFO 2026-02-08 12:03:46,900 payment_service 23288 2808 Response status code: 200
INFO 2026-02-08 12:03:46,904 payment_service 23288 2808 Response headers: {'content-type': 'application/json; charset=utf-8', 'vary': 'Accept-Encoding', 'access-control-allow-origin': '*', 'content-security-policy': "default-src 'self';base-uri 'self';font-src 'self' https: data:;form-action 'self';frame-ancestors 'self';img-src 'self' data:;object-src 'none';script-src 'self';script-src-attr 'none';style-src 'self' https: 'unsafe-inline';upgrade-insecure-requests", 'cross-origin-opener-policy': 'same-origin', 'cross-origin-resource-policy': 'same-origin', 'origin-agent-cluster': '?1', 'referrer-policy': 'no-referrer', 'strict-transport-security': 'max-age=31536000; includeSubDomains', 'x-content-type-options': 'nosniff', 'x-dns-prefetch-control': 'off', 'x-download-options': 'noopen', 'x-frame-options': 'SAMEORIGIN', 'x-permitted-cross-domain-policies': 'none', 'x-xss-protection': '0', 'access-control-allow-headers': 'Origin, Content-Type, Accept, apiUser, apiKey', 'etag': 'W/"ad-/PdbdbZfAacupdOyj8d1njIwqYM"', 'content-encoding': 'gzip', 'x-cloud-trace-context': '867b7ba23f4d6007192d11c4e251f34e;o=1', 'date': 'Sun, 08 Feb 2026 11:03:49 GMT', 'server': 'Google Frontend', 'Transfer-Encoding': 'chunked'}
INFO 2026-02-08 12:03:46,904 payment_service 23288 2808 Response data: {
  "message": "Request successful",
  "link": "https://checkout.fapshi.com/test/payment/69886d956fc59fbcdf1a88b5",
  "transId": "IsvHmCE813",
  "dateInitiated": "2026-02-08T11:03:49.152Z"
}
INFO 2026-02-08 12:03:46,908 views 23288 2808 Payment initiated for checkout 271cb4b1-b33c-4ad7-a4a8-c75f113c94ac
INFO 2026-02-08 12:04:30,066 views 23288 16612 Checkout initiated by user buyertwo@gmail.com
INFO 2026-02-08 12:04:30,670 views 23288 16612 Received delivery data: {}
INFO 2026-02-08 12:04:30,672 views 23288 16612 Full request data: {'delivery_address': 'Bamenda', 'delivery_city': 'Bamenda', 'delivery_state': '', 'delivery_postal_code': '', 'delivery_phone': '+237651185719', 'delivery_notes': '', 'payment_method': 'fapshi', 'mtn_phone': '651185719', 'user': {'email': 'buyertwo@gmail.com', 'id': 64, 'user_id': 64}, 'email': 'buyertwo@gmail.com', 'user_id': 64, 'buyer_email': 'buyertwo@gmail.com', 'buyer_id': 64}
INFO 2026-02-08 12:04:30,672 views 23288 16612 Using direct delivery data: {'delivery_address': 'Bamenda', 'delivery_phone': '+237651185719', 'delivery_city': 'Bamenda', 'delivery_state': '', 'delivery_postal_code': '', 'delivery_notes': ''}
INFO 2026-02-08 12:04:31,960 payment_service 23288 16612 FapshiPaymentService initialized:
INFO 2026-02-08 12:04:31,965 payment_service 23288 16612   Base URL: https://sandbox.fapshi.com
INFO 2026-02-08 12:04:31,965 payment_service 23288 16612   API User: 25917560-52cc-49f2-9f4e-59661b816b12
INFO 2026-02-08 12:04:31,966 payment_service 23288 16612   API Key set: Yes
INFO 2026-02-08 12:04:31,966 payment_service 23288 16612 Initiating payment link request:
INFO 2026-02-08 12:04:31,967 payment_service 23288 16612   URL: https://sandbox.fapshi.com/initiate-pay
INFO 2026-02-08 12:04:31,967 payment_service 23288 16612   Payload: {
  "amount": 89000,
  "email": "buyertwo@gmail.com",
  "userId": "64",
  "externalId": "9fcf5f1c-27a3-4b36-98c7-a9b784c9486d",
  "message": "Payment for checkout 9fcf5f1c-27a3-4b36-98c7-a9b784c9486d"
}
INFO 2026-02-08 12:04:31,967 payment_service 23288 16612   Headers: {'Content-Type': 'application/json', 'apikey': 'FAK_TEST_a0fcb2cb788bad459442', 'apiuser': '25917560-52cc-49f2-9f4e-59661b816b12'}
INFO 2026-02-08 12:04:34,861 payment_service 23288 16612 Response status code: 200
INFO 2026-02-08 12:04:34,862 payment_service 23288 16612 Response headers: {'content-type': 'application/json; charset=utf-8', 'vary': 'Accept-Encoding', 'access-control-allow-origin': '*', 'content-security-policy': "default-src 'self';base-uri 'self';font-src 'self' https: data:;form-action 'self';frame-ancestors 'self';img-src 'self' data:;object-src 'none';script-src 'self';script-src-attr 'none';style-src 'self' https: 'unsafe-inline';upgrade-insecure-requests", 'cross-origin-opener-policy': 'same-origin', 'cross-origin-resource-policy': 'same-origin', 'origin-agent-cluster': '?1', 'referrer-policy': 'no-referrer', 'strict-transport-security': 'max-age=31536000; includeSubDomains', 'x-content-type-options': 'nosniff', 'x-dns-prefetch-control': 'off', 'x-download-options': 'noopen', 'x-frame-options': 'SAMEORIGIN', 'x-permitted-cross-domain-policies': 'none', 'x-xss-protection': '0', 'access-control-allow-headers': 'Origin, Content-Type, Accept, apiUser, apiKey', 'etag': 'W/"ad-GhSNlIrz6uxHn6IyAQ3k1672Bdc"', 'content-encoding': 'gzip', 'x-cloud-trace-context': 'b50be7670e84ae7effd23626d093ca20;o=1', 'date': 'Sun, 08 Feb 2026 11:04:37 GMT', 'server': 'Google Frontend', 'Transfer-Encoding': 'chunked'}
INFO 2026-02-08 12:04:34,862 payment_service 23288 16612 Response data: {
  "message": "Request successful",
  "link": "https://checkout.fapshi.com/test/payment/69886dc56fc59fbcdf1a88b8",
  "transId": "aU7NzE9vBF",
  "dateInitiated": "2026-02-08T11:04:37.124Z"
}
INFO 2026-02-08 12:04:34,865 views 23288 16612 Payment initiated for checkout 9fcf5f1c-27a3-4b36-98c7-a9b784c9486d
INFO 2026-02-08 12:10:38,725 autoreload 23288 19004 C:\Users\TJ Rash\Desktop\INFNITE MARKET\E_COMMERCE\api\payment_service.py changed, reloading.
INFO 2026-02-08 12:10:46,382 autoreload 26108 17520 Watching for file changes with StatReloader
INFO 2026-02-08 12:11:29,347 autoreload 26108 17520 C:\Users\TJ Rash\Desktop\INFNITE MARKET\E_COMMERCE\api\views.py changed, reloading.
INFO 2026-02-08 12:11:35,947 autoreload 22732 12252 Watching for file changes with StatReloader
INFO 2026-02-08 12:13:13,742 views 22732 20392 Checkout initiated by user buyertwo@gmail.com
INFO 2026-02-08 12:13:14,384 views 22732 20392 Received delivery data: {}
INFO 2026-02-08 12:13:14,385 views 22732 20392 Full request data: {'delivery_address': 'Bamenda', 'delivery_city': 'Bamenda', 'delivery_state': '', 'delivery_postal_code': '', 'delivery_phone': '+237651185719', 'delivery_notes': '', 'payment_method': 'fapshi', 'mtn_phone': '651185719', 'user': {'email': 'buyertwo@gmail.com', 'id': 64, 'user_id': 64}, 'email': 'buyertwo@gmail.com', 'user_id': 64, 'buyer_email': 'buyertwo@gmail.com', 'buyer_id': 64}
INFO 2026-02-08 12:13:14,385 views 22732 20392 Using direct delivery data: {'delivery_address': 'Bamenda', 'delivery_phone': '+237651185719', 'delivery_city': 'Bamenda', 'delivery_state': '', 'delivery_postal_code': '', 'delivery_notes': ''}
INFO 2026-02-08 12:13:16,105 payment_service 22732 20392 FapshiPaymentService initialized:
INFO 2026-02-08 12:13:16,105 payment_service 22732 20392   Base URL: https://sandbox.fapshi.com
INFO 2026-02-08 12:13:16,106 payment_service 22732 20392   API User: 25917560-52cc-49f2-9f4e-59661b816b12
INFO 2026-02-08 12:13:16,106 payment_service 22732 20392   API Key set: Yes
INFO 2026-02-08 12:13:16,106 payment_service 22732 20392 Initiating payment link request:
INFO 2026-02-08 12:13:16,107 payment_service 22732 20392   URL: https://sandbox.fapshi.com/initiate-pay
INFO 2026-02-08 12:13:16,107 payment_service 22732 20392   Payload: {
  "amount": 89000,
  "email": "buyertwo@gmail.com",
  "userId": "64",
  "externalId": "9faabfe9-a35b-4833-b1d9-1dc2cdba93c7",
  "message": "Payment for checkout 9faabfe9-a35b-4833-b1d9-1dc2cdba93c7",
  "phone": "+237651185719"
}
INFO 2026-02-08 12:13:16,108 payment_service 22732 20392   Headers: {'Content-Type': 'application/json', 'apikey': 'FAK_TEST_a0fcb2cb788bad459442', 'apiuser': '25917560-52cc-49f2-9f4e-59661b816b12'}
INFO 2026-02-08 12:13:19,968 payment_service 22732 20392 Response status code: 200
INFO 2026-02-08 12:13:19,971 payment_service 22732 20392 Response headers: {'content-type': 'application/json; charset=utf-8', 'vary': 'Accept-Encoding', 'access-control-allow-origin': '*', 'content-security-policy': "default-src 'self';base-uri 'self';font-src 'self' https: data:;form-action 'self';frame-ancestors 'self';img-src 'self' data:;object-src 'none';script-src 'self';script-src-attr 'none';style-src 'self' https: 'unsafe-inline';upgrade-insecure-requests", 'cross-origin-opener-policy': 'same-origin', 'cross-origin-resource-policy': 'same-origin', 'origin-agent-cluster': '?1', 'referrer-policy': 'no-referrer', 'strict-transport-security': 'max-age=31536000; includeSubDomains', 'x-content-type-options': 'nosniff', 'x-dns-prefetch-control': 'off', 'x-download-options': 'noopen', 'x-frame-options': 'SAMEORIGIN', 'x-permitted-cross-domain-policies': 'none', 'x-xss-protection': '0', 'access-control-allow-headers': 'Origin, Content-Type, Accept, apiUser, apiKey', 'etag': 'W/"ad-Y6XvzREinxaRk1KOC/ENypEEwIs"', 'content-encoding': 'gzip', 'x-cloud-trace-context': '18e010cf7913d970ed9677855658cce5;o=1', 'date': 'Sun, 08 Feb 2026 11:13:22 GMT', 'server': 'Google Frontend', 'Transfer-Encoding': 'chunked'}
INFO 2026-02-08 12:13:19,973 payment_service 22732 20392 Response data: {
  "message": "Request successful",
  "link": "https://checkout.fapshi.com/test/payment/69886fd26fc59fbcdf1a88bf",
  "transId": "Jlb5wfejYS",
  "dateInitiated": "2026-02-08T11:13:22.227Z"
}
INFO 2026-02-08 12:13:19,976 views 22732 20392 Payment initiated for checkout 9faabfe9-a35b-4833-b1d9-1dc2cdba93c7
INFO 2026-02-08 12:16:14,741 views 22732 20392 Checkout initiated by user buyertwo@gmail.com
INFO 2026-02-08 12:16:15,532 views 22732 20392 Received delivery data: {}
INFO 2026-02-08 12:16:15,532 views 22732 20392 Full request data: {'delivery_address': 'Bamenda', 'delivery_city': 'Bamenda', 'delivery_state': '', 'delivery_postal_code': '', 'delivery_phone': '+237651185719', 'delivery_notes': '', 'payment_method': 'fapshi', 'mtn_phone': '651185719', 'user': {'email': 'buyertwo@gmail.com', 'id': 64, 'user_id': 64}, 'email': 'buyertwo@gmail.com', 'user_id': 64, 'buyer_email': 'buyertwo@gmail.com', 'buyer_id': 64}
INFO 2026-02-08 12:16:15,532 views 22732 20392 Using direct delivery data: {'delivery_address': 'Bamenda', 'delivery_phone': '+237651185719', 'delivery_city': 'Bamenda', 'delivery_state': '', 'delivery_postal_code': '', 'delivery_notes': ''}
INFO 2026-02-08 12:16:16,920 payment_service 22732 20392 FapshiPaymentService initialized:
INFO 2026-02-08 12:16:16,921 payment_service 22732 20392   Base URL: https://sandbox.fapshi.com
INFO 2026-02-08 12:16:16,921 payment_service 22732 20392   API User: 25917560-52cc-49f2-9f4e-59661b816b12
INFO 2026-02-08 12:16:16,921 payment_service 22732 20392   API Key set: Yes
INFO 2026-02-08 12:16:16,921 payment_service 22732 20392 Initiating payment link request:
INFO 2026-02-08 12:16:16,922 payment_service 22732 20392   URL: https://sandbox.fapshi.com/initiate-pay
INFO 2026-02-08 12:16:16,922 payment_service 22732 20392   Payload: {
  "amount": 89898,
  "email": "buyertwo@gmail.com",
  "userId": "64",
  "externalId": "2e6ac685-ed7b-426b-bf14-330348ad7d13",
  "message": "Payment for checkout 2e6ac685-ed7b-426b-bf14-330348ad7d13",
  "phone": "+237651185719"
}
INFO 2026-02-08 12:16:16,922 payment_service 22732 20392   Headers: {'Content-Type': 'application/json', 'apikey': 'FAK_TEST_a0fcb2cb788bad459442', 'apiuser': '25917560-52cc-49f2-9f4e-59661b816b12'}
INFO 2026-02-08 12:16:20,982 payment_service 22732 20392 Response status code: 200
INFO 2026-02-08 12:16:20,983 payment_service 22732 20392 Response headers: {'content-type': 'application/json; charset=utf-8', 'vary': 'Accept-Encoding', 'access-control-allow-origin': '*', 'content-security-policy': "default-src 'self';base-uri 'self';font-src 'self' https: data:;form-action 'self';frame-ancestors 'self';img-src 'self' data:;object-src 'none';script-src 'self';script-src-attr 'none';style-src 'self' https: 'unsafe-inline';upgrade-insecure-requests", 'cross-origin-opener-policy': 'same-origin', 'cross-origin-resource-policy': 'same-origin', 'origin-agent-cluster': '?1', 'referrer-policy': 'no-referrer', 'strict-transport-security': 'max-age=31536000; includeSubDomains', 'x-content-type-options': 'nosniff', 'x-dns-prefetch-control': 'off', 'x-download-options': 'noopen', 'x-frame-options': 'SAMEORIGIN', 'x-permitted-cross-domain-policies': 'none', 'x-xss-protection': '0', 'access-control-allow-headers': 'Origin, Content-Type, Accept, apiUser, apiKey', 'etag': 'W/"ad-7TxY0DNuu0cl54Iq/YZsbwH+1a4"', 'content-encoding': 'gzip', 'x-cloud-trace-context': 'e022ae51c64ae4c0eb9d7588b73b75a1;o=1', 'date': 'Sun, 08 Feb 2026 11:16:23 GMT', 'server': 'Google Frontend', 'Transfer-Encoding': 'chunked'}
INFO 2026-02-08 12:16:20,985 payment_service 22732 20392 Response data: {
  "message": "Request successful",
  "link": "https://checkout.fapshi.com/test/payment/698870876fc59fbcdf1a88c6",
  "transId": "Csl8ZSgTcF",
  "dateInitiated": "2026-02-08T11:16:23.245Z"
}
INFO 2026-02-08 12:16:20,989 views 22732 20392 Payment initiated for checkout 2e6ac685-ed7b-426b-bf14-330348ad7d13
INFO 2026-02-08 17:04:11,013 autoreload 22732 12252 C:\Users\TJ Rash\Desktop\INFNITE MARKET\E_COMMERCE\api\views.py changed, reloading.
INFO 2026-02-08 17:04:14,332 autoreload 11644 11200 Watching for file changes with StatReloader
INFO 2026-02-08 17:04:36,007 autoreload 11644 11200 C:\Users\TJ Rash\Desktop\INFNITE MARKET\E_COMMERCE\api\views.py changed, reloading.
INFO 2026-02-08 17:04:38,981 autoreload 12672 25408 Watching for file changes with StatReloader
INFO 2026-02-08 17:22:29,945 autoreload 17060 14564 Watching for file changes with StatReloader
INFO 2026-02-08 18:05:51,486 autoreload 24176 17040 Watching for file changes with StatReloader
INFO 2026-02-10 06:39:34,183 autoreload 1562376 136782266478720 Watching for file changes with StatReloader
INFO 2026-02-10 06:41:42,315 autoreload 1562762 128422340624512 Watching for file changes with StatReloader
INFO 2026-02-10 06:42:07,200 autoreload 1562904 124678912610432 Watching for file changes with StatReloader
ERROR 2026-02-10 06:51:09,776 log 1562904 124678723065536 Invalid HTTP_HOST header: 'firstchoiceserver.faithhubs.org'. You may need to add 'firstchoiceserver.faithhubs.org' to ALLOWED_HOSTS.
Traceback (most recent call last):
  File "/home/joseph/apps/E_COMMERCE/myenv/lib/python3.12/site-packages/django/core/handlers/exception.py", line 55, in inner
    response = get_response(request)
               ^^^^^^^^^^^^^^^^^^^^^
  File "/home/joseph/apps/E_COMMERCE/myenv/lib/python3.12/site-packages/django/utils/deprecation.py", line 308, in __call__
    response = self.process_request(request)
               ^^^^^^^^^^^^^^^^^^^^^^^^^^^^^
  File "/home/joseph/apps/E_COMMERCE/myenv/lib/python3.12/site-packages/django/middleware/common.py", line 48, in process_request
    host = request.get_host()
           ^^^^^^^^^^^^^^^^^^
  File "/home/joseph/apps/E_COMMERCE/myenv/lib/python3.12/site-packages/django/http/request.py", line 205, in get_host
    raise DisallowedHost(msg)
django.core.exceptions.DisallowedHost: Invalid HTTP_HOST header: 'firstchoiceserver.faithhubs.org'. You may need to add 'firstchoiceserver.faithhubs.org' to ALLOWED_HOSTS.
ERROR 2026-02-10 06:51:09,777 log 1562904 124678818494144 Invalid HTTP_HOST header: 'firstchoiceserver.faithhubs.org'. You may need to add 'firstchoiceserver.faithhubs.org' to ALLOWED_HOSTS.
Traceback (most recent call last):
  File "/home/joseph/apps/E_COMMERCE/myenv/lib/python3.12/site-packages/django/core/handlers/exception.py", line 55, in inner
    response = get_response(request)
               ^^^^^^^^^^^^^^^^^^^^^
  File "/home/joseph/apps/E_COMMERCE/myenv/lib/python3.12/site-packages/django/utils/deprecation.py", line 308, in __call__
    response = self.process_request(request)
               ^^^^^^^^^^^^^^^^^^^^^^^^^^^^^
  File "/home/joseph/apps/E_COMMERCE/myenv/lib/python3.12/site-packages/django/middleware/common.py", line 48, in process_request
    host = request.get_host()
           ^^^^^^^^^^^^^^^^^^
  File "/home/joseph/apps/E_COMMERCE/myenv/lib/python3.12/site-packages/django/http/request.py", line 205, in get_host
    raise DisallowedHost(msg)
django.core.exceptions.DisallowedHost: Invalid HTTP_HOST header: 'firstchoiceserver.faithhubs.org'. You may need to add 'firstchoiceserver.faithhubs.org' to ALLOWED_HOSTS.
ERROR 2026-02-10 06:51:09,779 log 1562904 124678714672832 Invalid HTTP_HOST header: 'firstchoiceserver.faithhubs.org'. You may need to add 'firstchoiceserver.faithhubs.org' to ALLOWED_HOSTS.
Traceback (most recent call last):
  File "/home/joseph/apps/E_COMMERCE/myenv/lib/python3.12/site-packages/django/core/handlers/exception.py", line 55, in inner
    response = get_response(request)
               ^^^^^^^^^^^^^^^^^^^^^
  File "/home/joseph/apps/E_COMMERCE/myenv/lib/python3.12/site-packages/django/utils/deprecation.py", line 308, in __call__
    response = self.process_request(request)
               ^^^^^^^^^^^^^^^^^^^^^^^^^^^^^
  File "/home/joseph/apps/E_COMMERCE/myenv/lib/python3.12/site-packages/django/middleware/common.py", line 48, in process_request
    host = request.get_host()
           ^^^^^^^^^^^^^^^^^^
  File "/home/joseph/apps/E_COMMERCE/myenv/lib/python3.12/site-packages/django/http/request.py", line 205, in get_host
    raise DisallowedHost(msg)
django.core.exceptions.DisallowedHost: Invalid HTTP_HOST header: 'firstchoiceserver.faithhubs.org'. You may need to add 'firstchoiceserver.faithhubs.org' to ALLOWED_HOSTS.
ERROR 2026-02-10 06:51:10,015 log 1562904 124678714672832 Invalid HTTP_HOST header: 'firstchoiceserver.faithhubs.org'. You may need to add 'firstchoiceserver.faithhubs.org' to ALLOWED_HOSTS.
Traceback (most recent call last):
  File "/home/joseph/apps/E_COMMERCE/myenv/lib/python3.12/site-packages/django/core/handlers/exception.py", line 55, in inner
    response = get_response(request)
               ^^^^^^^^^^^^^^^^^^^^^
  File "/home/joseph/apps/E_COMMERCE/myenv/lib/python3.12/site-packages/django/utils/deprecation.py", line 308, in __call__
    response = self.process_request(request)
               ^^^^^^^^^^^^^^^^^^^^^^^^^^^^^
  File "/home/joseph/apps/E_COMMERCE/myenv/lib/python3.12/site-packages/django/middleware/common.py", line 48, in process_request
    host = request.get_host()
           ^^^^^^^^^^^^^^^^^^
  File "/home/joseph/apps/E_COMMERCE/myenv/lib/python3.12/site-packages/django/http/request.py", line 205, in get_host
    raise DisallowedHost(msg)
django.core.exceptions.DisallowedHost: Invalid HTTP_HOST header: 'firstchoiceserver.faithhubs.org'. You may need to add 'firstchoiceserver.faithhubs.org' to ALLOWED_HOSTS.
ERROR 2026-02-10 06:51:10,052 log 1562904 124678818494144 Invalid HTTP_HOST header: 'firstchoiceserver.faithhubs.org'. You may need to add 'firstchoiceserver.faithhubs.org' to ALLOWED_HOSTS.
Traceback (most recent call last):
  File "/home/joseph/apps/E_COMMERCE/myenv/lib/python3.12/site-packages/django/core/handlers/exception.py", line 55, in inner
    response = get_response(request)
               ^^^^^^^^^^^^^^^^^^^^^
  File "/home/joseph/apps/E_COMMERCE/myenv/lib/python3.12/site-packages/django/utils/deprecation.py", line 308, in __call__
    response = self.process_request(request)
               ^^^^^^^^^^^^^^^^^^^^^^^^^^^^^
  File "/home/joseph/apps/E_COMMERCE/myenv/lib/python3.12/site-packages/django/middleware/common.py", line 48, in process_request
    host = request.get_host()
           ^^^^^^^^^^^^^^^^^^
  File "/home/joseph/apps/E_COMMERCE/myenv/lib/python3.12/site-packages/django/http/request.py", line 205, in get_host
    raise DisallowedHost(msg)
django.core.exceptions.DisallowedHost: Invalid HTTP_HOST header: 'firstchoiceserver.faithhubs.org'. You may need to add 'firstchoiceserver.faithhubs.org' to ALLOWED_HOSTS.
ERROR 2026-02-10 06:51:15,790 log 1562904 124678818494144 Invalid HTTP_HOST header: 'firstchoiceserver.faithhubs.org'. You may need to add 'firstchoiceserver.faithhubs.org' to ALLOWED_HOSTS.
Traceback (most recent call last):
  File "/home/joseph/apps/E_COMMERCE/myenv/lib/python3.12/site-packages/django/core/handlers/exception.py", line 55, in inner
    response = get_response(request)
               ^^^^^^^^^^^^^^^^^^^^^
  File "/home/joseph/apps/E_COMMERCE/myenv/lib/python3.12/site-packages/django/utils/deprecation.py", line 308, in __call__
    response = self.process_request(request)
               ^^^^^^^^^^^^^^^^^^^^^^^^^^^^^
  File "/home/joseph/apps/E_COMMERCE/myenv/lib/python3.12/site-packages/django/middleware/common.py", line 48, in process_request
    host = request.get_host()
           ^^^^^^^^^^^^^^^^^^
  File "/home/joseph/apps/E_COMMERCE/myenv/lib/python3.12/site-packages/django/http/request.py", line 205, in get_host
    raise DisallowedHost(msg)
django.core.exceptions.DisallowedHost: Invalid HTTP_HOST header: 'firstchoiceserver.faithhubs.org'. You may need to add 'firstchoiceserver.faithhubs.org' to ALLOWED_HOSTS.
ERROR 2026-02-10 06:51:15,996 log 1562904 124678714672832 Invalid HTTP_HOST header: 'firstchoiceserver.faithhubs.org'. You may need to add 'firstchoiceserver.faithhubs.org' to ALLOWED_HOSTS.
Traceback (most recent call last):
  File "/home/joseph/apps/E_COMMERCE/myenv/lib/python3.12/site-packages/django/core/handlers/exception.py", line 55, in inner
    response = get_response(request)
               ^^^^^^^^^^^^^^^^^^^^^
  File "/home/joseph/apps/E_COMMERCE/myenv/lib/python3.12/site-packages/django/utils/deprecation.py", line 308, in __call__
    response = self.process_request(request)
               ^^^^^^^^^^^^^^^^^^^^^^^^^^^^^
  File "/home/joseph/apps/E_COMMERCE/myenv/lib/python3.12/site-packages/django/middleware/common.py", line 48, in process_request
    host = request.get_host()
           ^^^^^^^^^^^^^^^^^^
  File "/home/joseph/apps/E_COMMERCE/myenv/lib/python3.12/site-packages/django/http/request.py", line 205, in get_host
    raise DisallowedHost(msg)
django.core.exceptions.DisallowedHost: Invalid HTTP_HOST header: 'firstchoiceserver.faithhubs.org'. You may need to add 'firstchoiceserver.faithhubs.org' to ALLOWED_HOSTS.
ERROR 2026-02-10 06:51:16,017 log 1562904 124678818494144 Invalid HTTP_HOST header: 'firstchoiceserver.faithhubs.org'. You may need to add 'firstchoiceserver.faithhubs.org' to ALLOWED_HOSTS.
Traceback (most recent call last):
  File "/home/joseph/apps/E_COMMERCE/myenv/lib/python3.12/site-packages/django/core/handlers/exception.py", line 55, in inner
    response = get_response(request)
               ^^^^^^^^^^^^^^^^^^^^^
  File "/home/joseph/apps/E_COMMERCE/myenv/lib/python3.12/site-packages/django/utils/deprecation.py", line 308, in __call__
    response = self.process_request(request)
               ^^^^^^^^^^^^^^^^^^^^^^^^^^^^^
  File "/home/joseph/apps/E_COMMERCE/myenv/lib/python3.12/site-packages/django/middleware/common.py", line 48, in process_request
    host = request.get_host()
           ^^^^^^^^^^^^^^^^^^
  File "/home/joseph/apps/E_COMMERCE/myenv/lib/python3.12/site-packages/django/http/request.py", line 205, in get_host
    raise DisallowedHost(msg)
django.core.exceptions.DisallowedHost: Invalid HTTP_HOST header: 'firstchoiceserver.faithhubs.org'. You may need to add 'firstchoiceserver.faithhubs.org' to ALLOWED_HOSTS.
ERROR 2026-02-10 06:51:16,232 log 1562904 124678818494144 Invalid HTTP_HOST header: 'firstchoiceserver.faithhubs.org'. You may need to add 'firstchoiceserver.faithhubs.org' to ALLOWED_HOSTS.
Traceback (most recent call last):
  File "/home/joseph/apps/E_COMMERCE/myenv/lib/python3.12/site-packages/django/core/handlers/exception.py", line 55, in inner
    response = get_response(request)
               ^^^^^^^^^^^^^^^^^^^^^
  File "/home/joseph/apps/E_COMMERCE/myenv/lib/python3.12/site-packages/django/utils/deprecation.py", line 308, in __call__
    response = self.process_request(request)
               ^^^^^^^^^^^^^^^^^^^^^^^^^^^^^
  File "/home/joseph/apps/E_COMMERCE/myenv/lib/python3.12/site-packages/django/middleware/common.py", line 48, in process_request
    host = request.get_host()
           ^^^^^^^^^^^^^^^^^^
  File "/home/joseph/apps/E_COMMERCE/myenv/lib/python3.12/site-packages/django/http/request.py", line 205, in get_host
    raise DisallowedHost(msg)
django.core.exceptions.DisallowedHost: Invalid HTTP_HOST header: 'firstchoiceserver.faithhubs.org'. You may need to add 'firstchoiceserver.faithhubs.org' to ALLOWED_HOSTS.
INFO 2026-02-10 06:52:02,345 autoreload 1562904 124678912610432 /home/joseph/apps/E_COMMERCE/e_commerce/settings.py changed, reloading.
INFO 2026-02-10 06:52:03,349 autoreload 1563622 123825549570176 Watching for file changes with StatReloader
INFO 2026-02-10 06:52:04,928 autoreload 1563622 123825549570176 /home/joseph/apps/E_COMMERCE/e_commerce/settings.py changed, reloading.
INFO 2026-02-10 06:52:05,982 autoreload 1563658 138775540306048 Watching for file changes with StatReloader
INFO 2026-02-10 06:52:07,639 autoreload 1563658 138775540306048 /home/joseph/apps/E_COMMERCE/e_commerce/settings.py changed, reloading.
INFO 2026-02-10 06:53:37,536 autoreload 1563884 134841318166656 Watching for file changes with StatReloader
WARNING 2026-02-10 06:53:52,801 log 1563884 134841223870144 Not Found: /api/payments/webhook//api/admin/categories/
WARNING 2026-02-10 06:53:53,004 log 1563884 134841223870144 Not Found: /api/payments/webhook//api/admin/categories/
WARNING 2026-02-10 06:53:55,093 log 1563884 134841223870144 Not Found: /api/payments/webhook//api/admin/categories/
WARNING 2026-02-10 06:53:55,109 log 1563884 134841223870144 Not Found: /api/payments/webhook//api/products/all/
WARNING 2026-02-10 06:53:55,335 log 1563884 134841215477440 Not Found: /api/payments/webhook//api/admin/categories/
WARNING 2026-02-10 06:53:55,339 log 1563884 134841223870144 Not Found: /api/payments/webhook//api/products/all/
WARNING 2026-02-10 06:53:58,050 log 1563884 134841215477440 Not Found: /api/payments/webhook//api/products/all/
WARNING 2026-02-10 06:53:58,081 log 1563884 134841223870144 Not Found: /api/payments/webhook//api/admin/categories/
WARNING 2026-02-10 06:53:58,087 log 1563884 134841207084736 Not Found: /api/payments/webhook//api/cart/items/
WARNING 2026-02-10 06:53:58,251 log 1563884 134841207084736 Not Found: /api/payments/webhook//api/products/all/
WARNING 2026-02-10 06:53:58,301 log 1563884 134841207084736 Not Found: /api/payments/webhook//api/admin/categories/
INFO 2026-02-10 06:55:17,763 autoreload 1563884 134841318166656 /home/joseph/apps/E_COMMERCE/e_commerce/settings.py changed, reloading.
INFO 2026-02-10 06:55:18,859 autoreload 1564089 137950405877888 Watching for file changes with StatReloader
WARNING 2026-02-10 06:55:40,583 log 1564089 137950295742144 Not Found: /api/payments/webhook//api/products/all/
WARNING 2026-02-10 06:55:40,585 log 1564089 137950304134848 Not Found: /api/payments/webhook//api/cart/items/
WARNING 2026-02-10 06:55:40,594 log 1564089 137950312527552 Not Found: /api/payments/webhook//api/admin/categories/
WARNING 2026-02-10 06:55:40,808 log 1564089 137950312527552 Not Found: /api/payments/webhook//api/products/all/
WARNING 2026-02-10 06:55:40,822 log 1564089 137950304134848 Not Found: /api/payments/webhook//api/admin/categories/
WARNING 2026-02-10 06:58:51,097 log 1564089 137950312527552 Unauthorized: /api/admin/categories/
WARNING 2026-02-10 06:58:51,099 log 1564089 137950304134848 Unauthorized: /api/products/all/
WARNING 2026-02-10 06:58:51,101 log 1564089 137950295742144 Unauthorized: /api/cart/items/
WARNING 2026-02-10 06:58:51,266 log 1564089 137950295742144 Unauthorized: /api/admin/categories/
WARNING 2026-02-10 06:58:51,284 log 1564089 137950295742144 Unauthorized: /api/products/all/
WARNING 2026-02-10 06:58:51,304 log 1564089 137950295742144 Unauthorized: /api/cart/items/
WARNING 2026-02-10 06:59:40,303 log 1564089 137950312527552 Unauthorized: /api/cart/items/
INFO 2026-02-10 07:00:11,160 views 1564089 137950295742144 Checkout initiated by user buyertwo@gmail.com
INFO 2026-02-10 07:00:11,940 views 1564089 137950295742144 Received delivery data: {}
INFO 2026-02-10 07:00:11,940 views 1564089 137950295742144 Full request data: {'delivery_address': 'Bamenda', 'delivery_city': 'Bamenda', 'delivery_state': '', 'delivery_postal_code': '', 'delivery_phone': '+237651185719', 'delivery_notes': 'jk', 'payment_method': 'fapshi', 'mtn_phone': '651185719', 'user': {'email': 'buyertwo@gmail.com', 'id': 64, 'user_id': 64}, 'email': 'buyertwo@gmail.com', 'user_id': 64, 'buyer_email': 'buyertwo@gmail.com', 'buyer_id': 64}
INFO 2026-02-10 07:00:11,940 views 1564089 137950295742144 Using direct delivery data: {'delivery_address': 'Bamenda', 'delivery_phone': '+237651185719', 'delivery_city': 'Bamenda', 'delivery_state': '', 'delivery_postal_code': '', 'delivery_notes': 'jk'}
INFO 2026-02-10 07:00:12,613 payment_service 1564089 137950295742144 FapshiPaymentService initialized:
INFO 2026-02-10 07:00:12,614 payment_service 1564089 137950295742144   Base URL: https://sandbox.fapshi.com
INFO 2026-02-10 07:00:12,614 payment_service 1564089 137950295742144   API User: 25917560-52cc-49f2-9f4e-59661b816b12
INFO 2026-02-10 07:00:12,614 payment_service 1564089 137950295742144   API Key set: Yes
INFO 2026-02-10 07:00:12,614 payment_service 1564089 137950295742144 Initiating payment link request:
INFO 2026-02-10 07:00:12,614 payment_service 1564089 137950295742144   URL: https://sandbox.fapshi.com/initiate-pay
INFO 2026-02-10 07:00:12,614 payment_service 1564089 137950295742144   Payload: {
  "amount": 89898,
  "email": "buyertwo@gmail.com",
  "userId": "64",
  "externalId": "d7554eb0-03bd-438f-a7af-ff85932f3501",
  "message": "Payment for checkout d7554eb0-03bd-438f-a7af-ff85932f3501",
  "phone": "+237651185719"
}
INFO 2026-02-10 07:00:12,614 payment_service 1564089 137950295742144   Headers: {'Content-Type': 'application/json', 'apikey': 'FAK_TEST_a0fcb2cb788bad459442', 'apiuser': '25917560-52cc-49f2-9f4e-59661b816b12'}
INFO 2026-02-10 07:00:27,541 payment_service 1564089 137950295742144 Response status code: 200
INFO 2026-02-10 07:00:27,541 payment_service 1564089 137950295742144 Response headers: {'content-type': 'application/json; charset=utf-8', 'vary': 'Accept-Encoding', 'access-control-allow-origin': '*', 'content-security-policy': "default-src 'self';base-uri 'self';font-src 'self' https: data:;form-action 'self';frame-ancestors 'self';img-src 'self' data:;object-src 'none';script-src 'self';script-src-attr 'none';style-src 'self' https: 'unsafe-inline';upgrade-insecure-requests", 'cross-origin-opener-policy': 'same-origin', 'cross-origin-resource-policy': 'same-origin', 'origin-agent-cluster': '?1', 'referrer-policy': 'no-referrer', 'strict-transport-security': 'max-age=31536000; includeSubDomains', 'x-content-type-options': 'nosniff', 'x-dns-prefetch-control': 'off', 'x-download-options': 'noopen', 'x-frame-options': 'SAMEORIGIN', 'x-permitted-cross-domain-policies': 'none', 'x-xss-protection': '0', 'access-control-allow-headers': 'Origin, Content-Type, Accept, apiUser, apiKey', 'etag': 'W/"ad-L4FS/rwMPeMXpq4Y2jjnxUeo6qI"', 'content-encoding': 'gzip', 'x-cloud-trace-context': 'cf785c86718bb26ec8b333ed42ab19c4;o=1', 'date': 'Tue, 10 Feb 2026 07:00:27 GMT', 'server': 'Google Frontend', 'Transfer-Encoding': 'chunked'}
INFO 2026-02-10 07:00:27,541 payment_service 1564089 137950295742144 Response data: {
  "message": "Request successful",
  "link": "https://checkout.fapshi.com/test/payment/698ad78bb14e885fb3846da2",
  "transId": "9qmc6QqMTC",
  "dateInitiated": "2026-02-10T07:00:27.223Z"
}
INFO 2026-02-10 07:00:27,543 views 1564089 137950295742144 Payment initiated for checkout d7554eb0-03bd-438f-a7af-ff85932f3501
INFO 2026-02-10 07:00:43,051 payment_service 1564089 137950295742144 FapshiPaymentService initialized:
INFO 2026-02-10 07:00:43,052 payment_service 1564089 137950295742144   Base URL: https://sandbox.fapshi.com
INFO 2026-02-10 07:00:43,052 payment_service 1564089 137950295742144   API User: 25917560-52cc-49f2-9f4e-59661b816b12
INFO 2026-02-10 07:00:43,052 payment_service 1564089 137950295742144   API Key set: Yes
ERROR 2026-02-10 07:00:45,346 log 1564089 137950295742144 Internal Server Error: /api/payments/webhook/
WARNING 2026-02-10 07:01:20,741 log 1564089 137950295742144 Not Found: /api/payments/webhook//api/cart/items/
WARNING 2026-02-10 07:01:22,581 log 1564089 137950295742144 Not Found: /api/payments/webhook//api/admin/categories/
WARNING 2026-02-10 07:01:22,598 log 1564089 137950312527552 Not Found: /api/payments/webhook//api/products/all/
WARNING 2026-02-10 07:01:22,774 log 1564089 137950312527552 Not Found: /api/payments/webhook//api/admin/categories/
WARNING 2026-02-10 07:01:22,863 log 1564089 137950312527552 Not Found: /api/payments/webhook//api/products/all/
INFO 2026-02-10 07:02:12,720 views 1564089 137950312527552 Checkout initiated by user buyertwo@gmail.com
INFO 2026-02-10 07:02:13,056 views 1564089 137950312527552 Received delivery data: {}
INFO 2026-02-10 07:02:13,057 views 1564089 137950312527552 Full request data: {'delivery_address': 'Bamenda', 'delivery_city': 'Bamenda', 'delivery_state': '', 'delivery_postal_code': '', 'delivery_phone': '+237651185719', 'delivery_notes': '', 'payment_method': 'fapshi', 'mtn_phone': '651185719', 'user': {'email': 'buyertwo@gmail.com', 'id': 64, 'user_id': 64}, 'email': 'buyertwo@gmail.com', 'user_id': 64, 'buyer_email': 'buyertwo@gmail.com', 'buyer_id': 64}
INFO 2026-02-10 07:02:13,058 views 1564089 137950312527552 Using direct delivery data: {'delivery_address': 'Bamenda', 'delivery_phone': '+237651185719', 'delivery_city': 'Bamenda', 'delivery_state': '', 'delivery_postal_code': '', 'delivery_notes': ''}
INFO 2026-02-10 07:02:13,739 payment_service 1564089 137950312527552 FapshiPaymentService initialized:
INFO 2026-02-10 07:02:13,740 payment_service 1564089 137950312527552   Base URL: https://sandbox.fapshi.com
INFO 2026-02-10 07:02:13,740 payment_service 1564089 137950312527552   API User: 25917560-52cc-49f2-9f4e-59661b816b12
INFO 2026-02-10 07:02:13,740 payment_service 1564089 137950312527552   API Key set: Yes
INFO 2026-02-10 07:02:13,740 payment_service 1564089 137950312527552 Initiating payment link request:
INFO 2026-02-10 07:02:13,740 payment_service 1564089 137950312527552   URL: https://sandbox.fapshi.com/initiate-pay
INFO 2026-02-10 07:02:13,741 payment_service 1564089 137950312527552   Payload: {
  "amount": 89898,
  "email": "buyertwo@gmail.com",
  "userId": "64",
  "externalId": "e24e0d20-1752-45c6-89e8-2e43eb9a5b30",
  "message": "Payment for checkout e24e0d20-1752-45c6-89e8-2e43eb9a5b30",
  "phone": "+237651185719"
}
INFO 2026-02-10 07:02:13,741 payment_service 1564089 137950312527552   Headers: {'Content-Type': 'application/json', 'apikey': 'FAK_TEST_a0fcb2cb788bad459442', 'apiuser': '25917560-52cc-49f2-9f4e-59661b816b12'}
INFO 2026-02-10 07:02:14,169 payment_service 1564089 137950312527552 Response status code: 200
INFO 2026-02-10 07:02:14,169 payment_service 1564089 137950312527552 Response headers: {'content-type': 'application/json; charset=utf-8', 'vary': 'Accept-Encoding', 'access-control-allow-origin': '*', 'content-security-policy': "default-src 'self';base-uri 'self';font-src 'self' https: data:;form-action 'self';frame-ancestors 'self';img-src 'self' data:;object-src 'none';script-src 'self';script-src-attr 'none';style-src 'self' https: 'unsafe-inline';upgrade-insecure-requests", 'cross-origin-opener-policy': 'same-origin', 'cross-origin-resource-policy': 'same-origin', 'origin-agent-cluster': '?1', 'referrer-policy': 'no-referrer', 'strict-transport-security': 'max-age=31536000; includeSubDomains', 'x-content-type-options': 'nosniff', 'x-dns-prefetch-control': 'off', 'x-download-options': 'noopen', 'x-frame-options': 'SAMEORIGIN', 'x-permitted-cross-domain-policies': 'none', 'x-xss-protection': '0', 'access-control-allow-headers': 'Origin, Content-Type, Accept, apiUser, apiKey', 'etag': 'W/"ad-nJnrn5PChezjNMfEyewdOQTI8/U"', 'content-encoding': 'gzip', 'x-cloud-trace-context': 'cb596c97f8b97afbbd159ec623e66aba;o=1', 'date': 'Tue, 10 Feb 2026 07:02:14 GMT', 'server': 'Google Frontend', 'Transfer-Encoding': 'chunked'}
INFO 2026-02-10 07:02:14,170 payment_service 1564089 137950312527552 Response data: {
  "message": "Request successful",
  "link": "https://checkout.fapshi.com/test/payment/698ad7f5b14e885fb3846dac",
  "transId": "VsNvgeyRAw",
  "dateInitiated": "2026-02-10T07:02:13.935Z"
}
INFO 2026-02-10 07:02:14,172 views 1564089 137950312527552 Payment initiated for checkout e24e0d20-1752-45c6-89e8-2e43eb9a5b30
INFO 2026-02-10 07:02:28,419 payment_service 1564089 137950312527552 FapshiPaymentService initialized:
INFO 2026-02-10 07:02:28,420 payment_service 1564089 137950312527552   Base URL: https://sandbox.fapshi.com
INFO 2026-02-10 07:02:28,420 payment_service 1564089 137950312527552   API User: 25917560-52cc-49f2-9f4e-59661b816b12
INFO 2026-02-10 07:02:28,420 payment_service 1564089 137950312527552   API Key set: Yes
ERROR 2026-02-10 07:02:30,643 log 1564089 137950312527552 Internal Server Error: /api/payments/webhook/
WARNING 2026-02-10 07:05:27,808 log 1564089 137950312527552 Not Found: /api/payments/webhook//api/cart/items/
WARNING 2026-02-10 07:05:31,335 log 1564089 137950312527552 Not Found: /api/payments/webhook//api/orders/
WARNING 2026-02-10 07:05:31,637 log 1564089 137950312527552 Not Found: /api/payments/webhook//api/orders/
WARNING 2026-02-10 07:05:33,734 log 1564089 137950312527552 Not Found: /api/payments/webhook//api/orders/
WARNING 2026-02-10 07:05:33,950 log 1564089 137950312527552 Not Found: /api/payments/webhook//api/orders/
WARNING 2026-02-10 07:05:42,889 log 1564089 137950312527552 Not Found: /api/payments/webhook//api/reports/my/
WARNING 2026-02-10 07:05:43,091 log 1564089 137950312527552 Not Found: /api/payments/webhook//api/reports/my/
WARNING 2026-02-10 07:06:05,074 log 1564089 137950312527552 Not Found: /api/payments/webhook//api/profile/
WARNING 2026-02-10 07:06:05,275 log 1564089 137950312527552 Not Found: /api/payments/webhook//api/profile/
WARNING 2026-02-10 07:06:08,341 log 1564089 137950312527552 Not Found: /api/payments/webhook//api/reports/my/
WARNING 2026-02-10 07:06:08,595 log 1564089 137950312527552 Not Found: /api/payments/webhook//api/reports/my/
WARNING 2026-02-10 07:06:09,443 log 1564089 137950312527552 Not Found: /api/payments/webhook//api/profile/
WARNING 2026-02-10 07:06:09,657 log 1564089 137950312527552 Not Found: /api/payments/webhook//api/profile/
INFO 2026-02-10 07:07:36,796 payment_service 1564089 137950312527552 FapshiPaymentService initialized:
INFO 2026-02-10 07:07:36,797 payment_service 1564089 137950312527552   Base URL: https://sandbox.fapshi.com
INFO 2026-02-10 07:07:36,797 payment_service 1564089 137950312527552   API User: 25917560-52cc-49f2-9f4e-59661b816b12
INFO 2026-02-10 07:07:36,797 payment_service 1564089 137950312527552   API Key set: Yes
INFO 2026-02-10 07:08:07,357 autoreload 1564089 137950405877888 /home/joseph/apps/E_COMMERCE/api/payment_service.py changed, reloading.
INFO 2026-02-10 07:08:08,266 autoreload 1566186 131862682083456 Watching for file changes with StatReloader
INFO 2026-02-10 07:08:29,453 payment_service 1566186 131862588552896 FapshiPaymentService initialized:
INFO 2026-02-10 07:08:29,453 payment_service 1566186 131862588552896   Base URL: https://sandbox.fapshi.com
INFO 2026-02-10 07:08:29,453 payment_service 1566186 131862588552896   API User: 25917560-52cc-49f2-9f4e-59661b816b12
INFO 2026-02-10 07:08:29,453 payment_service 1566186 131862588552896   API Key set: Yes
ERROR 2026-02-10 07:08:31,334 log 1566186 131862588552896 Internal Server Error: /api/payments/webhook/
INFO 2026-02-10 07:09:07,459 autoreload 1566186 131862682083456 /home/joseph/apps/E_COMMERCE/api/views.py changed, reloading.
INFO 2026-02-10 07:09:08,326 autoreload 1566435 132898109685888 Watching for file changes with StatReloader
INFO 2026-02-10 07:09:17,212 payment_service 1566435 132898015409856 FapshiPaymentService initialized:
INFO 2026-02-10 07:09:17,212 payment_service 1566435 132898015409856   Base URL: https://sandbox.fapshi.com
INFO 2026-02-10 07:09:17,213 payment_service 1566435 132898015409856   API User: 25917560-52cc-49f2-9f4e-59661b816b12
INFO 2026-02-10 07:09:17,213 payment_service 1566435 132898015409856   API Key set: Yes
INFO 2026-02-10 07:09:17,213 views 1566435 132898015409856 Processing webhook for transaction: VsNvgeyRAw
ERROR 2026-02-10 07:09:19,003 views 1566435 132898015409856 Webhook error: 'NoneType' object has no attribute 'payment_status'
ERROR 2026-02-10 07:09:19,006 views 1566435 132898015409856 Traceback: Traceback (most recent call last):
  File "/home/joseph/apps/E_COMMERCE/api/views.py", line 1181, in payment_webhook
    result = payment_service.update_payment_status(trans_id)
             ^^^^^^^^^^^^^^^^^^^^^^^^^^^^^^^^^^^^^^^^^^^^^^^
  File "/home/joseph/apps/E_COMMERCE/api/payment_service.py", line 280, in update_payment_status
    order.payment_status = 'paid'
    ^^^^^^^^^^^^^^^^^^^^
AttributeError: 'NoneType' object has no attribute 'payment_status'

ERROR 2026-02-10 07:09:19,008 log 1566435 132898015409856 Internal Server Error: /api/payments/webhook/
INFO 2026-02-10 07:09:32,740 autoreload 1566435 132898109685888 /home/joseph/apps/E_COMMERCE/api/payment_service.py changed, reloading.
INFO 2026-02-10 07:09:33,620 autoreload 1566606 140382524502144 Watching for file changes with StatReloader
INFO 2026-02-10 07:09:37,724 payment_service 1566606 140382430033600 FapshiPaymentService initialized:
INFO 2026-02-10 07:09:37,724 payment_service 1566606 140382430033600   Base URL: https://sandbox.fapshi.com
INFO 2026-02-10 07:09:37,724 payment_service 1566606 140382430033600   API User: 25917560-52cc-49f2-9f4e-59661b816b12
INFO 2026-02-10 07:09:37,724 payment_service 1566606 140382430033600   API Key set: Yes
INFO 2026-02-10 07:09:37,724 views 1566606 140382430033600 Processing webhook for transaction: VsNvgeyRAw
INFO 2026-02-10 07:09:39,469 payment_service 1566606 140382430033600 No order exists for payment 59 yet
INFO 2026-02-10 07:09:40,643 views 1566606 140382430033600 Cart cleared for user buyertwo@gmail.com after successful payment
INFO 2026-02-10 07:09:40,643 views 1566606 140382430033600 Order 49 created successfully from payment 59
INFO 2026-02-10 07:09:40,644 views 1566606 140382430033600 Order created for user buyertwo@gmail.com with amount 89898.00
WARNING 2026-02-10 07:10:13,049 log 1566606 140382430033600 Not Found: /api/payments/webhook//api/reports/my/
WARNING 2026-02-10 07:10:13,243 log 1566606 140382430033600 Not Found: /api/payments/webhook//api/reports/my/
WARNING 2026-02-10 07:10:17,099 log 1566606 140382430033600 Not Found: /api/payments/webhook//api/profile/
WARNING 2026-02-10 07:10:17,303 log 1566606 140382430033600 Not Found: /api/payments/webhook//api/profile/
WARNING 2026-02-10 07:10:43,961 log 1566606 140382430033600 Not Found: /api/payments/webhook//api/orders/
WARNING 2026-02-10 07:10:44,185 log 1566606 140382430033600 Not Found: /api/payments/webhook//api/orders/
INFO 2026-02-10 07:25:49,913 autoreload 1566606 140382524502144 /home/joseph/apps/E_COMMERCE/api/views.py changed, reloading.
INFO 2026-02-10 07:25:52,373 autoreload 1568035 135612441698432 Watching for file changes with StatReloader
INFO 2026-02-10 07:26:11,902 autoreload 1568035 135612441698432 /home/joseph/apps/E_COMMERCE/api/views.py changed, reloading.
INFO 2026-02-10 07:26:12,766 autoreload 1568244 139172491305088 Watching for file changes with StatReloader
INFO 2026-02-10 07:26:42,002 autoreload 1568244 139172491305088 /home/joseph/apps/E_COMMERCE/api/urls.py changed, reloading.
INFO 2026-02-10 07:26:42,829 autoreload 1568311 124057494466688 Watching for file changes with StatReloader
INFO 2026-02-10 08:20:48,761 views 1568311 124057159718592 Optimized checkout initiated by user buyertwo@gmail.com
INFO 2026-02-10 08:20:49,104 payment_service 1568311 124057159718592 FapshiPaymentService initialized:
INFO 2026-02-10 08:20:49,105 payment_service 1568311 124057159718592   Base URL: https://sandbox.fapshi.com
INFO 2026-02-10 08:20:49,105 payment_service 1568311 124057159718592   API User: 25917560-52cc-49f2-9f4e-59661b816b12
INFO 2026-02-10 08:20:49,105 payment_service 1568311 124057159718592   API Key set: Yes
INFO 2026-02-10 08:20:49,105 payment_service 1568311 124057159718592 Initiating payment link request:
INFO 2026-02-10 08:20:49,105 payment_service 1568311 124057159718592   URL: https://sandbox.fapshi.com/initiate-pay
INFO 2026-02-10 08:20:49,105 payment_service 1568311 124057159718592   Payload: {
  "amount": 7000,
  "email": "buyertwo@gmail.com",
  "userId": "64",
  "externalId": "2e628bfd-12e4-4a73-8ef2-a2033301a13f",
  "message": "Payment for checkout 2e628bfd-12e4-4a73-8ef2-a2033301a13f",
  "phone": "+237651185719"
}
INFO 2026-02-10 08:20:49,105 payment_service 1568311 124057159718592   Headers: {'Content-Type': 'application/json', 'apikey': 'FAK_TEST_a0fcb2cb788bad459442', 'apiuser': '25917560-52cc-49f2-9f4e-59661b816b12'}
INFO 2026-02-10 08:21:02,493 payment_service 1568311 124057159718592 Response status code: 200
INFO 2026-02-10 08:21:02,493 payment_service 1568311 124057159718592 Response headers: {'content-type': 'application/json; charset=utf-8', 'vary': 'Accept-Encoding', 'access-control-allow-origin': '*', 'content-security-policy': "default-src 'self';base-uri 'self';font-src 'self' https: data:;form-action 'self';frame-ancestors 'self';img-src 'self' data:;object-src 'none';script-src 'self';script-src-attr 'none';style-src 'self' https: 'unsafe-inline';upgrade-insecure-requests", 'cross-origin-opener-policy': 'same-origin', 'cross-origin-resource-policy': 'same-origin', 'origin-agent-cluster': '?1', 'referrer-policy': 'no-referrer', 'strict-transport-security': 'max-age=31536000; includeSubDomains', 'x-content-type-options': 'nosniff', 'x-dns-prefetch-control': 'off', 'x-download-options': 'noopen', 'x-frame-options': 'SAMEORIGIN', 'x-permitted-cross-domain-policies': 'none', 'x-xss-protection': '0', 'access-control-allow-headers': 'Origin, Content-Type, Accept, apiUser, apiKey', 'etag': 'W/"ad-X3tAvMiJint7xAEW9KmAODVqFcM"', 'content-encoding': 'gzip', 'x-cloud-trace-context': '8b50190395a7928ad7ccc0a7326ab9db;o=1', 'date': 'Tue, 10 Feb 2026 08:21:02 GMT', 'server': 'Google Frontend', 'Transfer-Encoding': 'chunked'}
INFO 2026-02-10 08:21:02,494 payment_service 1568311 124057159718592 Response data: {
  "message": "Request successful",
  "link": "https://checkout.fapshi.com/test/payment/698aea6e87a9c03d1fd87188",
  "transId": "nWaVym3INd",
  "dateInitiated": "2026-02-10T08:21:02.224Z"
}
INFO 2026-02-10 08:21:02,515 views 1568311 124057159718592 Payment initiated for optimized checkout 2e628bfd-12e4-4a73-8ef2-a2033301a13f
INFO 2026-02-10 08:21:20,597 payment_service 1568311 124057159718592 FapshiPaymentService initialized:
INFO 2026-02-10 08:21:20,598 payment_service 1568311 124057159718592   Base URL: https://sandbox.fapshi.com
INFO 2026-02-10 08:21:20,598 payment_service 1568311 124057159718592   API User: 25917560-52cc-49f2-9f4e-59661b816b12
INFO 2026-02-10 08:21:20,598 payment_service 1568311 124057159718592   API Key set: Yes
INFO 2026-02-10 08:21:20,598 views 1568311 124057159718592 Processing webhook for transaction: nWaVym3INd
INFO 2026-02-10 08:21:22,308 payment_service 1568311 124057159718592 No order exists for payment 60 yet
INFO 2026-02-10 08:21:23,548 views 1568311 124057159718592 Cart cleared for user buyertwo@gmail.com after successful payment
INFO 2026-02-10 08:21:23,548 views 1568311 124057159718592 Order 50 created successfully from payment 60
INFO 2026-02-10 08:21:23,548 views 1568311 124057159718592 Order created for user buyertwo@gmail.com with amount 7000.00
INFO 2026-02-10 08:42:00,267 views 1568311 124057159718592 Optimized checkout initiated by user buyertwo@gmail.com
INFO 2026-02-10 08:42:00,612 payment_service 1568311 124057159718592 FapshiPaymentService initialized:
INFO 2026-02-10 08:42:00,612 payment_service 1568311 124057159718592   Base URL: https://sandbox.fapshi.com
INFO 2026-02-10 08:42:00,612 payment_service 1568311 124057159718592   API User: 25917560-52cc-49f2-9f4e-59661b816b12
INFO 2026-02-10 08:42:00,613 payment_service 1568311 124057159718592   API Key set: Yes
INFO 2026-02-10 08:42:00,613 payment_service 1568311 124057159718592 Initiating payment link request:
INFO 2026-02-10 08:42:00,613 payment_service 1568311 124057159718592   URL: https://sandbox.fapshi.com/initiate-pay
INFO 2026-02-10 08:42:00,613 payment_service 1568311 124057159718592   Payload: {
  "amount": 34000,
  "email": "buyertwo@gmail.com",
  "userId": "64",
  "externalId": "e33f4356-57d1-403e-9fa2-1a4e5aa21611",
  "message": "Payment for checkout e33f4356-57d1-403e-9fa2-1a4e5aa21611",
  "phone": "+237651185719"
}
INFO 2026-02-10 08:42:00,614 payment_service 1568311 124057159718592   Headers: {'Content-Type': 'application/json', 'apikey': 'FAK_TEST_a0fcb2cb788bad459442', 'apiuser': '25917560-52cc-49f2-9f4e-59661b816b12'}
INFO 2026-02-10 08:42:04,908 payment_service 1568311 124057159718592 Response status code: 200
INFO 2026-02-10 08:42:04,910 payment_service 1568311 124057159718592 Response headers: {'content-type': 'application/json; charset=utf-8', 'vary': 'Accept-Encoding', 'access-control-allow-origin': '*', 'content-security-policy': "default-src 'self';base-uri 'self';font-src 'self' https: data:;form-action 'self';frame-ancestors 'self';img-src 'self' data:;object-src 'none';script-src 'self';script-src-attr 'none';style-src 'self' https: 'unsafe-inline';upgrade-insecure-requests", 'cross-origin-opener-policy': 'same-origin', 'cross-origin-resource-policy': 'same-origin', 'origin-agent-cluster': '?1', 'referrer-policy': 'no-referrer', 'strict-transport-security': 'max-age=31536000; includeSubDomains', 'x-content-type-options': 'nosniff', 'x-dns-prefetch-control': 'off', 'x-download-options': 'noopen', 'x-frame-options': 'SAMEORIGIN', 'x-permitted-cross-domain-policies': 'none', 'x-xss-protection': '0', 'access-control-allow-headers': 'Origin, Content-Type, Accept, apiUser, apiKey', 'etag': 'W/"ad-fXU+yg7ePQTHYotms+ZortOR2Xo"', 'content-encoding': 'gzip', 'x-cloud-trace-context': 'bb36a2d1503b5ae244b346921b5a33d0;o=1', 'date': 'Tue, 10 Feb 2026 08:42:04 GMT', 'server': 'Google Frontend', 'Transfer-Encoding': 'chunked'}
INFO 2026-02-10 08:42:04,910 payment_service 1568311 124057159718592 Response data: {
  "message": "Request successful",
  "link": "https://checkout.fapshi.com/test/payment/698aef5c19b395f18431c3c2",
  "transId": "axAuxCGLWB",
  "dateInitiated": "2026-02-10T08:42:04.653Z"
}
INFO 2026-02-10 08:42:04,913 views 1568311 124057159718592 Payment initiated for optimized checkout e33f4356-57d1-403e-9fa2-1a4e5aa21611
INFO 2026-02-10 09:21:35,382 views 1568311 124057176504000 Optimized checkout initiated by user buyertwo@gmail.com
INFO 2026-02-10 09:21:35,726 payment_service 1568311 124057176504000 FapshiPaymentService initialized:
INFO 2026-02-10 09:21:35,726 payment_service 1568311 124057176504000   Base URL: https://sandbox.fapshi.com
INFO 2026-02-10 09:21:35,726 payment_service 1568311 124057176504000   API User: 25917560-52cc-49f2-9f4e-59661b816b12
INFO 2026-02-10 09:21:35,726 payment_service 1568311 124057176504000   API Key set: Yes
INFO 2026-02-10 09:21:35,726 payment_service 1568311 124057176504000 Initiating payment link request:
INFO 2026-02-10 09:21:35,726 payment_service 1568311 124057176504000   URL: https://sandbox.fapshi.com/initiate-pay
INFO 2026-02-10 09:21:35,727 payment_service 1568311 124057176504000   Payload: {
  "amount": 89000,
  "email": "buyertwo@gmail.com",
  "userId": "64",
  "externalId": "47b38177-b477-4f65-abcd-23b2131328ab",
  "message": "Payment for checkout 47b38177-b477-4f65-abcd-23b2131328ab",
  "phone": "+237651185719"
}
INFO 2026-02-10 09:21:35,727 payment_service 1568311 124057176504000   Headers: {'Content-Type': 'application/json', 'apikey': 'FAK_TEST_a0fcb2cb788bad459442', 'apiuser': '25917560-52cc-49f2-9f4e-59661b816b12'}
INFO 2026-02-10 09:22:44,745 payment_service 1568311 124057176504000 Response status code: 200
INFO 2026-02-10 09:22:44,746 payment_service 1568311 124057176504000 Response headers: {'content-type': 'application/json; charset=utf-8', 'vary': 'Accept-Encoding', 'access-control-allow-origin': '*', 'content-security-policy': "default-src 'self';base-uri 'self';font-src 'self' https: data:;form-action 'self';frame-ancestors 'self';img-src 'self' data:;object-src 'none';script-src 'self';script-src-attr 'none';style-src 'self' https: 'unsafe-inline';upgrade-insecure-requests", 'cross-origin-opener-policy': 'same-origin', 'cross-origin-resource-policy': 'same-origin', 'origin-agent-cluster': '?1', 'referrer-policy': 'no-referrer', 'strict-transport-security': 'max-age=31536000; includeSubDomains', 'x-content-type-options': 'nosniff', 'x-dns-prefetch-control': 'off', 'x-download-options': 'noopen', 'x-frame-options': 'SAMEORIGIN', 'x-permitted-cross-domain-policies': 'none', 'x-xss-protection': '0', 'access-control-allow-headers': 'Origin, Content-Type, Accept, apiUser, apiKey', 'etag': 'W/"ad-i37emxcDgq2fh3s+8+dG6fdpZN8"', 'content-encoding': 'gzip', 'x-cloud-trace-context': 'a1a0a276756b4c390405d4ae67ce62f2;o=1', 'date': 'Tue, 10 Feb 2026 09:22:44 GMT', 'server': 'Google Frontend', 'Transfer-Encoding': 'chunked'}
INFO 2026-02-10 09:22:44,746 payment_service 1568311 124057176504000 Response data: {
  "message": "Request successful",
  "link": "https://checkout.fapshi.com/test/payment/698af8e4c5dea415cc86524e",
  "transId": "aBU06xjeje",
  "dateInitiated": "2026-02-10T09:22:44.499Z"
}
INFO 2026-02-10 09:22:44,748 views 1568311 124057176504000 Payment initiated for optimized checkout 47b38177-b477-4f65-abcd-23b2131328ab
INFO 2026-02-10 09:24:41,874 views 1568311 124057176504000 Optimized checkout initiated by user buyertwo@gmail.com
INFO 2026-02-10 09:24:42,566 payment_service 1568311 124057176504000 FapshiPaymentService initialized:
INFO 2026-02-10 09:24:42,566 payment_service 1568311 124057176504000   Base URL: https://sandbox.fapshi.com
INFO 2026-02-10 09:24:42,566 payment_service 1568311 124057176504000   API User: 25917560-52cc-49f2-9f4e-59661b816b12
INFO 2026-02-10 09:24:42,566 payment_service 1568311 124057176504000   API Key set: Yes
INFO 2026-02-10 09:24:42,567 payment_service 1568311 124057176504000 Initiating payment link request:
INFO 2026-02-10 09:24:42,567 payment_service 1568311 124057176504000   URL: https://sandbox.fapshi.com/initiate-pay
INFO 2026-02-10 09:24:42,567 payment_service 1568311 124057176504000   Payload: {
  "amount": 85000,
  "email": "buyertwo@gmail.com",
  "userId": "64",
  "externalId": "d20fb810-fe62-4492-9c1d-b85c2dec43f7",
  "message": "Payment for checkout d20fb810-fe62-4492-9c1d-b85c2dec43f7",
  "phone": "+237651185719"
}
INFO 2026-02-10 09:24:42,567 payment_service 1568311 124057176504000   Headers: {'Content-Type': 'application/json', 'apikey': 'FAK_TEST_a0fcb2cb788bad459442', 'apiuser': '25917560-52cc-49f2-9f4e-59661b816b12'}
INFO 2026-02-10 09:24:43,023 payment_service 1568311 124057176504000 Response status code: 200
INFO 2026-02-10 09:24:43,023 payment_service 1568311 124057176504000 Response headers: {'content-type': 'application/json; charset=utf-8', 'vary': 'Accept-Encoding', 'access-control-allow-origin': '*', 'content-security-policy': "default-src 'self';base-uri 'self';font-src 'self' https: data:;form-action 'self';frame-ancestors 'self';img-src 'self' data:;object-src 'none';script-src 'self';script-src-attr 'none';style-src 'self' https: 'unsafe-inline';upgrade-insecure-requests", 'cross-origin-opener-policy': 'same-origin', 'cross-origin-resource-policy': 'same-origin', 'origin-agent-cluster': '?1', 'referrer-policy': 'no-referrer', 'strict-transport-security': 'max-age=31536000; includeSubDomains', 'x-content-type-options': 'nosniff', 'x-dns-prefetch-control': 'off', 'x-download-options': 'noopen', 'x-frame-options': 'SAMEORIGIN', 'x-permitted-cross-domain-policies': 'none', 'x-xss-protection': '0', 'access-control-allow-headers': 'Origin, Content-Type, Accept, apiUser, apiKey', 'etag': 'W/"ad-D9qImN+pWTIu8JjkXrTlQNEt2cU"', 'content-encoding': 'gzip', 'x-cloud-trace-context': 'f05ee79d15811fdbb3bf710a0a4e17a3;o=1', 'date': 'Tue, 10 Feb 2026 09:24:42 GMT', 'server': 'Google Frontend', 'Transfer-Encoding': 'chunked'}
INFO 2026-02-10 09:24:43,023 payment_service 1568311 124057176504000 Response data: {
  "message": "Request successful",
  "link": "https://checkout.fapshi.com/test/payment/698af95ac5dea415cc865251",
  "transId": "XtAutQHd6s",
  "dateInitiated": "2026-02-10T09:24:42.773Z"
}
INFO 2026-02-10 09:24:43,025 views 1568311 124057176504000 Payment initiated for optimized checkout d20fb810-fe62-4492-9c1d-b85c2dec43f7
INFO 2026-02-10 09:24:59,222 payment_service 1568311 124057176504000 FapshiPaymentService initialized:
INFO 2026-02-10 09:24:59,222 payment_service 1568311 124057176504000   Base URL: https://sandbox.fapshi.com
INFO 2026-02-10 09:24:59,222 payment_service 1568311 124057176504000   API User: 25917560-52cc-49f2-9f4e-59661b816b12
INFO 2026-02-10 09:24:59,223 payment_service 1568311 124057176504000   API Key set: Yes
INFO 2026-02-10 09:24:59,223 views 1568311 124057176504000 Processing webhook for transaction: XtAutQHd6s
INFO 2026-02-10 09:25:01,011 payment_service 1568311 124057176504000 No order exists for payment 63 yet
INFO 2026-02-10 09:26:23,658 views 1568311 124057176504000 Optimized checkout initiated by user buyertwo@gmail.com
INFO 2026-02-10 09:26:23,996 payment_service 1568311 124057176504000 FapshiPaymentService initialized:
INFO 2026-02-10 09:26:23,996 payment_service 1568311 124057176504000   Base URL: https://sandbox.fapshi.com
INFO 2026-02-10 09:26:23,997 payment_service 1568311 124057176504000   API User: 25917560-52cc-49f2-9f4e-59661b816b12
INFO 2026-02-10 09:26:23,997 payment_service 1568311 124057176504000   API Key set: Yes
INFO 2026-02-10 09:26:23,997 payment_service 1568311 124057176504000 Initiating payment link request:
INFO 2026-02-10 09:26:23,997 payment_service 1568311 124057176504000   URL: https://sandbox.fapshi.com/initiate-pay
INFO 2026-02-10 09:26:23,997 payment_service 1568311 124057176504000   Payload: {
  "amount": 14000,
  "email": "buyertwo@gmail.com",
  "userId": "64",
  "externalId": "260f6a36-34a9-4be7-81f5-ba3663ac44e5",
  "message": "Payment for checkout 260f6a36-34a9-4be7-81f5-ba3663ac44e5",
  "phone": "+237651185719"
}
INFO 2026-02-10 09:26:23,997 payment_service 1568311 124057176504000   Headers: {'Content-Type': 'application/json', 'apikey': 'FAK_TEST_a0fcb2cb788bad459442', 'apiuser': '25917560-52cc-49f2-9f4e-59661b816b12'}
INFO 2026-02-10 09:26:24,418 payment_service 1568311 124057176504000 Response status code: 200
INFO 2026-02-10 09:26:24,419 payment_service 1568311 124057176504000 Response headers: {'content-type': 'application/json; charset=utf-8', 'vary': 'Accept-Encoding', 'access-control-allow-origin': '*', 'content-security-policy': "default-src 'self';base-uri 'self';font-src 'self' https: data:;form-action 'self';frame-ancestors 'self';img-src 'self' data:;object-src 'none';script-src 'self';script-src-attr 'none';style-src 'self' https: 'unsafe-inline';upgrade-insecure-requests", 'cross-origin-opener-policy': 'same-origin', 'cross-origin-resource-policy': 'same-origin', 'origin-agent-cluster': '?1', 'referrer-policy': 'no-referrer', 'strict-transport-security': 'max-age=31536000; includeSubDomains', 'x-content-type-options': 'nosniff', 'x-dns-prefetch-control': 'off', 'x-download-options': 'noopen', 'x-frame-options': 'SAMEORIGIN', 'x-permitted-cross-domain-policies': 'none', 'x-xss-protection': '0', 'access-control-allow-headers': 'Origin, Content-Type, Accept, apiUser, apiKey', 'etag': 'W/"ad-Gi0XxC9x4p7HmA3xCv2RVFK51P0"', 'content-encoding': 'gzip', 'x-cloud-trace-context': '7a81d7f127f042ea2432d8170195a76c;o=1', 'date': 'Tue, 10 Feb 2026 09:26:24 GMT', 'server': 'Google Frontend', 'Transfer-Encoding': 'chunked'}
INFO 2026-02-10 09:26:24,419 payment_service 1568311 124057176504000 Response data: {
  "message": "Request successful",
  "link": "https://checkout.fapshi.com/test/payment/698af9c0c5dea415cc865259",
  "transId": "9LZmv02M70",
  "dateInitiated": "2026-02-10T09:26:24.186Z"
}
INFO 2026-02-10 09:26:24,421 views 1568311 124057176504000 Payment initiated for optimized checkout 260f6a36-34a9-4be7-81f5-ba3663ac44e5
INFO 2026-02-10 09:26:34,831 payment_service 1568311 124057176504000 FapshiPaymentService initialized:
INFO 2026-02-10 09:26:34,831 payment_service 1568311 124057176504000   Base URL: https://sandbox.fapshi.com
INFO 2026-02-10 09:26:34,831 payment_service 1568311 124057176504000   API User: 25917560-52cc-49f2-9f4e-59661b816b12
INFO 2026-02-10 09:26:34,832 payment_service 1568311 124057176504000   API Key set: Yes
INFO 2026-02-10 09:26:34,832 views 1568311 124057176504000 Processing webhook for transaction: 9LZmv02M70
INFO 2026-02-10 09:26:37,343 payment_service 1568311 124057176504000 No order exists for payment 64 yet
INFO 2026-02-10 09:46:04,073 views 1568311 124057151325888 Optimized checkout initiated by user buyertwo@gmail.com
INFO 2026-02-10 09:46:05,051 payment_service 1568311 124057151325888 FapshiPaymentService initialized:
INFO 2026-02-10 09:46:05,052 payment_service 1568311 124057151325888   Base URL: https://sandbox.fapshi.com
INFO 2026-02-10 09:46:05,052 payment_service 1568311 124057151325888   API User: 25917560-52cc-49f2-9f4e-59661b816b12
INFO 2026-02-10 09:46:05,052 payment_service 1568311 124057151325888   API Key set: Yes
INFO 2026-02-10 09:46:05,052 payment_service 1568311 124057151325888 Initiating payment link request:
INFO 2026-02-10 09:46:05,052 payment_service 1568311 124057151325888   URL: https://sandbox.fapshi.com/initiate-pay
INFO 2026-02-10 09:46:05,052 payment_service 1568311 124057151325888   Payload: {
  "amount": 10030,
  "email": "buyertwo@gmail.com",
  "userId": "64",
  "externalId": "7a68aa80-fafd-4815-bc2f-2ca22c179279",
  "message": "Payment for checkout 7a68aa80-fafd-4815-bc2f-2ca22c179279",
  "phone": "+237651185719"
}
INFO 2026-02-10 09:46:05,052 payment_service 1568311 124057151325888   Headers: {'Content-Type': 'application/json', 'apikey': 'FAK_TEST_a0fcb2cb788bad459442', 'apiuser': '25917560-52cc-49f2-9f4e-59661b816b12'}
INFO 2026-02-10 09:46:09,301 payment_service 1568311 124057151325888 Response status code: 200
INFO 2026-02-10 09:46:09,302 payment_service 1568311 124057151325888 Response headers: {'content-type': 'application/json; charset=utf-8', 'vary': 'Accept-Encoding', 'access-control-allow-origin': '*', 'content-security-policy': "default-src 'self';base-uri 'self';font-src 'self' https: data:;form-action 'self';frame-ancestors 'self';img-src 'self' data:;object-src 'none';script-src 'self';script-src-attr 'none';style-src 'self' https: 'unsafe-inline';upgrade-insecure-requests", 'cross-origin-opener-policy': 'same-origin', 'cross-origin-resource-policy': 'same-origin', 'origin-agent-cluster': '?1', 'referrer-policy': 'no-referrer', 'strict-transport-security': 'max-age=31536000; includeSubDomains', 'x-content-type-options': 'nosniff', 'x-dns-prefetch-control': 'off', 'x-download-options': 'noopen', 'x-frame-options': 'SAMEORIGIN', 'x-permitted-cross-domain-policies': 'none', 'x-xss-protection': '0', 'access-control-allow-headers': 'Origin, Content-Type, Accept, apiUser, apiKey', 'etag': 'W/"ad-JSAcSxrepey3NthTlAGJpsbf3og"', 'content-encoding': 'gzip', 'x-cloud-trace-context': 'e56da8927f670a14e556ecf955e8616d;o=1', 'date': 'Tue, 10 Feb 2026 09:46:09 GMT', 'server': 'Google Frontend', 'Transfer-Encoding': 'chunked'}
INFO 2026-02-10 09:46:09,302 payment_service 1568311 124057151325888 Response data: {
  "message": "Request successful",
  "link": "https://checkout.fapshi.com/test/payment/698afe615a267aacd0553c77",
  "transId": "Dyx5JCpA0A",
  "dateInitiated": "2026-02-10T09:46:09.041Z"
}
INFO 2026-02-10 09:46:09,305 views 1568311 124057151325888 Payment initiated for optimized checkout 7a68aa80-fafd-4815-bc2f-2ca22c179279
INFO 2026-02-10 09:46:44,785 payment_service 1568311 124057151325888 FapshiPaymentService initialized:
INFO 2026-02-10 09:46:44,786 payment_service 1568311 124057151325888   Base URL: https://sandbox.fapshi.com
INFO 2026-02-10 09:46:44,786 payment_service 1568311 124057151325888   API User: 25917560-52cc-49f2-9f4e-59661b816b12
INFO 2026-02-10 09:46:44,786 payment_service 1568311 124057151325888   API Key set: Yes
INFO 2026-02-10 09:46:44,786 views 1568311 124057151325888 Processing webhook for transaction: Dyx5JCpA0A
INFO 2026-02-10 09:46:47,373 payment_service 1568311 124057151325888 No order exists for payment 65 yet
INFO 2026-02-10 09:46:48,760 views 1568311 124057151325888 Cart cleared for user buyertwo@gmail.com after successful payment
INFO 2026-02-10 09:46:48,760 views 1568311 124057151325888 Order 51 created successfully from payment 65
INFO 2026-02-10 09:46:48,760 views 1568311 124057151325888 Order created for user buyertwo@gmail.com with amount 10030.00
INFO 2026-02-10 10:03:39,120 autoreload 1568311 124057494466688 /home/joseph/apps/E_COMMERCE/api/views.py changed, reloading.
INFO 2026-02-10 10:03:40,629 autoreload 1586205 138383355248768 Watching for file changes with StatReloader
INFO 2026-02-10 10:10:15,525 views 1586205 138383261169344 Optimized checkout initiated by user buyertwo@gmail.com
INFO 2026-02-10 10:10:16,506 payment_service 1586205 138383261169344 FapshiPaymentService initialized:
INFO 2026-02-10 10:10:16,507 payment_service 1586205 138383261169344   Base URL: https://sandbox.fapshi.com
INFO 2026-02-10 10:10:16,507 payment_service 1586205 138383261169344   API User: 25917560-52cc-49f2-9f4e-59661b816b12
INFO 2026-02-10 10:10:16,507 payment_service 1586205 138383261169344   API Key set: Yes
INFO 2026-02-10 10:10:16,507 payment_service 1586205 138383261169344 Initiating payment link request:
INFO 2026-02-10 10:10:16,507 payment_service 1586205 138383261169344   URL: https://sandbox.fapshi.com/initiate-pay
INFO 2026-02-10 10:10:16,508 payment_service 1586205 138383261169344   Payload: {
  "amount": 10030,
  "email": "buyertwo@gmail.com",
  "userId": "64",
  "externalId": "b353bdd0-6726-4d5b-86e5-25bf37ec1c50",
  "message": "Payment for checkout b353bdd0-6726-4d5b-86e5-25bf37ec1c50",
  "phone": "+237651185719"
}
INFO 2026-02-10 10:10:16,508 payment_service 1586205 138383261169344   Headers: {'Content-Type': 'application/json', 'apikey': 'FAK_TEST_a0fcb2cb788bad459442', 'apiuser': '25917560-52cc-49f2-9f4e-59661b816b12'}
INFO 2026-02-10 10:10:17,100 payment_service 1586205 138383261169344 Response status code: 200
INFO 2026-02-10 10:10:17,101 payment_service 1586205 138383261169344 Response headers: {'content-type': 'application/json; charset=utf-8', 'vary': 'Accept-Encoding', 'access-control-allow-origin': '*', 'content-security-policy': "default-src 'self';base-uri 'self';font-src 'self' https: data:;form-action 'self';frame-ancestors 'self';img-src 'self' data:;object-src 'none';script-src 'self';script-src-attr 'none';style-src 'self' https: 'unsafe-inline';upgrade-insecure-requests", 'cross-origin-opener-policy': 'same-origin', 'cross-origin-resource-policy': 'same-origin', 'origin-agent-cluster': '?1', 'referrer-policy': 'no-referrer', 'strict-transport-security': 'max-age=31536000; includeSubDomains', 'x-content-type-options': 'nosniff', 'x-dns-prefetch-control': 'off', 'x-download-options': 'noopen', 'x-frame-options': 'SAMEORIGIN', 'x-permitted-cross-domain-policies': 'none', 'x-xss-protection': '0', 'access-control-allow-headers': 'Origin, Content-Type, Accept, apiUser, apiKey', 'etag': 'W/"ad-hdnInXYvMLu6Cmlom3V6ugswyC4"', 'content-encoding': 'gzip', 'x-cloud-trace-context': '8ba648c9f349b2f285d0ea5b04d2cdaf;o=1', 'date': 'Tue, 10 Feb 2026 10:10:16 GMT', 'server': 'Google Frontend', 'Transfer-Encoding': 'chunked'}
INFO 2026-02-10 10:10:17,101 payment_service 1586205 138383261169344 Response data: {
  "message": "Request successful",
  "link": "https://checkout.fapshi.com/test/payment/698b04085a267aacd0553c85",
  "transId": "GUPFIRFFHh",
  "dateInitiated": "2026-02-10T10:10:16.853Z"
}
INFO 2026-02-10 10:10:17,104 views 1586205 138383261169344 Payment initiated for optimized checkout b353bdd0-6726-4d5b-86e5-25bf37ec1c50
INFO 2026-02-10 10:10:34,830 payment_service 1586205 138383261169344 FapshiPaymentService initialized:
INFO 2026-02-10 10:10:34,831 payment_service 1586205 138383261169344   Base URL: https://sandbox.fapshi.com
INFO 2026-02-10 10:10:34,831 payment_service 1586205 138383261169344   API User: 25917560-52cc-49f2-9f4e-59661b816b12
INFO 2026-02-10 10:10:34,831 payment_service 1586205 138383261169344   API Key set: Yes
INFO 2026-02-10 10:10:34,831 views 1586205 138383261169344 Processing webhook for transaction: GUPFIRFFHh
INFO 2026-02-10 10:10:37,414 payment_service 1586205 138383261169344 No order exists for payment 66 yet
INFO 2026-02-10 10:12:02,058 views 1586205 138383040968384 Optimized checkout initiated by user buyertwo@gmail.com
INFO 2026-02-10 10:12:02,420 payment_service 1586205 138383040968384 FapshiPaymentService initialized:
INFO 2026-02-10 10:12:02,420 payment_service 1586205 138383040968384   Base URL: https://sandbox.fapshi.com
INFO 2026-02-10 10:12:02,420 payment_service 1586205 138383040968384   API User: 25917560-52cc-49f2-9f4e-59661b816b12
INFO 2026-02-10 10:12:02,420 payment_service 1586205 138383040968384   API Key set: Yes
INFO 2026-02-10 10:12:02,420 payment_service 1586205 138383040968384 Initiating payment link request:
INFO 2026-02-10 10:12:02,420 payment_service 1586205 138383040968384   URL: https://sandbox.fapshi.com/initiate-pay
INFO 2026-02-10 10:12:02,420 payment_service 1586205 138383040968384   Payload: {
  "amount": 34000,
  "email": "buyertwo@gmail.com",
  "userId": "64",
  "externalId": "445215e5-fdb5-4304-8551-d3f73e7e2119",
  "message": "Payment for checkout 445215e5-fdb5-4304-8551-d3f73e7e2119",
  "phone": "+237651185719"
}
INFO 2026-02-10 10:12:02,420 payment_service 1586205 138383040968384   Headers: {'Content-Type': 'application/json', 'apikey': 'FAK_TEST_a0fcb2cb788bad459442', 'apiuser': '25917560-52cc-49f2-9f4e-59661b816b12'}
INFO 2026-02-10 10:12:02,891 payment_service 1586205 138383040968384 Response status code: 200
INFO 2026-02-10 10:12:02,893 payment_service 1586205 138383040968384 Response headers: {'content-type': 'application/json; charset=utf-8', 'vary': 'Accept-Encoding', 'access-control-allow-origin': '*', 'content-security-policy': "default-src 'self';base-uri 'self';font-src 'self' https: data:;form-action 'self';frame-ancestors 'self';img-src 'self' data:;object-src 'none';script-src 'self';script-src-attr 'none';style-src 'self' https: 'unsafe-inline';upgrade-insecure-requests", 'cross-origin-opener-policy': 'same-origin', 'cross-origin-resource-policy': 'same-origin', 'origin-agent-cluster': '?1', 'referrer-policy': 'no-referrer', 'strict-transport-security': 'max-age=31536000; includeSubDomains', 'x-content-type-options': 'nosniff', 'x-dns-prefetch-control': 'off', 'x-download-options': 'noopen', 'x-frame-options': 'SAMEORIGIN', 'x-permitted-cross-domain-policies': 'none', 'x-xss-protection': '0', 'access-control-allow-headers': 'Origin, Content-Type, Accept, apiUser, apiKey', 'etag': 'W/"ad-F5sEyZYNSXKOqv7cDjnEv/VN/8k"', 'content-encoding': 'gzip', 'x-cloud-trace-context': 'ccb26c0c7cac2c0915f6db1122b0c6f5;o=1', 'date': 'Tue, 10 Feb 2026 10:12:02 GMT', 'server': 'Google Frontend', 'Transfer-Encoding': 'chunked'}
INFO 2026-02-10 10:12:02,894 payment_service 1586205 138383040968384 Response data: {
  "message": "Request successful",
  "link": "https://checkout.fapshi.com/test/payment/698b04725a267aacd0553c8d",
  "transId": "qACuJYh86n",
  "dateInitiated": "2026-02-10T10:12:02.651Z"
}
INFO 2026-02-10 10:12:02,896 views 1586205 138383040968384 Payment initiated for optimized checkout 445215e5-fdb5-4304-8551-d3f73e7e2119
INFO 2026-02-10 10:12:41,401 payment_service 1586205 138383040968384 FapshiPaymentService initialized:
INFO 2026-02-10 10:12:41,402 payment_service 1586205 138383040968384   Base URL: https://sandbox.fapshi.com
INFO 2026-02-10 10:12:41,402 payment_service 1586205 138383040968384   API User: 25917560-52cc-49f2-9f4e-59661b816b12
INFO 2026-02-10 10:12:41,402 payment_service 1586205 138383040968384   API Key set: Yes
INFO 2026-02-10 10:12:41,402 views 1586205 138383040968384 Processing webhook for transaction: qACuJYh86n
INFO 2026-02-10 10:12:43,129 payment_service 1586205 138383040968384 No order exists for payment 67 yet
INFO 2026-02-10 10:22:48,266 autoreload 1586205 138383355248768 /home/joseph/apps/E_COMMERCE/api/views.py changed, reloading.
INFO 2026-02-10 10:22:49,833 autoreload 1588701 139180232413312 Watching for file changes with StatReloader
INFO 2026-02-10 10:23:09,202 autoreload 1588701 139180232413312 /home/joseph/apps/E_COMMERCE/api/views.py changed, reloading.
INFO 2026-02-10 10:23:10,037 autoreload 1588771 128154425745536 Watching for file changes with StatReloader
INFO 2026-02-10 10:23:24,922 autoreload 1588771 128154425745536 /home/joseph/apps/E_COMMERCE/api/views.py changed, reloading.
INFO 2026-02-10 10:23:25,788 autoreload 1588831 135129571319936 Watching for file changes with StatReloader
INFO 2026-02-10 10:23:45,876 autoreload 1588831 135129571319936 /home/joseph/apps/E_COMMERCE/api/views.py changed, reloading.
INFO 2026-02-10 10:23:46,774 autoreload 1588899 137281979199616 Watching for file changes with StatReloader
WARNING 2026-02-10 10:24:18,692 log 1588899 137281868388032 Not Found: /api/orders/51/
WARNING 2026-02-10 10:24:19,112 log 1588899 137281868388032 Not Found: /api/orders/50/
WARNING 2026-02-10 10:24:19,542 log 1588899 137281868388032 Not Found: /api/orders/49/
WARNING 2026-02-10 10:24:19,964 log 1588899 137281868388032 Not Found: /api/orders/48/
WARNING 2026-02-10 10:24:20,337 log 1588899 137281876780736 Not Found: /api/orders/51/
WARNING 2026-02-10 10:24:20,400 log 1588899 137281876780736 Not Found: /api/orders/47/
WARNING 2026-02-10 10:24:20,978 log 1588899 137281885173440 Not Found: /api/orders/50/
WARNING 2026-02-10 10:24:21,193 log 1588899 137281876780736 Not Found: /api/orders/46/
WARNING 2026-02-10 10:24:21,612 log 1588899 137281876780736 Not Found: /api/orders/45/
WARNING 2026-02-10 10:24:21,974 log 1588899 137281876780736 Not Found: /api/orders/44/
WARNING 2026-02-10 10:24:22,393 log 1588899 137281876780736 Not Found: /api/orders/43/
WARNING 2026-02-10 10:24:22,771 log 1588899 137281876780736 Not Found: /api/orders/42/
WARNING 2026-02-10 10:24:23,161 log 1588899 137281876780736 Not Found: /api/orders/41/
WARNING 2026-02-10 10:24:28,589 log 1588899 137281868388032 Not Found: /api/orders/49/
WARNING 2026-02-10 10:24:28,799 log 1588899 137281876780736 Not Found: /api/orders/48/
WARNING 2026-02-10 10:24:29,033 log 1588899 137281868388032 Not Found: /api/orders/47/
WARNING 2026-02-10 10:24:29,295 log 1588899 137281868388032 Not Found: /api/orders/46/
WARNING 2026-02-10 10:24:29,512 log 1588899 137281868388032 Not Found: /api/orders/45/
WARNING 2026-02-10 10:24:29,732 log 1588899 137281868388032 Not Found: /api/orders/44/
WARNING 2026-02-10 10:24:29,957 log 1588899 137281868388032 Not Found: /api/orders/43/
WARNING 2026-02-10 10:24:30,183 log 1588899 137281868388032 Not Found: /api/orders/42/
WARNING 2026-02-10 10:24:30,422 log 1588899 137281885173440 Not Found: /api/orders/41/
INFO 2026-02-10 10:32:46,474 views 1588899 137281625114304 Optimized checkout initiated by user buyertwo@gmail.com
INFO 2026-02-10 10:32:47,468 payment_service 1588899 137281625114304 FapshiPaymentService initialized:
INFO 2026-02-10 10:32:47,469 payment_service 1588899 137281625114304   Base URL: https://sandbox.fapshi.com
INFO 2026-02-10 10:32:47,469 payment_service 1588899 137281625114304   API User: 25917560-52cc-49f2-9f4e-59661b816b12
INFO 2026-02-10 10:32:47,469 payment_service 1588899 137281625114304   API Key set: Yes
INFO 2026-02-10 10:32:47,469 payment_service 1588899 137281625114304 Initiating payment link request:
INFO 2026-02-10 10:32:47,469 payment_service 1588899 137281625114304   URL: https://sandbox.fapshi.com/initiate-pay
INFO 2026-02-10 10:32:47,470 payment_service 1588899 137281625114304   Payload: {
  "amount": 10030,
  "email": "buyertwo@gmail.com",
  "userId": "64",
  "externalId": "451e22a3-a805-4e0c-bc57-589634fba758",
  "message": "Payment for checkout 451e22a3-a805-4e0c-bc57-589634fba758",
  "phone": "+237651185719"
}
INFO 2026-02-10 10:32:47,470 payment_service 1588899 137281625114304   Headers: {'Content-Type': 'application/json', 'apikey': 'FAK_TEST_a0fcb2cb788bad459442', 'apiuser': '25917560-52cc-49f2-9f4e-59661b816b12'}
INFO 2026-02-10 10:32:59,856 payment_service 1588899 137281625114304 Response status code: 200
INFO 2026-02-10 10:32:59,856 payment_service 1588899 137281625114304 Response headers: {'content-type': 'application/json; charset=utf-8', 'vary': 'Accept-Encoding', 'access-control-allow-origin': '*', 'content-security-policy': "default-src 'self';base-uri 'self';font-src 'self' https: data:;form-action 'self';frame-ancestors 'self';img-src 'self' data:;object-src 'none';script-src 'self';script-src-attr 'none';style-src 'self' https: 'unsafe-inline';upgrade-insecure-requests", 'cross-origin-opener-policy': 'same-origin', 'cross-origin-resource-policy': 'same-origin', 'origin-agent-cluster': '?1', 'referrer-policy': 'no-referrer', 'strict-transport-security': 'max-age=31536000; includeSubDomains', 'x-content-type-options': 'nosniff', 'x-dns-prefetch-control': 'off', 'x-download-options': 'noopen', 'x-frame-options': 'SAMEORIGIN', 'x-permitted-cross-domain-policies': 'none', 'x-xss-protection': '0', 'access-control-allow-headers': 'Origin, Content-Type, Accept, apiUser, apiKey', 'etag': 'W/"ad-vVaFbz1MuSJByBD/aDMChD+7GPc"', 'content-encoding': 'gzip', 'x-cloud-trace-context': '02e3186a037ee57f68e18dc943422918;o=1', 'date': 'Tue, 10 Feb 2026 10:32:59 GMT', 'server': 'Google Frontend', 'Transfer-Encoding': 'chunked'}
INFO 2026-02-10 10:32:59,857 payment_service 1588899 137281625114304 Response data: {
  "message": "Request successful",
  "link": "https://checkout.fapshi.com/test/payment/698b095b581a2298272a9f51",
  "transId": "bhGhhfTU03",
  "dateInitiated": "2026-02-10T10:32:59.605Z"
}
INFO 2026-02-10 10:32:59,861 views 1588899 137281625114304 Payment initiated for optimized checkout 451e22a3-a805-4e0c-bc57-589634fba758
INFO 2026-02-10 10:33:12,610 payment_service 1588899 137281625114304 FapshiPaymentService initialized:
INFO 2026-02-10 10:33:12,613 payment_service 1588899 137281625114304   Base URL: https://sandbox.fapshi.com
INFO 2026-02-10 10:33:12,613 payment_service 1588899 137281625114304   API User: 25917560-52cc-49f2-9f4e-59661b816b12
INFO 2026-02-10 10:33:12,613 payment_service 1588899 137281625114304   API Key set: Yes
INFO 2026-02-10 10:33:12,613 views 1588899 137281625114304 Processing webhook for transaction: bhGhhfTU03
INFO 2026-02-10 10:33:14,917 payment_service 1588899 137281625114304 No order exists for payment 68 yet
INFO 2026-02-10 10:34:12,825 views 1588899 137281599936192 Optimized checkout initiated by user buyertwo@gmail.com
INFO 2026-02-10 10:34:13,161 payment_service 1588899 137281599936192 FapshiPaymentService initialized:
INFO 2026-02-10 10:34:13,161 payment_service 1588899 137281599936192   Base URL: https://sandbox.fapshi.com
INFO 2026-02-10 10:34:13,162 payment_service 1588899 137281599936192   API User: 25917560-52cc-49f2-9f4e-59661b816b12
INFO 2026-02-10 10:34:13,162 payment_service 1588899 137281599936192   API Key set: Yes
INFO 2026-02-10 10:34:13,162 payment_service 1588899 137281599936192 Initiating payment link request:
INFO 2026-02-10 10:34:13,162 payment_service 1588899 137281599936192   URL: https://sandbox.fapshi.com/initiate-pay
INFO 2026-02-10 10:34:13,162 payment_service 1588899 137281599936192   Payload: {
  "amount": 12000,
  "email": "buyertwo@gmail.com",
  "userId": "64",
  "externalId": "00d9b2a9-00fa-4fb3-ac6e-c1a20545b13d",
  "message": "Payment for checkout 00d9b2a9-00fa-4fb3-ac6e-c1a20545b13d",
  "phone": "+237651185719"
}
INFO 2026-02-10 10:34:13,162 payment_service 1588899 137281599936192   Headers: {'Content-Type': 'application/json', 'apikey': 'FAK_TEST_a0fcb2cb788bad459442', 'apiuser': '25917560-52cc-49f2-9f4e-59661b816b12'}
INFO 2026-02-10 10:34:14,215 payment_service 1588899 137281599936192 Response status code: 200
INFO 2026-02-10 10:34:14,215 payment_service 1588899 137281599936192 Response headers: {'content-type': 'application/json; charset=utf-8', 'vary': 'Accept-Encoding', 'access-control-allow-origin': '*', 'content-security-policy': "default-src 'self';base-uri 'self';font-src 'self' https: data:;form-action 'self';frame-ancestors 'self';img-src 'self' data:;object-src 'none';script-src 'self';script-src-attr 'none';style-src 'self' https: 'unsafe-inline';upgrade-insecure-requests", 'cross-origin-opener-policy': 'same-origin', 'cross-origin-resource-policy': 'same-origin', 'origin-agent-cluster': '?1', 'referrer-policy': 'no-referrer', 'strict-transport-security': 'max-age=31536000; includeSubDomains', 'x-content-type-options': 'nosniff', 'x-dns-prefetch-control': 'off', 'x-download-options': 'noopen', 'x-frame-options': 'SAMEORIGIN', 'x-permitted-cross-domain-policies': 'none', 'x-xss-protection': '0', 'access-control-allow-headers': 'Origin, Content-Type, Accept, apiUser, apiKey', 'etag': 'W/"ad-32O7wJ7X2ZINl6dVlUEnFQafj4M"', 'content-encoding': 'gzip', 'x-cloud-trace-context': '7cd4fbcb2f01494e0f02cf9bcd166700;o=1', 'date': 'Tue, 10 Feb 2026 10:34:14 GMT', 'server': 'Google Frontend', 'Transfer-Encoding': 'chunked'}
INFO 2026-02-10 10:34:14,215 payment_service 1588899 137281599936192 Response data: {
  "message": "Request successful",
  "link": "https://checkout.fapshi.com/test/payment/698b09a5581a2298272a9f59",
  "transId": "ltFhNrqKtY",
  "dateInitiated": "2026-02-10T10:34:13.976Z"
}
INFO 2026-02-10 10:34:14,217 views 1588899 137281599936192 Payment initiated for optimized checkout 00d9b2a9-00fa-4fb3-ac6e-c1a20545b13d
INFO 2026-02-10 10:34:24,867 payment_service 1588899 137281599936192 FapshiPaymentService initialized:
INFO 2026-02-10 10:34:24,867 payment_service 1588899 137281599936192   Base URL: https://sandbox.fapshi.com
INFO 2026-02-10 10:34:24,867 payment_service 1588899 137281599936192   API User: 25917560-52cc-49f2-9f4e-59661b816b12
INFO 2026-02-10 10:34:24,868 payment_service 1588899 137281599936192   API Key set: Yes
INFO 2026-02-10 10:34:24,868 views 1588899 137281599936192 Processing webhook for transaction: ltFhNrqKtY
INFO 2026-02-10 10:34:27,191 payment_service 1588899 137281599936192 No order exists for payment 69 yet
INFO 2026-02-10 10:34:30,251 views 1588899 137281599936192 Using cart items for order creation
INFO 2026-02-10 10:34:30,416 views 1588899 137281599936192 Created OrderItem for product Learn Python the Easy Way, quantity 13
INFO 2026-02-10 10:34:30,581 views 1588899 137281599936192 Created OrderItem for product Electric Kettle (1.7L), quantity 1
INFO 2026-02-10 10:34:30,747 views 1588899 137281599936192 Created OrderItem for product Electric Toothbrush, quantity 1
INFO 2026-02-10 10:34:30,915 views 1588899 137281599936192 Created OrderItem for product Cakes, quantity 4
INFO 2026-02-10 10:34:31,098 views 1588899 137281599936192 Created OrderItem for product model, quantity 8
INFO 2026-02-10 10:34:31,264 views 1588899 137281599936192 Cart cleared for user buyertwo@gmail.com after successful payment
INFO 2026-02-10 10:34:31,438 views 1588899 137281599936192 Created 5 order items for order 52
INFO 2026-02-10 10:34:31,438 views 1588899 137281599936192 Order 52 created successfully from payment 69
INFO 2026-02-10 10:34:31,438 views 1588899 137281599936192 Order created for user buyertwo@gmail.com with amount 12000.00
INFO 2026-02-10 10:34:31,604 views 1588899 137281599936192 Created 5 order items for order 52
WARNING 2026-02-10 10:34:49,765 log 1588899 137281046312640 Not Found: /api/orders/52/
WARNING 2026-02-10 10:34:49,997 log 1588899 137281046312640 Not Found: /api/orders/51/
WARNING 2026-02-10 10:34:50,196 log 1588899 137281046312640 Not Found: /api/orders/50/
WARNING 2026-02-10 10:34:50,391 log 1588899 137281046312640 Not Found: /api/orders/49/
WARNING 2026-02-10 10:34:50,618 log 1588899 137281046312640 Not Found: /api/orders/48/
WARNING 2026-02-10 10:34:50,823 log 1588899 137281046312640 Not Found: /api/orders/47/
WARNING 2026-02-10 10:34:51,055 log 1588899 137281046312640 Not Found: /api/orders/46/
WARNING 2026-02-10 10:34:51,282 log 1588899 137281046312640 Not Found: /api/orders/45/
WARNING 2026-02-10 10:34:51,495 log 1588899 137281004349120 Not Found: /api/orders/44/
WARNING 2026-02-10 10:34:51,533 log 1588899 137281004349120 Not Found: /api/orders/52/
WARNING 2026-02-10 10:34:51,682 log 1588899 137281004349120 Not Found: /api/orders/43/
WARNING 2026-02-10 10:34:51,773 log 1588899 137281004349120 Not Found: /api/orders/51/
WARNING 2026-02-10 10:34:51,950 log 1588899 137281004349120 Not Found: /api/orders/42/
WARNING 2026-02-10 10:34:52,003 log 1588899 137281004349120 Not Found: /api/orders/50/
WARNING 2026-02-10 10:34:52,158 log 1588899 137281004349120 Not Found: /api/orders/41/
WARNING 2026-02-10 10:34:52,215 log 1588899 137281004349120 Not Found: /api/orders/49/
WARNING 2026-02-10 10:34:52,423 log 1588899 137281004349120 Not Found: /api/orders/48/
WARNING 2026-02-10 10:34:52,634 log 1588899 137281004349120 Not Found: /api/orders/47/
WARNING 2026-02-10 10:34:52,882 log 1588899 137281004349120 Not Found: /api/orders/46/
WARNING 2026-02-10 10:34:53,073 log 1588899 137281004349120 Not Found: /api/orders/45/
WARNING 2026-02-10 10:34:53,284 log 1588899 137281004349120 Not Found: /api/orders/44/
WARNING 2026-02-10 10:34:53,522 log 1588899 137281004349120 Not Found: /api/orders/43/
WARNING 2026-02-10 10:34:53,751 log 1588899 137281004349120 Not Found: /api/orders/42/
WARNING 2026-02-10 10:34:53,992 log 1588899 137281004349120 Not Found: /api/orders/41/
WARNING 2026-02-10 10:36:11,402 log 1588899 137281046312640 Not Found: /api/orders/52/
WARNING 2026-02-10 10:36:11,613 log 1588899 137281046312640 Not Found: /api/orders/51/
WARNING 2026-02-10 10:36:11,831 log 1588899 137281046312640 Not Found: /api/orders/50/
WARNING 2026-02-10 10:36:12,081 log 1588899 137281046312640 Not Found: /api/orders/49/
WARNING 2026-02-10 10:36:12,334 log 1588899 137281046312640 Not Found: /api/orders/48/
WARNING 2026-02-10 10:36:12,563 log 1588899 137281046312640 Not Found: /api/orders/47/
WARNING 2026-02-10 10:36:12,792 log 1588899 137281046312640 Not Found: /api/orders/46/
WARNING 2026-02-10 10:36:13,026 log 1588899 137281046312640 Not Found: /api/orders/45/
WARNING 2026-02-10 10:36:13,225 log 1588899 137281046312640 Not Found: /api/orders/44/
WARNING 2026-02-10 10:36:13,452 log 1588899 137281004349120 Not Found: /api/orders/43/
WARNING 2026-02-10 10:36:13,512 log 1588899 137281004349120 Not Found: /api/orders/52/
WARNING 2026-02-10 10:36:13,704 log 1588899 137281004349120 Not Found: /api/orders/42/
WARNING 2026-02-10 10:36:13,742 log 1588899 137281004349120 Not Found: /api/orders/51/
WARNING 2026-02-10 10:36:13,923 log 1588899 137281004349120 Not Found: /api/orders/41/
WARNING 2026-02-10 10:36:13,973 log 1588899 137281004349120 Not Found: /api/orders/50/
WARNING 2026-02-10 10:36:14,198 log 1588899 137281004349120 Not Found: /api/orders/49/
WARNING 2026-02-10 10:36:14,397 log 1588899 137281004349120 Not Found: /api/orders/48/
WARNING 2026-02-10 10:36:14,611 log 1588899 137281004349120 Not Found: /api/orders/47/
WARNING 2026-02-10 10:36:14,797 log 1588899 137281004349120 Not Found: /api/orders/46/
WARNING 2026-02-10 10:36:15,019 log 1588899 137281004349120 Not Found: /api/orders/45/
WARNING 2026-02-10 10:36:15,233 log 1588899 137281004349120 Not Found: /api/orders/44/
WARNING 2026-02-10 10:36:15,440 log 1588899 137281004349120 Not Found: /api/orders/43/
WARNING 2026-02-10 10:36:15,633 log 1588899 137281004349120 Not Found: /api/orders/42/
WARNING 2026-02-10 10:36:15,854 log 1588899 137281004349120 Not Found: /api/orders/41/
WARNING 2026-02-10 10:36:31,223 log 1588899 137281046312640 Not Found: /api/orders/52/
WARNING 2026-02-10 10:36:31,452 log 1588899 137281046312640 Not Found: /api/orders/51/
WARNING 2026-02-10 10:36:31,672 log 1588899 137281046312640 Not Found: /api/orders/50/
WARNING 2026-02-10 10:36:31,892 log 1588899 137281046312640 Not Found: /api/orders/49/
WARNING 2026-02-10 10:36:32,160 log 1588899 137281046312640 Not Found: /api/orders/48/
WARNING 2026-02-10 10:36:32,355 log 1588899 137281046312640 Not Found: /api/orders/47/
WARNING 2026-02-10 10:36:32,572 log 1588899 137281046312640 Not Found: /api/orders/46/
WARNING 2026-02-10 10:36:32,882 log 1588899 137281046312640 Not Found: /api/orders/45/
WARNING 2026-02-10 10:36:33,133 log 1588899 137281004349120 Not Found: /api/orders/44/
WARNING 2026-02-10 10:36:33,274 log 1588899 137281004349120 Not Found: /api/orders/52/
WARNING 2026-02-10 10:36:33,441 log 1588899 137281004349120 Not Found: /api/orders/43/
WARNING 2026-02-10 10:36:33,552 log 1588899 137281004349120 Not Found: /api/orders/51/
WARNING 2026-02-10 10:36:33,642 log 1588899 137281004349120 Not Found: /api/orders/42/
WARNING 2026-02-10 10:36:33,797 log 1588899 137281004349120 Not Found: /api/orders/50/
WARNING 2026-02-10 10:36:33,900 log 1588899 137281004349120 Not Found: /api/orders/41/
WARNING 2026-02-10 10:36:34,048 log 1588899 137281004349120 Not Found: /api/orders/49/
WARNING 2026-02-10 10:36:34,332 log 1588899 137281004349120 Not Found: /api/orders/48/
WARNING 2026-02-10 10:36:34,612 log 1588899 137281004349120 Not Found: /api/orders/47/
WARNING 2026-02-10 10:36:34,817 log 1588899 137281004349120 Not Found: /api/orders/46/
WARNING 2026-02-10 10:36:35,052 log 1588899 137281004349120 Not Found: /api/orders/45/
WARNING 2026-02-10 10:36:35,275 log 1588899 137281004349120 Not Found: /api/orders/44/
WARNING 2026-02-10 10:36:35,552 log 1588899 137281004349120 Not Found: /api/orders/43/
WARNING 2026-02-10 10:36:35,805 log 1588899 137281004349120 Not Found: /api/orders/42/
WARNING 2026-02-10 10:36:36,024 log 1588899 137281004349120 Not Found: /api/orders/41/
INFO 2026-02-10 10:38:09,716 views 1588899 137281004349120 Optimized checkout initiated by user buyertwo@gmail.com
INFO 2026-02-10 10:38:10,741 payment_service 1588899 137281004349120 FapshiPaymentService initialized:
INFO 2026-02-10 10:38:10,741 payment_service 1588899 137281004349120   Base URL: https://sandbox.fapshi.com
INFO 2026-02-10 10:38:10,741 payment_service 1588899 137281004349120   API User: 25917560-52cc-49f2-9f4e-59661b816b12
INFO 2026-02-10 10:38:10,741 payment_service 1588899 137281004349120   API Key set: Yes
INFO 2026-02-10 10:38:10,741 payment_service 1588899 137281004349120 Initiating payment link request:
INFO 2026-02-10 10:38:10,741 payment_service 1588899 137281004349120   URL: https://sandbox.fapshi.com/initiate-pay
INFO 2026-02-10 10:38:10,742 payment_service 1588899 137281004349120   Payload: {
  "amount": 10030,
  "email": "buyertwo@gmail.com",
  "userId": "64",
  "externalId": "652e7c38-4afb-4f17-b9c6-82db717a5b5b",
  "message": "Payment for checkout 652e7c38-4afb-4f17-b9c6-82db717a5b5b",
  "phone": "+237651185719"
}
INFO 2026-02-10 10:38:10,742 payment_service 1588899 137281004349120   Headers: {'Content-Type': 'application/json', 'apikey': 'FAK_TEST_a0fcb2cb788bad459442', 'apiuser': '25917560-52cc-49f2-9f4e-59661b816b12'}
INFO 2026-02-10 10:38:11,185 payment_service 1588899 137281004349120 Response status code: 200
INFO 2026-02-10 10:38:11,186 payment_service 1588899 137281004349120 Response headers: {'content-type': 'application/json; charset=utf-8', 'vary': 'Accept-Encoding', 'access-control-allow-origin': '*', 'content-security-policy': "default-src 'self';base-uri 'self';font-src 'self' https: data:;form-action 'self';frame-ancestors 'self';img-src 'self' data:;object-src 'none';script-src 'self';script-src-attr 'none';style-src 'self' https: 'unsafe-inline';upgrade-insecure-requests", 'cross-origin-opener-policy': 'same-origin', 'cross-origin-resource-policy': 'same-origin', 'origin-agent-cluster': '?1', 'referrer-policy': 'no-referrer', 'strict-transport-security': 'max-age=31536000; includeSubDomains', 'x-content-type-options': 'nosniff', 'x-dns-prefetch-control': 'off', 'x-download-options': 'noopen', 'x-frame-options': 'SAMEORIGIN', 'x-permitted-cross-domain-policies': 'none', 'x-xss-protection': '0', 'access-control-allow-headers': 'Origin, Content-Type, Accept, apiUser, apiKey', 'etag': 'W/"ad-SX9uYYg2mZ+eX18DRo9NvIyiO0U"', 'content-encoding': 'gzip', 'x-cloud-trace-context': 'bc0cb54c6904319a1c17e09728314859;o=1', 'date': 'Tue, 10 Feb 2026 10:38:11 GMT', 'server': 'Google Frontend', 'Transfer-Encoding': 'chunked'}
INFO 2026-02-10 10:38:11,186 payment_service 1588899 137281004349120 Response data: {
  "message": "Request successful",
  "link": "https://checkout.fapshi.com/test/payment/698b0a92581a2298272a9f62",
  "transId": "aTPzILv7Pr",
  "dateInitiated": "2026-02-10T10:38:10.947Z"
}
INFO 2026-02-10 10:38:11,189 views 1588899 137281004349120 Payment initiated for optimized checkout 652e7c38-4afb-4f17-b9c6-82db717a5b5b
INFO 2026-02-10 10:38:23,932 payment_service 1588899 137281004349120 FapshiPaymentService initialized:
INFO 2026-02-10 10:38:23,933 payment_service 1588899 137281004349120   Base URL: https://sandbox.fapshi.com
INFO 2026-02-10 10:38:23,933 payment_service 1588899 137281004349120   API User: 25917560-52cc-49f2-9f4e-59661b816b12
INFO 2026-02-10 10:38:23,933 payment_service 1588899 137281004349120   API Key set: Yes
INFO 2026-02-10 10:38:23,933 views 1588899 137281004349120 Processing webhook for transaction: aTPzILv7Pr
INFO 2026-02-10 10:38:26,206 payment_service 1588899 137281004349120 No order exists for payment 70 yet
INFO 2026-02-10 10:38:28,421 views 1588899 137281004349120 Using cart items for order creation
INFO 2026-02-10 10:38:28,591 views 1588899 137281004349120 Created OrderItem for product Learn Python the Easy Way, quantity 3
INFO 2026-02-10 10:38:28,758 views 1588899 137281004349120 Created OrderItem for product model, quantity 2
INFO 2026-02-10 10:38:28,924 views 1588899 137281004349120 Created OrderItem for product Cakes, quantity 1
INFO 2026-02-10 10:38:29,093 views 1588899 137281004349120 Cart cleared for user buyertwo@gmail.com after successful payment
INFO 2026-02-10 10:38:29,261 views 1588899 137281004349120 Created 3 order items for order 53
INFO 2026-02-10 10:38:29,261 views 1588899 137281004349120 Order 53 created successfully from payment 70
INFO 2026-02-10 10:38:29,261 views 1588899 137281004349120 Order created for user buyertwo@gmail.com with amount 10030.00
INFO 2026-02-10 10:38:29,428 views 1588899 137281004349120 Created 3 order items for order 53
WARNING 2026-02-10 10:38:49,955 log 1588899 137281046312640 Not Found: /api/orders/53/
WARNING 2026-02-10 10:38:50,176 log 1588899 137281046312640 Not Found: /api/orders/52/
WARNING 2026-02-10 10:38:50,394 log 1588899 137281046312640 Not Found: /api/orders/51/
WARNING 2026-02-10 10:38:50,595 log 1588899 137281046312640 Not Found: /api/orders/50/
WARNING 2026-02-10 10:38:50,825 log 1588899 137281046312640 Not Found: /api/orders/49/
WARNING 2026-02-10 10:38:51,074 log 1588899 137281046312640 Not Found: /api/orders/48/
WARNING 2026-02-10 10:38:51,300 log 1588899 137281046312640 Not Found: /api/orders/47/
WARNING 2026-02-10 10:38:51,533 log 1588899 137281004349120 Not Found: /api/orders/46/
WARNING 2026-02-10 10:38:51,658 log 1588899 137281004349120 Not Found: /api/orders/53/
WARNING 2026-02-10 10:38:51,770 log 1588899 137281004349120 Not Found: /api/orders/45/
WARNING 2026-02-10 10:38:51,882 log 1588899 137281004349120 Not Found: /api/orders/52/
WARNING 2026-02-10 10:38:51,980 log 1588899 137281004349120 Not Found: /api/orders/44/
WARNING 2026-02-10 10:38:52,105 log 1588899 137281004349120 Not Found: /api/orders/51/
WARNING 2026-02-10 10:38:52,174 log 1588899 137281004349120 Not Found: /api/orders/43/
WARNING 2026-02-10 10:38:52,312 log 1588899 137281004349120 Not Found: /api/orders/50/
WARNING 2026-02-10 10:38:52,439 log 1588899 137281004349120 Not Found: /api/orders/42/
WARNING 2026-02-10 10:38:52,552 log 1588899 137281004349120 Not Found: /api/orders/49/
WARNING 2026-02-10 10:38:52,662 log 1588899 137281004349120 Not Found: /api/orders/41/
WARNING 2026-02-10 10:38:52,772 log 1588899 137281004349120 Not Found: /api/orders/48/
WARNING 2026-02-10 10:38:52,998 log 1588899 137281004349120 Not Found: /api/orders/47/
WARNING 2026-02-10 10:38:53,233 log 1588899 137281004349120 Not Found: /api/orders/46/
WARNING 2026-02-10 10:38:53,453 log 1588899 137281004349120 Not Found: /api/orders/45/
WARNING 2026-02-10 10:38:53,650 log 1588899 137281004349120 Not Found: /api/orders/44/
WARNING 2026-02-10 10:38:53,872 log 1588899 137281004349120 Not Found: /api/orders/43/
WARNING 2026-02-10 10:38:54,197 log 1588899 137281004349120 Not Found: /api/orders/42/
WARNING 2026-02-10 10:38:54,455 log 1588899 137281004349120 Not Found: /api/orders/41/
WARNING 2026-02-10 10:39:14,482 log 1588899 137281004349120 Not Found: /api/orders/53/
WARNING 2026-02-10 10:39:14,712 log 1588899 137281004349120 Not Found: /api/orders/52/
WARNING 2026-02-10 10:39:14,912 log 1588899 137281004349120 Not Found: /api/orders/51/
WARNING 2026-02-10 10:39:15,113 log 1588899 137281004349120 Not Found: /api/orders/50/
WARNING 2026-02-10 10:39:15,334 log 1588899 137281004349120 Not Found: /api/orders/49/
WARNING 2026-02-10 10:39:15,585 log 1588899 137281004349120 Not Found: /api/orders/48/
WARNING 2026-02-10 10:39:15,811 log 1588899 137281004349120 Not Found: /api/orders/47/
WARNING 2026-02-10 10:39:16,047 log 1588899 137281004349120 Not Found: /api/orders/46/
WARNING 2026-02-10 10:39:16,272 log 1588899 137281004349120 Not Found: /api/orders/45/
WARNING 2026-02-10 10:39:16,505 log 1588899 137281004349120 Not Found: /api/orders/53/
WARNING 2026-02-10 10:39:16,524 log 1588899 137281046312640 Not Found: /api/orders/44/
WARNING 2026-02-10 10:39:16,822 log 1588899 137281046312640 Not Found: /api/orders/43/
WARNING 2026-02-10 10:39:16,831 log 1588899 137281004349120 Not Found: /api/orders/52/
WARNING 2026-02-10 10:39:17,083 log 1588899 137281004349120 Not Found: /api/orders/51/
WARNING 2026-02-10 10:39:17,096 log 1588899 137281046312640 Not Found: /api/orders/42/
WARNING 2026-02-10 10:39:17,321 log 1588899 137281046312640 Not Found: /api/orders/41/
WARNING 2026-02-10 10:39:17,327 log 1588899 137281004349120 Not Found: /api/orders/50/
WARNING 2026-02-10 10:39:17,553 log 1588899 137281004349120 Not Found: /api/orders/49/
WARNING 2026-02-10 10:39:17,792 log 1588899 137281004349120 Not Found: /api/orders/48/
WARNING 2026-02-10 10:39:18,062 log 1588899 137281004349120 Not Found: /api/orders/47/
WARNING 2026-02-10 10:39:18,303 log 1588899 137281004349120 Not Found: /api/orders/46/
WARNING 2026-02-10 10:39:18,530 log 1588899 137281004349120 Not Found: /api/orders/45/
WARNING 2026-02-10 10:39:18,731 log 1588899 137281004349120 Not Found: /api/orders/44/
WARNING 2026-02-10 10:39:18,962 log 1588899 137281004349120 Not Found: /api/orders/43/
WARNING 2026-02-10 10:39:19,191 log 1588899 137281004349120 Not Found: /api/orders/42/
WARNING 2026-02-10 10:39:19,432 log 1588899 137281004349120 Not Found: /api/orders/41/
WARNING 2026-02-10 10:42:40,547 log 1588899 137281004349120 Not Found: /api/orders/53/
WARNING 2026-02-10 10:42:40,772 log 1588899 137281004349120 Not Found: /api/orders/52/
WARNING 2026-02-10 10:42:41,011 log 1588899 137281004349120 Not Found: /api/orders/51/
WARNING 2026-02-10 10:42:41,288 log 1588899 137281004349120 Not Found: /api/orders/50/
WARNING 2026-02-10 10:42:41,543 log 1588899 137281004349120 Not Found: /api/orders/49/
WARNING 2026-02-10 10:42:41,782 log 1588899 137281004349120 Not Found: /api/orders/48/
WARNING 2026-02-10 10:42:41,984 log 1588899 137281004349120 Not Found: /api/orders/47/
WARNING 2026-02-10 10:42:42,192 log 1588899 137281004349120 Not Found: /api/orders/46/
WARNING 2026-02-10 10:42:42,421 log 1588899 137281004349120 Not Found: /api/orders/45/
WARNING 2026-02-10 10:42:42,714 log 1588899 137281004349120 Not Found: /api/orders/44/
WARNING 2026-02-10 10:42:42,962 log 1588899 137281004349120 Not Found: /api/orders/43/
WARNING 2026-02-10 10:42:43,181 log 1588899 137281004349120 Not Found: /api/orders/42/
WARNING 2026-02-10 10:42:43,433 log 1588899 137281004349120 Not Found: /api/orders/41/
INFO 2026-02-10 10:45:55,824 views 1588899 137281046312640 Optimized checkout initiated by user buyertwo@gmail.com
INFO 2026-02-10 10:45:56,477 payment_service 1588899 137281046312640 FapshiPaymentService initialized:
INFO 2026-02-10 10:45:56,477 payment_service 1588899 137281046312640   Base URL: https://sandbox.fapshi.com
INFO 2026-02-10 10:45:56,478 payment_service 1588899 137281046312640   API User: 25917560-52cc-49f2-9f4e-59661b816b12
INFO 2026-02-10 10:45:56,478 payment_service 1588899 137281046312640   API Key set: Yes
INFO 2026-02-10 10:45:56,478 payment_service 1588899 137281046312640 Initiating payment link request:
INFO 2026-02-10 10:45:56,478 payment_service 1588899 137281046312640   URL: https://sandbox.fapshi.com/initiate-pay
INFO 2026-02-10 10:45:56,478 payment_service 1588899 137281046312640   Payload: {
  "amount": 96000,
  "email": "buyertwo@gmail.com",
  "userId": "64",
  "externalId": "61f84eb8-67fe-4445-a8c5-05f3712a19c5",
  "message": "Payment for checkout 61f84eb8-67fe-4445-a8c5-05f3712a19c5",
  "phone": "+237651185719"
}
INFO 2026-02-10 10:45:56,478 payment_service 1588899 137281046312640   Headers: {'Content-Type': 'application/json', 'apikey': 'FAK_TEST_a0fcb2cb788bad459442', 'apiuser': '25917560-52cc-49f2-9f4e-59661b816b12'}
INFO 2026-02-10 10:46:08,285 payment_service 1588899 137281046312640 Response status code: 200
INFO 2026-02-10 10:46:08,285 payment_service 1588899 137281046312640 Response headers: {'content-type': 'application/json; charset=utf-8', 'vary': 'Accept-Encoding', 'access-control-allow-origin': '*', 'content-security-policy': "default-src 'self';base-uri 'self';font-src 'self' https: data:;form-action 'self';frame-ancestors 'self';img-src 'self' data:;object-src 'none';script-src 'self';script-src-attr 'none';style-src 'self' https: 'unsafe-inline';upgrade-insecure-requests", 'cross-origin-opener-policy': 'same-origin', 'cross-origin-resource-policy': 'same-origin', 'origin-agent-cluster': '?1', 'referrer-policy': 'no-referrer', 'strict-transport-security': 'max-age=31536000; includeSubDomains', 'x-content-type-options': 'nosniff', 'x-dns-prefetch-control': 'off', 'x-download-options': 'noopen', 'x-frame-options': 'SAMEORIGIN', 'x-permitted-cross-domain-policies': 'none', 'x-xss-protection': '0', 'access-control-allow-headers': 'Origin, Content-Type, Accept, apiUser, apiKey', 'etag': 'W/"ad-7nFcY6jkJ0hFIwvvsY+QSSlL9FA"', 'content-encoding': 'gzip', 'x-cloud-trace-context': 'bff55fe025fb8c11f08ef51074213946;o=1', 'date': 'Tue, 10 Feb 2026 10:46:08 GMT', 'server': 'Google Frontend', 'Transfer-Encoding': 'chunked'}
INFO 2026-02-10 10:46:08,285 payment_service 1588899 137281046312640 Response data: {
  "message": "Request successful",
  "link": "https://checkout.fapshi.com/test/payment/698b0c70581a2298272a9f6c",
  "transId": "bpM77gdNze",
  "dateInitiated": "2026-02-10T10:46:08.045Z"
}
INFO 2026-02-10 10:46:08,287 views 1588899 137281046312640 Payment initiated for optimized checkout 61f84eb8-67fe-4445-a8c5-05f3712a19c5
INFO 2026-02-10 10:46:30,374 payment_service 1588899 137281046312640 FapshiPaymentService initialized:
INFO 2026-02-10 10:46:30,374 payment_service 1588899 137281046312640   Base URL: https://sandbox.fapshi.com
INFO 2026-02-10 10:46:30,374 payment_service 1588899 137281046312640   API User: 25917560-52cc-49f2-9f4e-59661b816b12
INFO 2026-02-10 10:46:30,375 payment_service 1588899 137281046312640   API Key set: Yes
INFO 2026-02-10 10:46:30,375 views 1588899 137281046312640 Processing webhook for transaction: bpM77gdNze
INFO 2026-02-10 10:46:32,970 payment_service 1588899 137281046312640 No order exists for payment 71 yet
INFO 2026-02-10 10:46:35,489 views 1588899 137281046312640 Using cart items for order creation
INFO 2026-02-10 10:46:35,680 views 1588899 137281046312640 Created OrderItem for product Electric Kettle (1.7L), quantity 2
INFO 2026-02-10 10:46:35,864 views 1588899 137281046312640 Created OrderItem for product Face Moisturizing Cream, quantity 4
INFO 2026-02-10 10:46:36,048 views 1588899 137281046312640 Created OrderItem for product Microwave Oven, quantity 4
INFO 2026-02-10 10:46:36,231 views 1588899 137281046312640 Cart cleared for user buyertwo@gmail.com after successful payment
INFO 2026-02-10 10:46:36,419 views 1588899 137281046312640 Created 3 order items for order 54
INFO 2026-02-10 10:46:36,420 views 1588899 137281046312640 Order 54 created successfully from payment 71
INFO 2026-02-10 10:46:36,420 views 1588899 137281046312640 Order created for user buyertwo@gmail.com with amount 96000.00
INFO 2026-02-10 10:46:36,608 views 1588899 137281046312640 Created 3 order items for order 54
WARNING 2026-02-10 10:47:36,018 log 1588899 137281625114304 Not Found: /api/orders/54/
WARNING 2026-02-10 10:47:36,260 log 1588899 137281625114304 Not Found: /api/orders/53/
WARNING 2026-02-10 10:47:36,552 log 1588899 137281625114304 Not Found: /api/orders/52/
WARNING 2026-02-10 10:47:36,764 log 1588899 137281625114304 Not Found: /api/orders/51/
WARNING 2026-02-10 10:47:37,028 log 1588899 137281625114304 Not Found: /api/orders/50/
WARNING 2026-02-10 10:47:37,289 log 1588899 137281625114304 Not Found: /api/orders/49/
WARNING 2026-02-10 10:47:37,522 log 1588899 137281625114304 Not Found: /api/orders/48/
WARNING 2026-02-10 10:47:37,790 log 1588899 137281046312640 Not Found: /api/orders/47/
WARNING 2026-02-10 10:47:37,961 log 1588899 137281046312640 Not Found: /api/orders/54/
WARNING 2026-02-10 10:47:37,993 log 1588899 137281046312640 Not Found: /api/orders/46/
WARNING 2026-02-10 10:47:38,194 log 1588899 137281046312640 Not Found: /api/orders/53/
WARNING 2026-02-10 10:47:38,199 log 1588899 137281625114304 Not Found: /api/orders/45/
WARNING 2026-02-10 10:47:38,503 log 1588899 137281625114304 Not Found: /api/orders/52/
WARNING 2026-02-10 10:47:38,518 log 1588899 137281046312640 Not Found: /api/orders/44/
WARNING 2026-02-10 10:47:38,791 log 1588899 137281046312640 Not Found: /api/orders/51/
WARNING 2026-02-10 10:47:38,800 log 1588899 137281625114304 Not Found: /api/orders/43/
WARNING 2026-02-10 10:47:39,052 log 1588899 137281625114304 Not Found: /api/orders/50/
WARNING 2026-02-10 10:47:39,068 log 1588899 137281046312640 Not Found: /api/orders/42/
WARNING 2026-02-10 10:47:39,284 log 1588899 137281046312640 Not Found: /api/orders/49/
WARNING 2026-02-10 10:47:39,303 log 1588899 137281046312640 Not Found: /api/orders/41/
WARNING 2026-02-10 10:47:39,522 log 1588899 137281046312640 Not Found: /api/orders/48/
WARNING 2026-02-10 10:47:39,732 log 1588899 137281046312640 Not Found: /api/orders/47/
WARNING 2026-02-10 10:47:40,041 log 1588899 137281046312640 Not Found: /api/orders/46/
WARNING 2026-02-10 10:47:40,237 log 1588899 137281046312640 Not Found: /api/orders/45/
WARNING 2026-02-10 10:47:40,512 log 1588899 137281046312640 Not Found: /api/orders/44/
WARNING 2026-02-10 10:47:40,735 log 1588899 137281046312640 Not Found: /api/orders/43/
WARNING 2026-02-10 10:47:41,026 log 1588899 137281046312640 Not Found: /api/orders/42/
WARNING 2026-02-10 10:47:41,262 log 1588899 137281046312640 Not Found: /api/orders/41/
WARNING 2026-02-10 10:48:15,745 log 1588899 137281625114304 Not Found: /api/orders/54/
WARNING 2026-02-10 10:48:15,964 log 1588899 137281625114304 Not Found: /api/orders/53/
WARNING 2026-02-10 10:48:16,212 log 1588899 137281625114304 Not Found: /api/orders/52/
WARNING 2026-02-10 10:48:16,444 log 1588899 137281625114304 Not Found: /api/orders/51/
WARNING 2026-02-10 10:48:16,661 log 1588899 137281625114304 Not Found: /api/orders/50/
WARNING 2026-02-10 10:48:16,960 log 1588899 137281625114304 Not Found: /api/orders/49/
WARNING 2026-02-10 10:48:17,175 log 1588899 137281625114304 Not Found: /api/orders/48/
WARNING 2026-02-10 10:48:17,435 log 1588899 137281625114304 Not Found: /api/orders/47/
WARNING 2026-02-10 10:48:17,666 log 1588899 137281625114304 Not Found: /api/orders/46/
WARNING 2026-02-10 10:48:18,016 log 1588899 137281046312640 Not Found: /api/orders/45/
WARNING 2026-02-10 10:48:18,028 log 1588899 137281625114304 Not Found: /api/orders/54/
WARNING 2026-02-10 10:48:18,255 log 1588899 137281625114304 Not Found: /api/orders/44/
WARNING 2026-02-10 10:48:18,271 log 1588899 137281046312640 Not Found: /api/orders/53/
WARNING 2026-02-10 10:48:18,483 log 1588899 137281046312640 Not Found: /api/orders/43/
WARNING 2026-02-10 10:48:18,501 log 1588899 137281046312640 Not Found: /api/orders/52/
WARNING 2026-02-10 10:48:18,672 log 1588899 137281046312640 Not Found: /api/orders/42/
WARNING 2026-02-10 10:48:18,694 log 1588899 137281046312640 Not Found: /api/orders/51/
WARNING 2026-02-10 10:48:18,872 log 1588899 137281046312640 Not Found: /api/orders/41/
WARNING 2026-02-10 10:48:18,912 log 1588899 137281046312640 Not Found: /api/orders/50/
WARNING 2026-02-10 10:48:19,155 log 1588899 137281046312640 Not Found: /api/orders/49/
WARNING 2026-02-10 10:48:19,372 log 1588899 137281046312640 Not Found: /api/orders/48/
WARNING 2026-02-10 10:48:19,573 log 1588899 137281046312640 Not Found: /api/orders/47/
WARNING 2026-02-10 10:48:19,771 log 1588899 137281046312640 Not Found: /api/orders/46/
WARNING 2026-02-10 10:48:19,994 log 1588899 137281046312640 Not Found: /api/orders/45/
WARNING 2026-02-10 10:48:20,197 log 1588899 137281046312640 Not Found: /api/orders/44/
WARNING 2026-02-10 10:48:20,415 log 1588899 137281046312640 Not Found: /api/orders/43/
WARNING 2026-02-10 10:48:20,635 log 1588899 137281046312640 Not Found: /api/orders/42/
WARNING 2026-02-10 10:48:20,834 log 1588899 137281046312640 Not Found: /api/orders/41/
INFO 2026-02-10 10:50:52,513 views 1588899 137281599936192 Optimized checkout initiated by user buyertwo@gmail.com
INFO 2026-02-10 10:50:53,228 payment_service 1588899 137281599936192 FapshiPaymentService initialized:
INFO 2026-02-10 10:50:53,228 payment_service 1588899 137281599936192   Base URL: https://sandbox.fapshi.com
INFO 2026-02-10 10:50:53,228 payment_service 1588899 137281599936192   API User: 25917560-52cc-49f2-9f4e-59661b816b12
INFO 2026-02-10 10:50:53,228 payment_service 1588899 137281599936192   API Key set: Yes
INFO 2026-02-10 10:50:53,228 payment_service 1588899 137281599936192 Initiating payment link request:
INFO 2026-02-10 10:50:53,228 payment_service 1588899 137281599936192   URL: https://sandbox.fapshi.com/initiate-pay
INFO 2026-02-10 10:50:53,229 payment_service 1588899 137281599936192   Payload: {
  "amount": 32000,
  "email": "buyertwo@gmail.com",
  "userId": "64",
  "externalId": "6cc3fed5-10cd-4c95-abda-7bacf136a927",
  "message": "Payment for checkout 6cc3fed5-10cd-4c95-abda-7bacf136a927",
  "phone": "+237651185719"
}
INFO 2026-02-10 10:50:53,229 payment_service 1588899 137281599936192   Headers: {'Content-Type': 'application/json', 'apikey': 'FAK_TEST_a0fcb2cb788bad459442', 'apiuser': '25917560-52cc-49f2-9f4e-59661b816b12'}
INFO 2026-02-10 10:50:54,278 payment_service 1588899 137281599936192 Response status code: 200
INFO 2026-02-10 10:50:54,278 payment_service 1588899 137281599936192 Response headers: {'content-type': 'application/json; charset=utf-8', 'vary': 'Accept-Encoding', 'access-control-allow-origin': '*', 'content-security-policy': "default-src 'self';base-uri 'self';font-src 'self' https: data:;form-action 'self';frame-ancestors 'self';img-src 'self' data:;object-src 'none';script-src 'self';script-src-attr 'none';style-src 'self' https: 'unsafe-inline';upgrade-insecure-requests", 'cross-origin-opener-policy': 'same-origin', 'cross-origin-resource-policy': 'same-origin', 'origin-agent-cluster': '?1', 'referrer-policy': 'no-referrer', 'strict-transport-security': 'max-age=31536000; includeSubDomains', 'x-content-type-options': 'nosniff', 'x-dns-prefetch-control': 'off', 'x-download-options': 'noopen', 'x-frame-options': 'SAMEORIGIN', 'x-permitted-cross-domain-policies': 'none', 'x-xss-protection': '0', 'access-control-allow-headers': 'Origin, Content-Type, Accept, apiUser, apiKey', 'etag': 'W/"ad-GmBI8TEV2q8El21Q9UvbHh6YjyI"', 'content-encoding': 'gzip', 'x-cloud-trace-context': 'ce8becb8f1bea5298bb9b683072c7eaa;o=1', 'date': 'Tue, 10 Feb 2026 10:50:54 GMT', 'server': 'Google Frontend', 'Transfer-Encoding': 'chunked'}
INFO 2026-02-10 10:50:54,279 payment_service 1588899 137281599936192 Response data: {
  "message": "Request successful",
  "link": "https://checkout.fapshi.com/test/payment/698b0d8e581a2298272a9f78",
  "transId": "GkRJfU9jxj",
  "dateInitiated": "2026-02-10T10:50:54.040Z"
}
INFO 2026-02-10 10:50:54,284 views 1588899 137281599936192 Payment initiated for optimized checkout 6cc3fed5-10cd-4c95-abda-7bacf136a927
INFO 2026-02-10 10:51:07,024 payment_service 1588899 137281599936192 FapshiPaymentService initialized:
INFO 2026-02-10 10:51:07,024 payment_service 1588899 137281599936192   Base URL: https://sandbox.fapshi.com
INFO 2026-02-10 10:51:07,024 payment_service 1588899 137281599936192   API User: 25917560-52cc-49f2-9f4e-59661b816b12
INFO 2026-02-10 10:51:07,024 payment_service 1588899 137281599936192   API Key set: Yes
INFO 2026-02-10 10:51:07,025 views 1588899 137281599936192 Processing webhook for transaction: GkRJfU9jxj
INFO 2026-02-10 10:51:08,770 payment_service 1588899 137281599936192 No order exists for payment 72 yet
INFO 2026-02-10 10:59:07,353 autoreload 1588899 137281979199616 /home/joseph/apps/E_COMMERCE/api/views.py changed, reloading.
INFO 2026-02-10 10:59:08,606 autoreload 1595178 134873556934784 Watching for file changes with StatReloader
INFO 2026-02-10 11:00:15,695 autoreload 1595178 134873556934784 /home/joseph/apps/E_COMMERCE/api/views.py changed, reloading.
INFO 2026-02-10 11:00:16,681 autoreload 1595343 128144539185280 Watching for file changes with StatReloader
INFO 2026-02-10 11:00:33,339 autoreload 1595343 128144539185280 /home/joseph/apps/E_COMMERCE/api/views.py changed, reloading.
INFO 2026-02-10 11:00:34,238 autoreload 1595408 133846593060992 Watching for file changes with StatReloader
INFO 2026-02-10 11:01:23,195 autoreload 1595408 133846593060992 /home/joseph/apps/E_COMMERCE/api/views.py changed, reloading.
INFO 2026-02-10 11:01:24,076 autoreload 1595529 135934681460864 Watching for file changes with StatReloader
INFO 2026-02-10 11:01:36,608 autoreload 1595529 135934681460864 /home/joseph/apps/E_COMMERCE/api/views.py changed, reloading.
INFO 2026-02-10 11:01:37,482 autoreload 1595585 128805473820800 Watching for file changes with StatReloader
INFO 2026-02-10 11:01:46,984 autoreload 1595585 128805473820800 /home/joseph/apps/E_COMMERCE/api/views.py changed, reloading.
INFO 2026-02-10 11:01:47,880 autoreload 1595636 137230373122176 Watching for file changes with StatReloader
INFO 2026-02-10 11:02:49,844 autoreload 1595636 137230373122176 /home/joseph/apps/E_COMMERCE/api/views.py changed, reloading.
INFO 2026-02-10 11:02:50,723 autoreload 1595787 136839124557952 Watching for file changes with StatReloader
INFO 2026-02-10 11:04:08,732 autoreload 1595787 136839124557952 /home/joseph/apps/E_COMMERCE/api/views.py changed, reloading.
INFO 2026-02-10 11:04:09,636 autoreload 1596118 126626947412096 Watching for file changes with StatReloader
INFO 2026-02-10 11:04:20,098 autoreload 1596118 126626947412096 /home/joseph/apps/E_COMMERCE/api/views.py changed, reloading.
INFO 2026-02-10 11:04:20,893 autoreload 1596179 131570598715520 Watching for file changes with StatReloader
INFO 2026-02-10 11:07:03,740 autoreload 1596179 131570598715520 /home/joseph/apps/E_COMMERCE/api/views.py changed, reloading.
INFO 2026-02-10 11:07:04,739 autoreload 1596757 131825659179136 Watching for file changes with StatReloader
INFO 2026-02-10 11:08:13,573 autoreload 1596979 130889473478784 Watching for file changes with StatReloader
INFO 2026-02-10 11:08:36,347 autoreload 1596979 130889473478784 /home/joseph/apps/E_COMMERCE/api/views.py changed, reloading.
INFO 2026-02-10 11:08:37,081 autoreload 1597055 130460013883520 Watching for file changes with StatReloader
INFO 2026-02-10 11:08:46,872 autoreload 1597055 130460013883520 /home/joseph/apps/E_COMMERCE/api/views.py changed, reloading.
INFO 2026-02-10 11:08:47,710 autoreload 1597108 124784538984576 Watching for file changes with StatReloader
INFO 2026-02-10 11:10:04,499 views 1597108 124784360810176 Optimized checkout initiated by user buyertwo@gmail.com
INFO 2026-02-10 11:10:05,478 views 1597108 124784360810176 Created OrderItem for product Android Smartphone (128GB), quantity 1
INFO 2026-02-10 11:10:05,807 views 1597108 124784360810176 Created OrderItem for product Wireless Bluetooth Headphones, quantity 1
INFO 2026-02-10 11:10:05,994 views 1597108 124784360810176 Created pending order 55 with 2 items
INFO 2026-02-10 11:10:06,165 payment_service 1597108 124784360810176 FapshiPaymentService initialized:
INFO 2026-02-10 11:10:06,166 payment_service 1597108 124784360810176   Base URL: https://sandbox.fapshi.com
INFO 2026-02-10 11:10:06,166 payment_service 1597108 124784360810176   API User: 25917560-52cc-49f2-9f4e-59661b816b12
INFO 2026-02-10 11:10:06,166 payment_service 1597108 124784360810176   API Key set: Yes
INFO 2026-02-10 11:10:06,166 payment_service 1597108 124784360810176 Initiating payment link request:
INFO 2026-02-10 11:10:06,166 payment_service 1597108 124784360810176   URL: https://sandbox.fapshi.com/initiate-pay
INFO 2026-02-10 11:10:06,166 payment_service 1597108 124784360810176   Payload: {
  "amount": 220000,
  "email": "buyertwo@gmail.com",
  "userId": "64",
  "externalId": "55",
  "message": "Payment for order 55",
  "phone": "+237651185719"
}
INFO 2026-02-10 11:10:06,166 payment_service 1597108 124784360810176   Headers: {'Content-Type': 'application/json', 'apikey': 'FAK_TEST_a0fcb2cb788bad459442', 'apiuser': '25917560-52cc-49f2-9f4e-59661b816b12'}
INFO 2026-02-10 11:10:07,417 payment_service 1597108 124784360810176 Response status code: 200
INFO 2026-02-10 11:10:07,417 payment_service 1597108 124784360810176 Response headers: {'content-type': 'application/json; charset=utf-8', 'vary': 'Accept-Encoding', 'access-control-allow-origin': '*', 'content-security-policy': "default-src 'self';base-uri 'self';font-src 'self' https: data:;form-action 'self';frame-ancestors 'self';img-src 'self' data:;object-src 'none';script-src 'self';script-src-attr 'none';style-src 'self' https: 'unsafe-inline';upgrade-insecure-requests", 'cross-origin-opener-policy': 'same-origin', 'cross-origin-resource-policy': 'same-origin', 'origin-agent-cluster': '?1', 'referrer-policy': 'no-referrer', 'strict-transport-security': 'max-age=31536000; includeSubDomains', 'x-content-type-options': 'nosniff', 'x-dns-prefetch-control': 'off', 'x-download-options': 'noopen', 'x-frame-options': 'SAMEORIGIN', 'x-permitted-cross-domain-policies': 'none', 'x-xss-protection': '0', 'access-control-allow-headers': 'Origin, Content-Type, Accept, apiUser, apiKey', 'etag': 'W/"ad-27r7pfMvINEr730Yab16u4la2rU"', 'content-encoding': 'gzip', 'x-cloud-trace-context': '361b4bb0e79571fababe92d248918e85;o=1', 'date': 'Tue, 10 Feb 2026 11:10:07 GMT', 'server': 'Google Frontend', 'Transfer-Encoding': 'chunked'}
INFO 2026-02-10 11:10:07,418 payment_service 1597108 124784360810176 Response data: {
  "message": "Request successful",
  "link": "https://checkout.fapshi.com/test/payment/698b120f1dff9792ed98da45",
  "transId": "0gTQ8zA4yy",
  "dateInitiated": "2026-02-10T11:10:07.170Z"
}
INFO 2026-02-10 11:11:08,121 views 1597108 124784360810176 Optimized checkout initiated by user buyertwo@gmail.com
INFO 2026-02-10 11:11:09,264 views 1597108 124784360810176 Created OrderItem for product Android Smartphone (128GB), quantity 1
INFO 2026-02-10 11:11:09,596 views 1597108 124784360810176 Created OrderItem for product Wireless Bluetooth Headphones, quantity 1
INFO 2026-02-10 11:11:09,762 views 1597108 124784360810176 Created pending order 56 with 2 items
INFO 2026-02-10 11:11:09,935 payment_service 1597108 124784360810176 FapshiPaymentService initialized:
INFO 2026-02-10 11:11:09,935 payment_service 1597108 124784360810176   Base URL: https://sandbox.fapshi.com
INFO 2026-02-10 11:11:09,935 payment_service 1597108 124784360810176   API User: 25917560-52cc-49f2-9f4e-59661b816b12
INFO 2026-02-10 11:11:09,935 payment_service 1597108 124784360810176   API Key set: Yes
INFO 2026-02-10 11:11:09,936 payment_service 1597108 124784360810176 Initiating payment link request:
INFO 2026-02-10 11:11:09,936 payment_service 1597108 124784360810176   URL: https://sandbox.fapshi.com/initiate-pay
INFO 2026-02-10 11:11:09,936 payment_service 1597108 124784360810176   Payload: {
  "amount": 220000,
  "email": "buyertwo@gmail.com",
  "userId": "64",
  "externalId": "56",
  "message": "Payment for order 56",
  "phone": "+237651185719"
}
INFO 2026-02-10 11:11:09,936 payment_service 1597108 124784360810176   Headers: {'Content-Type': 'application/json', 'apikey': 'FAK_TEST_a0fcb2cb788bad459442', 'apiuser': '25917560-52cc-49f2-9f4e-59661b816b12'}
INFO 2026-02-10 11:11:11,004 payment_service 1597108 124784360810176 Response status code: 200
INFO 2026-02-10 11:11:11,004 payment_service 1597108 124784360810176 Response headers: {'content-type': 'application/json; charset=utf-8', 'vary': 'Accept-Encoding', 'access-control-allow-origin': '*', 'content-security-policy': "default-src 'self';base-uri 'self';font-src 'self' https: data:;form-action 'self';frame-ancestors 'self';img-src 'self' data:;object-src 'none';script-src 'self';script-src-attr 'none';style-src 'self' https: 'unsafe-inline';upgrade-insecure-requests", 'cross-origin-opener-policy': 'same-origin', 'cross-origin-resource-policy': 'same-origin', 'origin-agent-cluster': '?1', 'referrer-policy': 'no-referrer', 'strict-transport-security': 'max-age=31536000; includeSubDomains', 'x-content-type-options': 'nosniff', 'x-dns-prefetch-control': 'off', 'x-download-options': 'noopen', 'x-frame-options': 'SAMEORIGIN', 'x-permitted-cross-domain-policies': 'none', 'x-xss-protection': '0', 'access-control-allow-headers': 'Origin, Content-Type, Accept, apiUser, apiKey', 'etag': 'W/"ad-Sw3zbti7zDoIFA9jvkLogfD4ABs"', 'content-encoding': 'gzip', 'x-cloud-trace-context': '937173aa69c66e27405c07b339207613;o=1', 'date': 'Tue, 10 Feb 2026 11:11:10 GMT', 'server': 'Google Frontend', 'Transfer-Encoding': 'chunked'}
INFO 2026-02-10 11:11:11,005 payment_service 1597108 124784360810176 Response data: {
  "message": "Request successful",
  "link": "https://checkout.fapshi.com/test/payment/698b124e1dff9792ed98da47",
  "transId": "MhWAWMdnNw",
  "dateInitiated": "2026-02-10T11:11:10.760Z"
}
INFO 2026-02-10 11:11:35,342 payment_service 1597108 124784360810176 FapshiPaymentService initialized:
INFO 2026-02-10 11:11:35,343 payment_service 1597108 124784360810176   Base URL: https://sandbox.fapshi.com
INFO 2026-02-10 11:11:35,343 payment_service 1597108 124784360810176   API User: 25917560-52cc-49f2-9f4e-59661b816b12
INFO 2026-02-10 11:11:35,343 payment_service 1597108 124784360810176   API Key set: Yes
INFO 2026-02-10 11:11:35,343 views 1597108 124784360810176 Processing webhook for transaction: MhWAWMdnNw
INFO 2026-02-10 11:13:15,032 views 1597108 124784352417472 Optimized checkout initiated by user buyertwo@gmail.com
INFO 2026-02-10 11:13:16,080 views 1597108 124784352417472 Created OrderItem for product Smart Watch Series X, quantity 1
INFO 2026-02-10 11:13:16,423 views 1597108 124784352417472 Created OrderItem for product Android Smartphone (128GB), quantity 1
INFO 2026-02-10 11:13:16,596 views 1597108 124784352417472 Created pending order 57 with 2 items
INFO 2026-02-10 11:13:16,767 payment_service 1597108 124784352417472 FapshiPaymentService initialized:
INFO 2026-02-10 11:13:16,767 payment_service 1597108 124784352417472   Base URL: https://sandbox.fapshi.com
INFO 2026-02-10 11:13:16,767 payment_service 1597108 124784352417472   API User: 25917560-52cc-49f2-9f4e-59661b816b12
INFO 2026-02-10 11:13:16,767 payment_service 1597108 124784352417472   API Key set: Yes
INFO 2026-02-10 11:13:16,767 payment_service 1597108 124784352417472 Initiating payment link request:
INFO 2026-02-10 11:13:16,768 payment_service 1597108 124784352417472   URL: https://sandbox.fapshi.com/initiate-pay
INFO 2026-02-10 11:13:16,768 payment_service 1597108 124784352417472   Payload: {
  "amount": 78900,
  "email": "buyertwo@gmail.com",
  "userId": "64",
  "externalId": "57",
  "message": "Payment for order 57",
  "phone": "+237651185719"
}
INFO 2026-02-10 11:13:16,768 payment_service 1597108 124784352417472   Headers: {'Content-Type': 'application/json', 'apikey': 'FAK_TEST_a0fcb2cb788bad459442', 'apiuser': '25917560-52cc-49f2-9f4e-59661b816b12'}
INFO 2026-02-10 11:13:29,017 payment_service 1597108 124784352417472 Response status code: 200
INFO 2026-02-10 11:13:29,018 payment_service 1597108 124784352417472 Response headers: {'content-type': 'application/json; charset=utf-8', 'vary': 'Accept-Encoding', 'access-control-allow-origin': '*', 'content-security-policy': "default-src 'self';base-uri 'self';font-src 'self' https: data:;form-action 'self';frame-ancestors 'self';img-src 'self' data:;object-src 'none';script-src 'self';script-src-attr 'none';style-src 'self' https: 'unsafe-inline';upgrade-insecure-requests", 'cross-origin-opener-policy': 'same-origin', 'cross-origin-resource-policy': 'same-origin', 'origin-agent-cluster': '?1', 'referrer-policy': 'no-referrer', 'strict-transport-security': 'max-age=31536000; includeSubDomains', 'x-content-type-options': 'nosniff', 'x-dns-prefetch-control': 'off', 'x-download-options': 'noopen', 'x-frame-options': 'SAMEORIGIN', 'x-permitted-cross-domain-policies': 'none', 'x-xss-protection': '0', 'access-control-allow-headers': 'Origin, Content-Type, Accept, apiUser, apiKey', 'etag': 'W/"ad-W90OCs0fxfY+fFbkFlpCi8t697o"', 'content-encoding': 'gzip', 'x-cloud-trace-context': '79531539e5ab0e419e1cc78b563330ce;o=1', 'date': 'Tue, 10 Feb 2026 11:13:28 GMT', 'server': 'Google Frontend', 'Transfer-Encoding': 'chunked'}
INFO 2026-02-10 11:13:29,018 payment_service 1597108 124784352417472 Response data: {
  "message": "Request successful",
  "link": "https://checkout.fapshi.com/test/payment/698b12d81dff9792ed98da4f",
  "transId": "1RQha6vhm1",
  "dateInitiated": "2026-02-10T11:13:28.773Z"
}
INFO 2026-02-10 11:15:27,025 views 1597108 124784369202880 Optimized checkout initiated by user buyertwo@gmail.com
INFO 2026-02-10 11:15:28,024 views 1597108 124784369202880 Created OrderItem for product Smart Watch Series X, quantity 1
INFO 2026-02-10 11:15:28,386 views 1597108 124784369202880 Created OrderItem for product Android Smartphone (128GB), quantity 1
INFO 2026-02-10 11:15:28,556 views 1597108 124784369202880 Created pending order 58 with 2 items
INFO 2026-02-10 11:15:28,727 payment_service 1597108 124784369202880 FapshiPaymentService initialized:
INFO 2026-02-10 11:15:28,728 payment_service 1597108 124784369202880   Base URL: https://sandbox.fapshi.com
INFO 2026-02-10 11:15:28,728 payment_service 1597108 124784369202880   API User: 25917560-52cc-49f2-9f4e-59661b816b12
INFO 2026-02-10 11:15:28,728 payment_service 1597108 124784369202880   API Key set: Yes
INFO 2026-02-10 11:15:28,729 payment_service 1597108 124784369202880 Initiating payment link request:
INFO 2026-02-10 11:15:28,729 payment_service 1597108 124784369202880   URL: https://sandbox.fapshi.com/initiate-pay
INFO 2026-02-10 11:15:28,730 payment_service 1597108 124784369202880   Payload: {
  "amount": 78900,
  "email": "buyertwo@gmail.com",
  "userId": "64",
  "externalId": "58",
  "message": "Payment for order 58",
  "phone": "+237651185719"
}
INFO 2026-02-10 11:15:28,730 payment_service 1597108 124784369202880   Headers: {'Content-Type': 'application/json', 'apikey': 'FAK_TEST_a0fcb2cb788bad459442', 'apiuser': '25917560-52cc-49f2-9f4e-59661b816b12'}
INFO 2026-02-10 11:15:29,189 payment_service 1597108 124784369202880 Response status code: 200
INFO 2026-02-10 11:15:29,189 payment_service 1597108 124784369202880 Response headers: {'content-type': 'application/json; charset=utf-8', 'vary': 'Accept-Encoding', 'access-control-allow-origin': '*', 'content-security-policy': "default-src 'self';base-uri 'self';font-src 'self' https: data:;form-action 'self';frame-ancestors 'self';img-src 'self' data:;object-src 'none';script-src 'self';script-src-attr 'none';style-src 'self' https: 'unsafe-inline';upgrade-insecure-requests", 'cross-origin-opener-policy': 'same-origin', 'cross-origin-resource-policy': 'same-origin', 'origin-agent-cluster': '?1', 'referrer-policy': 'no-referrer', 'strict-transport-security': 'max-age=31536000; includeSubDomains', 'x-content-type-options': 'nosniff', 'x-dns-prefetch-control': 'off', 'x-download-options': 'noopen', 'x-frame-options': 'SAMEORIGIN', 'x-permitted-cross-domain-policies': 'none', 'x-xss-protection': '0', 'access-control-allow-headers': 'Origin, Content-Type, Accept, apiUser, apiKey', 'etag': 'W/"ad-pPNcxB/9/FFRMbyEdtBHoYK0rwA"', 'content-encoding': 'gzip', 'x-cloud-trace-context': '5cb0e3e60c5a9ce5f52bed0cd6b297d1;o=1', 'date': 'Tue, 10 Feb 2026 11:15:29 GMT', 'server': 'Google Frontend', 'Transfer-Encoding': 'chunked'}
INFO 2026-02-10 11:15:29,190 payment_service 1597108 124784369202880 Response data: {
  "message": "Request successful",
  "link": "https://checkout.fapshi.com/test/payment/698b13501dff9792ed98da53",
  "transId": "RvHrEbi2Kt",
  "dateInitiated": "2026-02-10T11:15:28.932Z"
}
INFO 2026-02-10 11:15:44,488 payment_service 1597108 124784369202880 FapshiPaymentService initialized:
INFO 2026-02-10 11:15:44,489 payment_service 1597108 124784369202880   Base URL: https://sandbox.fapshi.com
INFO 2026-02-10 11:15:44,489 payment_service 1597108 124784369202880   API User: 25917560-52cc-49f2-9f4e-59661b816b12
INFO 2026-02-10 11:15:44,489 payment_service 1597108 124784369202880   API Key set: Yes
INFO 2026-02-10 11:15:44,489 views 1597108 124784369202880 Processing webhook for transaction: RvHrEbi2Kt
INFO 2026-02-10 11:15:46,976 views 1597108 124784369202880 Found existing order 58 for payment 76
INFO 2026-02-10 11:15:47,169 views 1597108 124784369202880 Updated order 58 status to processing
INFO 2026-02-10 11:15:47,367 views 1597108 124784369202880 Payment 76 marked as paid for order 58
INFO 2026-02-10 11:18:36,162 views 1597108 124784360810176 Optimized checkout initiated by user buyertwo@gmail.com
INFO 2026-02-10 11:18:37,328 views 1597108 124784360810176 Created OrderItem for product Smart Watch Series X, quantity 2
INFO 2026-02-10 11:18:37,671 views 1597108 124784360810176 Created OrderItem for product Android Smartphone (128GB), quantity 1
INFO 2026-02-10 11:18:37,999 views 1597108 124784360810176 Created OrderItem for product Wireless Bluetooth Headphones, quantity 1
INFO 2026-02-10 11:18:38,192 views 1597108 124784360810176 Created pending order 59 with 3 items
INFO 2026-02-10 11:18:38,360 payment_service 1597108 124784360810176 FapshiPaymentService initialized:
INFO 2026-02-10 11:18:38,361 payment_service 1597108 124784360810176   Base URL: https://sandbox.fapshi.com
INFO 2026-02-10 11:18:38,361 payment_service 1597108 124784360810176   API User: 25917560-52cc-49f2-9f4e-59661b816b12
INFO 2026-02-10 11:18:38,361 payment_service 1597108 124784360810176   API Key set: Yes
INFO 2026-02-10 11:18:38,361 payment_service 1597108 124784360810176 Initiating payment link request:
INFO 2026-02-10 11:18:38,361 payment_service 1597108 124784360810176   URL: https://sandbox.fapshi.com/initiate-pay
INFO 2026-02-10 11:18:38,362 payment_service 1597108 124784360810176   Payload: {
  "amount": 267800,
  "email": "buyertwo@gmail.com",
  "userId": "64",
  "externalId": "59",
  "message": "Payment for order 59",
  "phone": "+237651185719"
}
INFO 2026-02-10 11:18:38,362 payment_service 1597108 124784360810176   Headers: {'Content-Type': 'application/json', 'apikey': 'FAK_TEST_a0fcb2cb788bad459442', 'apiuser': '25917560-52cc-49f2-9f4e-59661b816b12'}
INFO 2026-02-10 11:18:39,396 payment_service 1597108 124784360810176 Response status code: 200
INFO 2026-02-10 11:18:39,396 payment_service 1597108 124784360810176 Response headers: {'content-type': 'application/json; charset=utf-8', 'vary': 'Accept-Encoding', 'access-control-allow-origin': '*', 'content-security-policy': "default-src 'self';base-uri 'self';font-src 'self' https: data:;form-action 'self';frame-ancestors 'self';img-src 'self' data:;object-src 'none';script-src 'self';script-src-attr 'none';style-src 'self' https: 'unsafe-inline';upgrade-insecure-requests", 'cross-origin-opener-policy': 'same-origin', 'cross-origin-resource-policy': 'same-origin', 'origin-agent-cluster': '?1', 'referrer-policy': 'no-referrer', 'strict-transport-security': 'max-age=31536000; includeSubDomains', 'x-content-type-options': 'nosniff', 'x-dns-prefetch-control': 'off', 'x-download-options': 'noopen', 'x-frame-options': 'SAMEORIGIN', 'x-permitted-cross-domain-policies': 'none', 'x-xss-protection': '0', 'access-control-allow-headers': 'Origin, Content-Type, Accept, apiUser, apiKey', 'etag': 'W/"ad-PNTWlDvaeB7/rak1CDxuQQRFefM"', 'content-encoding': 'gzip', 'x-cloud-trace-context': 'd919c677b6351246378053e97000c079;o=1', 'date': 'Tue, 10 Feb 2026 11:18:39 GMT', 'server': 'Google Frontend', 'Transfer-Encoding': 'chunked'}
INFO 2026-02-10 11:18:39,397 payment_service 1597108 124784360810176 Response data: {
  "message": "Request successful",
  "link": "https://checkout.fapshi.com/test/payment/698b140f1dff9792ed98da5f",
  "transId": "ikQHeDLXnH",
  "dateInitiated": "2026-02-10T11:18:39.156Z"
}
INFO 2026-02-10 11:19:11,809 payment_service 1597108 124784360810176 FapshiPaymentService initialized:
INFO 2026-02-10 11:19:11,810 payment_service 1597108 124784360810176   Base URL: https://sandbox.fapshi.com
INFO 2026-02-10 11:19:11,810 payment_service 1597108 124784360810176   API User: 25917560-52cc-49f2-9f4e-59661b816b12
INFO 2026-02-10 11:19:11,811 payment_service 1597108 124784360810176   API Key set: Yes
INFO 2026-02-10 11:19:11,811 views 1597108 124784360810176 Processing webhook for transaction: ikQHeDLXnH
INFO 2026-02-10 11:19:14,720 views 1597108 124784360810176 Found existing order 59 for payment 77
INFO 2026-02-10 11:19:14,881 views 1597108 124784360810176 Updated order 59 status to processing
INFO 2026-02-10 11:19:15,044 views 1597108 124784360810176 Payment 77 marked as paid for order 59
INFO 2026-02-10 11:21:43,686 views 1597108 124784369202880 Optimized checkout initiated by user buyertwo@gmail.com
INFO 2026-02-10 11:21:44,702 views 1597108 124784369202880 Created OrderItem for product Learn Python the Easy Way, quantity 1
INFO 2026-02-10 11:21:45,029 views 1597108 124784369202880 Created OrderItem for product Electric Toothbrush, quantity 1
INFO 2026-02-10 11:21:45,194 views 1597108 124784369202880 Created pending order 60 with 2 items
INFO 2026-02-10 11:21:45,377 payment_service 1597108 124784369202880 FapshiPaymentService initialized:
INFO 2026-02-10 11:21:45,378 payment_service 1597108 124784369202880   Base URL: https://sandbox.fapshi.com
INFO 2026-02-10 11:21:45,378 payment_service 1597108 124784369202880   API User: 25917560-52cc-49f2-9f4e-59661b816b12
INFO 2026-02-10 11:21:45,378 payment_service 1597108 124784369202880   API Key set: Yes
INFO 2026-02-10 11:21:45,378 payment_service 1597108 124784369202880 Initiating payment link request:
INFO 2026-02-10 11:21:45,378 payment_service 1597108 124784369202880   URL: https://sandbox.fapshi.com/initiate-pay
INFO 2026-02-10 11:21:45,378 payment_service 1597108 124784369202880   Payload: {
  "amount": 44000,
  "email": "buyertwo@gmail.com",
  "userId": "64",
  "externalId": "60",
  "message": "Payment for order 60",
  "phone": "+237651185719"
}
INFO 2026-02-10 11:21:45,378 payment_service 1597108 124784369202880   Headers: {'Content-Type': 'application/json', 'apikey': 'FAK_TEST_a0fcb2cb788bad459442', 'apiuser': '25917560-52cc-49f2-9f4e-59661b816b12'}
INFO 2026-02-10 11:21:46,438 payment_service 1597108 124784369202880 Response status code: 200
INFO 2026-02-10 11:21:46,440 payment_service 1597108 124784369202880 Response headers: {'content-type': 'application/json; charset=utf-8', 'vary': 'Accept-Encoding', 'access-control-allow-origin': '*', 'content-security-policy': "default-src 'self';base-uri 'self';font-src 'self' https: data:;form-action 'self';frame-ancestors 'self';img-src 'self' data:;object-src 'none';script-src 'self';script-src-attr 'none';style-src 'self' https: 'unsafe-inline';upgrade-insecure-requests", 'cross-origin-opener-policy': 'same-origin', 'cross-origin-resource-policy': 'same-origin', 'origin-agent-cluster': '?1', 'referrer-policy': 'no-referrer', 'strict-transport-security': 'max-age=31536000; includeSubDomains', 'x-content-type-options': 'nosniff', 'x-dns-prefetch-control': 'off', 'x-download-options': 'noopen', 'x-frame-options': 'SAMEORIGIN', 'x-permitted-cross-domain-policies': 'none', 'x-xss-protection': '0', 'access-control-allow-headers': 'Origin, Content-Type, Accept, apiUser, apiKey', 'etag': 'W/"ad-yn8tX7uoCEkgolErroJBrEARbQg"', 'content-encoding': 'gzip', 'x-cloud-trace-context': '2b9709e420389457b394739969c8bfa8;o=1', 'date': 'Tue, 10 Feb 2026 11:21:46 GMT', 'server': 'Google Frontend', 'Transfer-Encoding': 'chunked'}
INFO 2026-02-10 11:21:46,441 payment_service 1597108 124784369202880 Response data: {
  "message": "Request successful",
  "link": "https://checkout.fapshi.com/test/payment/698b14ca1dff9792ed98da69",
  "transId": "PGcI4qJy7T",
  "dateInitiated": "2026-02-10T11:21:46.183Z"
}
INFO 2026-02-10 11:22:01,937 payment_service 1597108 124784369202880 FapshiPaymentService initialized:
INFO 2026-02-10 11:22:01,942 payment_service 1597108 124784369202880   Base URL: https://sandbox.fapshi.com
INFO 2026-02-10 11:22:01,944 payment_service 1597108 124784369202880   API User: 25917560-52cc-49f2-9f4e-59661b816b12
INFO 2026-02-10 11:22:01,944 payment_service 1597108 124784369202880   API Key set: Yes
INFO 2026-02-10 11:22:01,944 views 1597108 124784369202880 Processing webhook for transaction: PGcI4qJy7T
INFO 2026-02-10 11:29:19,468 views 1597108 124784335632064 Optimized checkout initiated by user buyertwo@gmail.com
INFO 2026-02-10 11:29:20,482 views 1597108 124784335632064 Created OrderItem for product Android Smartphone (128GB), quantity 1
INFO 2026-02-10 11:29:20,835 views 1597108 124784335632064 Created OrderItem for product Smart Watch Series X, quantity 1
INFO 2026-02-10 11:29:21,000 views 1597108 124784335632064 Created pending order 61 with 2 items
INFO 2026-02-10 11:29:21,166 payment_service 1597108 124784335632064 FapshiPaymentService initialized:
INFO 2026-02-10 11:29:21,167 payment_service 1597108 124784335632064   Base URL: https://sandbox.fapshi.com
INFO 2026-02-10 11:29:21,167 payment_service 1597108 124784335632064   API User: 25917560-52cc-49f2-9f4e-59661b816b12
INFO 2026-02-10 11:29:21,167 payment_service 1597108 124784335632064   API Key set: Yes
INFO 2026-02-10 11:29:21,167 payment_service 1597108 124784335632064 Initiating payment link request:
INFO 2026-02-10 11:29:21,167 payment_service 1597108 124784335632064   URL: https://sandbox.fapshi.com/initiate-pay
INFO 2026-02-10 11:29:21,167 payment_service 1597108 124784335632064   Payload: {
  "amount": 78900,
  "email": "buyertwo@gmail.com",
  "userId": "64",
  "externalId": "61",
  "message": "Payment for order 61",
  "phone": "+237651185719"
}
INFO 2026-02-10 11:29:21,167 payment_service 1597108 124784335632064   Headers: {'Content-Type': 'application/json', 'apikey': 'FAK_TEST_a0fcb2cb788bad459442', 'apiuser': '25917560-52cc-49f2-9f4e-59661b816b12'}
INFO 2026-02-10 11:29:22,368 payment_service 1597108 124784335632064 Response status code: 200
INFO 2026-02-10 11:29:22,368 payment_service 1597108 124784335632064 Response headers: {'content-type': 'application/json; charset=utf-8', 'vary': 'Accept-Encoding', 'access-control-allow-origin': '*', 'content-security-policy': "default-src 'self';base-uri 'self';font-src 'self' https: data:;form-action 'self';frame-ancestors 'self';img-src 'self' data:;object-src 'none';script-src 'self';script-src-attr 'none';style-src 'self' https: 'unsafe-inline';upgrade-insecure-requests", 'cross-origin-opener-policy': 'same-origin', 'cross-origin-resource-policy': 'same-origin', 'origin-agent-cluster': '?1', 'referrer-policy': 'no-referrer', 'strict-transport-security': 'max-age=31536000; includeSubDomains', 'x-content-type-options': 'nosniff', 'x-dns-prefetch-control': 'off', 'x-download-options': 'noopen', 'x-frame-options': 'SAMEORIGIN', 'x-permitted-cross-domain-policies': 'none', 'x-xss-protection': '0', 'access-control-allow-headers': 'Origin, Content-Type, Accept, apiUser, apiKey', 'etag': 'W/"ad-aVevbGUX+kCIkSET3KYHrcNjqgI"', 'content-encoding': 'gzip', 'x-cloud-trace-context': 'c4e13ce49aa720a0adbea4014bf8045a;o=1', 'date': 'Tue, 10 Feb 2026 11:29:22 GMT', 'server': 'Google Frontend', 'Transfer-Encoding': 'chunked'}
INFO 2026-02-10 11:29:22,369 payment_service 1597108 124784335632064 Response data: {
  "message": "Request successful",
  "link": "https://checkout.fapshi.com/test/payment/698b16921dff9792ed98da72",
  "transId": "FcjfNPGwIZ",
  "dateInitiated": "2026-02-10T11:29:22.127Z"
}
INFO 2026-02-10 11:29:38,998 payment_service 1597108 124784335632064 FapshiPaymentService initialized:
INFO 2026-02-10 11:29:38,999 payment_service 1597108 124784335632064   Base URL: https://sandbox.fapshi.com
INFO 2026-02-10 11:29:38,999 payment_service 1597108 124784335632064   API User: 25917560-52cc-49f2-9f4e-59661b816b12
INFO 2026-02-10 11:29:38,999 payment_service 1597108 124784335632064   API Key set: Yes
INFO 2026-02-10 11:29:38,999 views 1597108 124784335632064 Processing webhook for transaction: FcjfNPGwIZ
INFO 2026-02-10 11:29:42,548 views 1597108 124784335632064 Found existing order 61 for payment 79
INFO 2026-02-10 11:29:42,733 views 1597108 124784335632064 Updated order 61 status to processing
INFO 2026-02-10 11:29:42,923 views 1597108 124784335632064 Payment 79 marked as paid for order 61
INFO 2026-02-10 11:31:09,381 views 1597108 124784335632064 Optimized checkout initiated by user buyertwo@gmail.com
INFO 2026-02-10 11:31:10,477 views 1597108 124784335632064 Created OrderItem for product Microwave Oven, quantity 1
INFO 2026-02-10 11:31:10,898 views 1597108 124784335632064 Created OrderItem for product Face Moisturizing Cream, quantity 1
INFO 2026-02-10 11:31:11,101 views 1597108 124784335632064 Created pending order 62 with 2 items
INFO 2026-02-10 11:31:11,291 payment_service 1597108 124784335632064 FapshiPaymentService initialized:
INFO 2026-02-10 11:31:11,291 payment_service 1597108 124784335632064   Base URL: https://sandbox.fapshi.com
INFO 2026-02-10 11:31:11,292 payment_service 1597108 124784335632064   API User: 25917560-52cc-49f2-9f4e-59661b816b12
INFO 2026-02-10 11:31:11,292 payment_service 1597108 124784335632064   API Key set: Yes
INFO 2026-02-10 11:31:11,292 payment_service 1597108 124784335632064 Initiating payment link request:
INFO 2026-02-10 11:31:11,292 payment_service 1597108 124784335632064   URL: https://sandbox.fapshi.com/initiate-pay
INFO 2026-02-10 11:31:11,292 payment_service 1597108 124784335632064   Payload: {
  "amount": 96000,
  "email": "buyertwo@gmail.com",
  "userId": "64",
  "externalId": "62",
  "message": "Payment for order 62",
  "phone": "+237651185719"
}
INFO 2026-02-10 11:31:11,292 payment_service 1597108 124784335632064   Headers: {'Content-Type': 'application/json', 'apikey': 'FAK_TEST_a0fcb2cb788bad459442', 'apiuser': '25917560-52cc-49f2-9f4e-59661b816b12'}
INFO 2026-02-10 11:31:12,339 payment_service 1597108 124784335632064 Response status code: 200
INFO 2026-02-10 11:31:12,340 payment_service 1597108 124784335632064 Response headers: {'content-type': 'application/json; charset=utf-8', 'vary': 'Accept-Encoding', 'access-control-allow-origin': '*', 'content-security-policy': "default-src 'self';base-uri 'self';font-src 'self' https: data:;form-action 'self';frame-ancestors 'self';img-src 'self' data:;object-src 'none';script-src 'self';script-src-attr 'none';style-src 'self' https: 'unsafe-inline';upgrade-insecure-requests", 'cross-origin-opener-policy': 'same-origin', 'cross-origin-resource-policy': 'same-origin', 'origin-agent-cluster': '?1', 'referrer-policy': 'no-referrer', 'strict-transport-security': 'max-age=31536000; includeSubDomains', 'x-content-type-options': 'nosniff', 'x-dns-prefetch-control': 'off', 'x-download-options': 'noopen', 'x-frame-options': 'SAMEORIGIN', 'x-permitted-cross-domain-policies': 'none', 'x-xss-protection': '0', 'access-control-allow-headers': 'Origin, Content-Type, Accept, apiUser, apiKey', 'etag': 'W/"ad-UUI/T/2l3qBlGltmLcZSaZ5H22I"', 'content-encoding': 'gzip', 'x-cloud-trace-context': 'ca1e4155f8e9068d93cbce2a40642d24', 'date': 'Tue, 10 Feb 2026 11:31:12 GMT', 'server': 'Google Frontend', 'Transfer-Encoding': 'chunked'}
INFO 2026-02-10 11:31:12,341 payment_service 1597108 124784335632064 Response data: {
  "message": "Request successful",
  "link": "https://checkout.fapshi.com/test/payment/698b17001dff9792ed98da7f",
  "transId": "TnGCfDT61W",
  "dateInitiated": "2026-02-10T11:31:12.098Z"
}
INFO 2026-02-10 11:32:50,493 autoreload 1597108 124784538984576 /home/joseph/apps/E_COMMERCE/api/views.py changed, reloading.
INFO 2026-02-10 11:32:51,916 autoreload 1602365 135960593449088 Watching for file changes with StatReloader
